date,ticker,open,high,low,close,volume,ma5,ma20,ma60,rsi14,macd,macd_signal,macd_hist,bb_upper,bb_mid,bb_lower,bb_width,atr14,vol_ma20,vol_ratio,close_ma5_ratio,close_ma20_ratio,close_ma60_ratio,ma5_ma20_ratio,ret_1d,ret_3d,ret_5d,next_ret,label
2026-05-18,005930,269500.0,288500.0,262000.0,281000.0,33555214.0,282100.0,246925.0,211318.33333333334,65.32092030863487,21298.849600402813,18458.998630328966,2839.850970073847,304936.44283673685,246925.0,188913.55716326315,0.46987095544587915,16163.460960297412,29189131.5,1.1495790479411832,-0.0038993264799715988,0.1379973676217474,0.32974737954586675,0.1424521615875265,0.038817005545286554,-0.010563380281690127,-0.015761821366024553,-0.019572953736654797,0
2026-05-19,005930,274000.0,281500.0,266000.0,275500.0,30767569.0,281400.0,249900.0,212743.33333333334,62.47687255346483,20446.59995159172,18856.518894581517,1590.081057010204,307362.68354332214,249900.0,192437.31645667786,0.4598854225155834,16116.070891704741,29823543.85,1.031653687930182,-0.020966595593461257,0.10244097639055627,0.29498770035880484,0.12605042016806722,-0.019572953736654797,-0.0692567567567568,-0.012544802867383464,0.001814882032667775,1
2026-05-20,005930,278000.0,282500.0,263500.0,276000.0,35662077.0,279800.0,252975.0,214175.0,62.63614047715507,19585.759344100516,19002.366984485318,583.3923596151981,309097.61130774283,252975.0,196852.38869225714,0.4437008503428627,16322.065828011546,30751260.65,1.1596947977480723,-0.013581129378127277,0.09101689890305376,0.28866581066884556,0.10603814606186379,0.001814882032667775,0.020332717190388205,-0.028169014084507005,0.08514492753623193,2
2026-05-21,005930,291000.0,299500.0,287000.0,299500.0,36168689.0,280500.0,257000.0,215950.0,69.24376056054537,20562.755912657536,19314.44477011976,1248.3111425377756,314332.36433289654,257000.0,199667.6356671035,0.44616625939997295,16834.775411725008,31722088.5,1.1401736364237178,0.06773618538324411,0.16536964980544755,0.38689511460986337,0.0914396887159532,0.08514492753623193,0.06583629893238441,0.011824324324324342,-0.023372287145242088,0
2026-05-22,005930,300000.0,300500.0,292000.0,292500.0,18395274.0,284900.0,260750.0,217491.66666666666,65.526482484235,20535.471105542267,19558.650037204265,976.8210683380021,317059.4130674436,260750.0,204440.58693255644,0.43190345593437063,16239.434310887507,31800678.2,0.5784553991052933,0.026676026676026643,0.12176414189837015,0.34487911414230443,0.09261744966442964,-0.023372287145242088,0.061705989110707904,0.0813308687615526,0.022222222222222143,2
2026-05-26,005930,298000.0,302000.0,297500.0,299000.0,23441371.0,288500.0,264475.0,219083.33333333334,67.28286716938834,20798.590175687947,19806.638064901003,991.9521107869441,320555.7230695181,264475.0,208394.27693048186,0.4240909202723745,15758.046145824115,31246472.5,0.7502085555417496,0.03639514731369142,0.130541639096323,0.36477748193229353,0.09084034407789021,0.022222222222222143,0.08333333333333326,0.06405693950177938,0.026755852842809347,2
2026-05-27,005930,321500.0,323000.0,306000.0,307000.0,33916688.0,294800.0,268850.0,220566.66666666666,69.35248707672261,21405.89326283132,20126.489104487067,1279.4041583442522,323855.54517500923,268850.0,213844.45482499077,0.4091913347592281,16346.757135408106,31960973.6,1.0611907016499647,0.041383989145183264,0.14190068811604983,0.3918694272328851,0.09652222428863677,0.026755852842809347,0.025041736227044975,0.11433756805807627,0.0,1
2026-05-18,000660,1780000.0,1897000.0,1731000.0,1840000.0,6481608.0,1888000.0,1503350.0,1143800.0,72.5920532057606,221946.13512317976,189346.53534494148,32599.599778238276,2089903.075177345,1503350.0,916796.9248226552,0.7803280342932051,111316.31596462466,5119696.7,1.2660140589968933,-0.025423728813559365,0.22393321581800651,0.608672844902955,0.25586190840456324,0.011544804837823053,-0.06882591093117407,-0.021276595744680882,-0.05163043478260865,0
2026-05-19,000660,1791000.0,1823000.0,1740000.0,1745000.0,4575855.0,1870000.0,1534200.0,1157983.3333333333,64.9596265587609,208437.22438955074,193164.67315386335,15272.551235687395,2103180.702660468,1534200.0,965219.297339532,0.7417295041852013,110508.00768143719,5169577.7,0.885150638126592,-0.0668449197860963,0.13740059966106122,0.5069301515565856,0.21887628731586495,-0.05163043478260865,-0.1142131979695431,-0.049046321525885506,0.0,1
2026-05-20,000660,1743000.0,1778000.0,1690000.0,1745000.0,5535123.0,1823800.0,1563150.0,1171250.0,64.9596265587609,195477.9669841202,193627.33191991475,1850.6350642054458,2112840.558405363,1563150.0,1013459.4415946369,0.7033113372425718,108900.29284704883,5258933.15,1.052518227960361,-0.04320649193990567,0.11633560438857438,0.4898612593383138,0.16674663340050544,0.0,-0.040681693238042826,-0.1169028340080972,0.11174785100286533,2
2026-05-21,000660,1801000.0,1954000.0,1796000.0,1940000.0,5096690.0,1817800.0,1598950.0,1187733.3333333333,71.97433801484986,198652.58905127132,194632.38334618608,4020.2057050852454,2148887.9874131265,1598950.0,1049012.0125868735,0.6878739015142769,116050.27192940249,5337919.65,0.9548083025191283,0.06722411706458353,0.21329622564808148,0.633363268971711,0.13687107164076417,0.11174785100286533,0.05434782608695654,-0.015228426395939132,0.0005154639175257714,1
2026-05-22,000660,1942000.0,1952000.0,1912000.0,1941000.0,3135190.0,1842200.0,1634850.0,1203333.3333333333,72.00528847812126,198955.75347366882,195497.05737168263,3458.696101986192,2175598.1021695775,1634850.0,1094101.8978304225,0.6615262588856194,110618.10964873087,5349933.2,0.5860241395163588,0.053631527521441846,0.18726488668685204,0.6130193905817176,0.12683120775606316,0.0005154639175257714,0.11232091690544421,0.0670698185816383,0.057187017001545604,2
2026-05-26,000660,2008000.0,2087000.0,2006000.0,2052000.0,4903591.0,1884600.0,1676200.0,1220566.6666666667,75.26998831810396,205780.6742778418,197553.7807529145,8226.89352492732,2211715.3032360515,1676200.0,1140684.6967639485,0.6389634927049892,113145.38753096438,5327919.2,0.9203576135313764,0.08882521489971351,0.22419758978642168,0.6811863342163476,0.12432883904068737,0.057187017001545604,0.1759312320916906,0.11521739130434772,0.09307992202729043,2
2026-05-27,000660,2279000.0,2358000.0,2200000.0,2243000.0,7545783.0,1984200.0,1727250.0,1239633.3333333333,79.66455462551605,224019.22277936945,202846.8691582055,21172.35362116396,2274374.437399756,1727250.0,1180125.5626002436,0.6335208422634317,126920.71699303834,5548815.5,1.3598907730848142,0.13043040016127416,0.29859603415834424,0.8094060071526528,0.14876248371689105,0.09307992202729043,0.15618556701030917,0.2853868194842406,0.0,1
2026-02-04,051910,305500.0,319000.0,305500.0,318000.0,351475.0,314900.0,331475.0,355575.0,43.656037283686,-7944.837814463943,-5487.702030854143,-2457.1357836097995,365022.6899353741,331475.0,297927.3100646259,0.2024146010128913,16428.352266622114,399534.8,0.8797106034317912,0.009844395046046284,-0.040651632853156316,-0.10567390845813118,-0.05000377102345577,0.03752039151712894,0.024154589371980784,-0.10169491525423724,-0.018867924528301883,0
2026-02-05,051910,315500.0,320000.0,307500.0,312000.0,310333.0,308700.0,331325.0,354158.3333333333,41.769576483306565,-8503.877243330353,-6090.937073349385,-2412.9401699809678,365191.3180756338,331325.0,297458.6819243662,0.20442959677436826,16147.755676149105,394221.5,0.7872046552509185,0.010689990281826933,-0.058326416660378744,-0.11903809501400031,-0.06828642571493249,-0.018867924528301883,0.05227655986509272,-0.09037900874635574,-0.02564102564102566,0
2026-02-06,051910,303500.0,305500.0,297000.0,304000.0,266373.0,307400.0,330900.0,352566.6666666667,39.3292784374533,-9483.137454056705,-6769.37714949085,-2713.760304565855,365895.14252006984,330900.0,295904.85747993016,0.21151491399256478,16065.773127852739,393513.65,0.6769091745610348,-0.011060507482107962,-0.08129344212753098,-0.13775172544199688,-0.07101843457237833,-0.02564102564102566,-0.00815660685154973,-0.020933977455716568,0.021381578947368363,2
2026-02-09,051910,313000.0,315000.0,305000.0,310500.0,259118.0,310200.0,330350.0,351183.3333333333,42.27992854587075,-9623.775653867342,-7340.256850366149,-2283.5188035011934,366252.7854072633,330350.0,294447.2145927367,0.21736210326782698,15703.932190148973,389363.65,0.6654909876666709,0.0009671179883945502,-0.06008778568185258,-0.11584642399506428,-0.06099591342515509,0.021381578947368363,-0.02358490566037741,0.04721753794266448,0.033816425120772875,2
2026-02-10,051910,312000.0,324500.0,310500.0,321000.0,413203.0,313100.0,329275.0,349541.6666666667,46.78243341674157,-8786.682783019554,-7629.542036896831,-1157.1407461227236,364944.9803756604,329275.0,293605.0196243396,0.21665768962514864,15582.222747995474,386926.55,1.067910692610781,0.025231555413605777,-0.025130969554323923,-0.08165454762188584,-0.049123073418874785,0.033816425120772875,0.028846153846153744,0.047308319738988525,0.004672897196261738,1
2026-02-11,051910,324000.0,327000.0,318000.0,322500.0,393723.0,314000.0,328875.0,348125.0,47.41351874876065,-7911.049533403537,-7685.843536198173,-225.20599720536393,364660.29726018774,328875.0,293089.70273981226,0.21762248428848494,15112.063980281511,394379.85,0.9983344737313532,0.027070063694267565,-0.019384264538198415,-0.07360861759425497,-0.0452299505891296,0.004672897196261738,0.06085526315789469,0.014150943396226356,0.04341085271317824,2
2026-02-12,051910,325500.0,340000.0,324000.0,336500.0,576686.0,318900.0,328900.0,347033.3333333333,53.01397304596187,-6018.04855967703,-7352.284540893945,1334.2359812169143,364705.8654412933,328900.0,293094.1345587067,0.21773101514924464,15282.630838832833,409677.85,1.4076572604547697,0.05518971464408895,0.023107327455153648,-0.030352511766400858,-0.030404378230465157,0.04341085271317824,0.08373590982286627,0.07852564102564097,-0.03566121842496284,0
2026-02-13,051910,331000.0,336000.0,324000.0,324500.0,386073.0,323000.0,328450.0,345975.0,48.268785208138205,-5423.61134596332,-6966.54990190782,1542.9385559445,364239.5236067763,328450.0,292660.4763932237,0.21792981340707152,15083.871493201916,417004.1,0.9258254295341461,0.004643962848297267,-0.012026183589587403,-0.062070958884312466,-0.016593088750190277,-0.03566121842496284,0.010903426791277315,0.06743421052631571,0.03081664098613257,2
2026-02-19,051910,326500.0,336500.0,326000.0,334500.0,383082.0,327800.0,328300.0,345041.6666666667,52.1152660344536,-4098.355849794869,-6392.91109148523,2294.555241690361,363961.46379497065,328300.0,292638.53620502935,0.2172492463903177,14863.594957973208,421663.4,0.9085018998566154,0.020439292251372754,0.018885166006701093,-0.030551865716700988,-0.0015229972586049412,0.03081664098613257,0.037209302325581506,0.07729468599033806,0.007473841554558991,1
2026-02-20,051910,333500.0,341500.0,331500.0,337000.0,236523.0,331000.0,328200.0,344183.3333333333,53.05504244119855,-2813.9151522293687,-5677.111903634058,2863.196751404689,363751.9338433228,328200.0,292648.0661566772,0.21664798198246676,14516.19531811798,420101.5,0.5630139382982446,0.01812688821752273,0.026812918951858666,-0.020870660016464093,0.008531383302864182,0.007473841554558991,0.0014858841010401136,0.049844236760124616,-0.013353115727002929,0
2026-02-23,051910,339000.0,340000.0,332000.0,332500.0,232539.0,333000.0,328275.0,343608.3333333333,51.11059769343999,-2134.493920208188,-4968.588306948884,2834.094386740696,363856.56123612344,328275.0,292693.43876387656,0.21677898856826402,14050.752795395267,421112.85,0.5522011498817954,-0.0015015015015015232,0.012870306907318607,-0.03232847476535783,0.014393420150788261,-0.013353115727002929,0.024653312788905923,0.03100775193798455,0.0541353383458647,2
2026-02-24,051910,335000.0,351500.0,333500.0,350500.0,519344.0,335800.0,328275.0,343475.0,57.77661799333907,-141.96168520348147,-4003.2629825998038,3861.3012973963223,363856.56123612344,328275.0,292693.43876387656,0.21677898856826402,14404.270452867033,413856.0,1.2548905899636589,0.04377605717689104,0.06770238367222614,0.020452725817017292,0.022922854314218366,0.0541353383458647,0.04783258594917794,0.0416047548291234,0.10556348074179733,2
2026-02-25,051910,353000.0,401500.0,347500.0,387500.0,1099978.0,348400.0,329750.0,343883.3333333333,67.56619120218488,4372.323817266966,-2328.14562262645,6700.469439893416,371965.51847366086,329750.0,287534.48152633914,0.25604560105328805,17232.53684909082,441762.0,2.489978766847307,0.11222732491389209,0.17513267626990148,0.12683565162603605,0.05655799848369969,0.10556348074179733,0.14985163204747765,0.19414483821263473,0.006451612903225712,1
2026-02-26,051910,387500.0,393500.0,383000.0,390000.0,466977.0,359500.0,331775.0,343766.6666666667,68.10429482786074,8058.760335529863,-250.76443099518724,8309.52476652505,380904.90433534345,331775.0,282645.09566465655,0.29616399267782956,16751.641359870046,445108.45,1.0491308354177504,0.08484005563282326,0.17549544118755178,0.13449044894792972,0.0835656695049356,0.006451612903225712,0.1729323308270676,0.1659192825112108,0.07051282051282048,2
2026-02-27,051910,381000.0,424000.0,381000.0,417500.0,1146026.0,375600.0,335450.0,344133.3333333333,73.34332915494203,13048.888544020476,2409.1661640079456,10639.72238001253,397090.8144008497,335450.0,273809.1855991503,0.3675111903463985,18626.524119879326,486976.1,2.353351632657126,0.11155484558040474,0.24459681025488145,0.21319256102285933,0.11968996869876292,0.07051282051282048,0.1911554921540657,0.23887240356083095,-0.1353293413173653,0
2026-03-03,051910,402000.0,407000.0,360000.0,361000.0,956158.0,381300.0,335800.0,343916.6666666667,53.79329171214986,12302.705362136825,4387.874003633722,7914.831358503103,397935.6580394865,335800.0,273664.3419605135,0.3700753903483413,21403.200968459372,511949.35,1.8676808555377598,-0.05323891948596904,0.07504466944609889,0.049672885873515815,0.1354973198332341,-0.1353293413173653,-0.06838709677419352,0.08571428571428563,-0.14958448753462605,0
2026-03-04,051910,343000.0,347500.0,303000.0,307000.0,720462.0,372600.0,334000.0,342833.3333333333,42.21208583304618,7270.194830893073,4964.338169085593,2305.85666180748,397272.42685404123,334000.0,270727.57314595877,0.3788768075092289,24017.258042140846,526187.35,1.3692119356347128,-0.1760601180891036,-0.08083832335329344,-0.10452114730189588,0.11556886227544916,-0.14958448753462605,-0.21282051282051284,-0.12410841654778892,0.05700325732899025,2
2026-03-05,051910,334500.0,338500.0,321000.0,324500.0,550806.0,360000.0,334700.0,342050.0,46.25065746450206,4640.504872444028,4899.57150975728,-259.0666373132526,397222.31601596344,334700.0,272177.68398403656,0.3736021273735491,24551.739610559358,505566.35,1.0894831113660948,-0.0986111111111111,-0.030475052285628967,-0.05130828826195,0.07559008066925599,0.05700325732899025,-0.22275449101796407,-0.16258064516129034,0.006163328197226425,1
2026-03-06,051910,317500.0,328000.0,307500.0,326500.0,511510.0,347300.0,336200.0,341158.3333333333,46.70903255225541,2686.8673850843916,4457.030684822703,-1770.1632997383113,396380.06314386846,336200.0,276019.93685613154,0.3580015654007642,24262.329638376545,506494.15,1.0099030758795535,-0.05989058450906992,-0.028851873884592538,-0.04296636459122105,0.03301606186793582,0.006163328197226425,-0.09556786703601106,-0.1628205128205128,-0.08116385911179169,0
2026-03-09,051910,305000.0,310500.0,288000.0,300000.0,582831.0,323800.0,335875.0,339891.6666666667,41.64172646349188,-988.3399612525827,3367.956555607646,-4356.296516860229,396759.21388176084,335875.0,274990.78611823916,0.36254090886050366,25279.30609277822,518161.0,1.1248067685526313,-0.07350216182828906,-0.10681056940826206,-0.11736582734694878,-0.035950874581317405,-0.08116385911179169,-0.0228013029315961,-0.281437125748503,0.036666666666666625,2
2026-03-10,051910,320000.0,323000.0,305500.0,311000.0,279895.0,313800.0,335525.0,338716.6666666667,44.340977849394214,-2979.019905405352,2098.5612634050462,-5077.581168810399,396894.7604688172,335525.0,274155.2395311828,0.3658133401017343,25116.498514722633,514582.0,0.5439269154381614,-0.008922880815806278,-0.07309440429178149,-0.08182847020617046,-0.0647492735265629,0.036666666666666625,-0.04160246533127887,-0.13850415512465375,0.014469453376205754,2
2026-03-11,051910,321500.0,329500.0,312000.0,315500.0,217879.0,315500.0,335700.0,337533.3333333333,45.45250536484339,-4145.746130534739,849.6997846170892,-4995.445915151828,396819.88219883933,335700.0,274580.11780116067,0.3641339422033919,24643.89147795673,509959.3,0.42724782154183677,0.0,-0.06017277330950255,-0.06527750345644867,-0.06017277330950255,0.014469453376205754,-0.03369065849923425,0.027687296416938123,-0.030110935023771823,0
2026-03-12,051910,311000.0,313500.0,304000.0,306000.0,308065.0,311800.0,335800.0,336308.3333333333,43.47847110932654,-5770.437661555945,-474.3277046175176,-5296.109956938428,396718.3059514954,335800.0,274881.6940485046,0.3628249312179596,23705.042086674108,512043.9,0.6016378673781682,-0.018601667735728022,-0.08874329958308513,-0.09012067299353266,-0.07147111375818938,-0.030110935023771823,0.020000000000000018,-0.057010785824345156,-0.02777777777777779,0
2026-03-13,051910,295000.0,301500.0,294500.0,297500.0,273412.0,306000.0,335150.0,335000.0,41.73205922982866,-7655.646836440836,-1910.5915309821814,-5745.055305458654,397397.1686103071,335150.0,272902.8313896929,0.3714585624962381,22833.253366197383,512758.6,0.5332177753820219,-0.02777777777777779,-0.11233775921229305,-0.11194029850746268,-0.08697598090407277,-0.02777777777777779,-0.043408360128617374,-0.0888208269525268,-0.01848739495798324,0
2026-03-16,051910,296000.0,297500.0,288000.0,292000.0,325789.0,304400.0,333700.0,333775.0,40.595788444587846,-9484.165171904024,-3425.3062591665503,-6058.8589127374735,398496.9135067404,333700.0,268903.0864932596,0.3883542913199905,21880.878125754713,508387.9,0.6408276042761836,-0.04073587385019706,-0.12496254120467487,-0.12515916410755745,-0.08780341624213361,-0.01848739495798324,-0.0744849445324881,-0.026666666666666616,0.05308219178082196,2
2026-03-17,051910,300000.0,313500.0,300000.0,307500.0,256068.0,303700.0,332950.0,332708.3333333333,45.12998937654052,-9572.216116532974,-4654.688230639835,-4917.52788589314,398589.8507006224,332950.0,267310.1492993776,0.3942925406254538,21853.672545343663,501505.15,0.5105989439988802,0.012512347711557403,-0.0764379035891275,-0.07576706324358162,-0.08785102868298544,0.05308219178082196,0.004901960784313708,-0.0112540192926045,0.04065040650406515,2
2026-03-18,051910,314000.0,324000.0,312000.0,320000.0,278071.0,304600.0,332125.0,331891.6666666667,48.54118263688167,-8534.965818261844,-5430.743748164237,-3104.222070097607,397980.0491610173,332125.0,266269.9508389827,0.3965678534348049,21471.267363533403,486574.4,0.5714871148173846,0.050558108995403916,-0.03650733910425297,-0.03582996459688159,-0.08287542340986076,0.04065040650406515,0.07563025210084029,0.014263074484944571,-0.051562499999999956,0
2026-03-19,051910,308000.0,313000.0,303500.0,303500.0,207291.0,304100.0,331075.0,331050.0,44.59968153019892,-8941.280076673196,-6132.8510138660295,-2808.4290628071667,398043.10808138456,331075.0,264106.89191861544,0.4045494711553851,21116.176837566734,477635.3,0.43399430485979573,-0.0019730351857941697,-0.08328928490523291,-0.08322005739314298,-0.0814770067205316,-0.051562499999999956,0.03938356164383561,-0.008169934640522847,0.021416803953871577,2
2026-03-20,051910,310000.0,312500.0,306500.0,310000.0,214904.0,306600.0,329850.0,330150.0,46.44456502933169,-8639.204010452202,-6634.121613183264,-2005.0823972689377,397416.3377725921,329850.0,262283.6622274079,0.4096791740038932,20250.735634883396,469226.4,0.45799639576971796,0.01108936725375087,-0.060178869182962,-0.06103286384976525,-0.0704865848112779,0.021416803953871577,0.008130081300812941,0.04201680672268915,-0.06451612903225812,0
2026-03-23,051910,298000.0,299500.0,289000.0,290000.0,249892.0,306200.0,327500.0,329433.3333333333,41.82889839193616,-9899.523855886422,-7287.202061723897,-2612.3217941625253,397145.5310841981,327500.0,257854.4689158019,0.4253162203615151,20304.25451810601,469894.85,0.5318040834029145,-0.05290659699542788,-0.1145038167938931,-0.11970049580087017,-0.06503816793893125,-0.06451612903225812,-0.09375,-0.006849315068493178,0.08275862068965512,2
2026-03-24,051910,305000.0,315000.0,303000.0,314000.0,337381.0,307500.0,326575.0,329025.0,48.4495120373274,-8859.60893301142,-7601.683435981401,-1257.925497030018,396421.4566030375,326575.0,256728.54339696252,0.4277513992377707,20639.664909669864,475136.95,0.7100710647740615,0.021138211382113914,-0.03850570313098067,-0.045665223007370304,-0.05840924749291898,0.08275862068965512,0.034596375617792496,0.021138211382113914,0.01273885350318471,2
2026-03-25,051910,319500.0,323000.0,311500.0,318000.0,218075.0,307100.0,324950.0,328558.3333333333,49.481500477037805,-7624.8082506106,-7606.308398907241,-18.499851703359127,394002.0817933826,324950.0,255897.9182066174,0.42500127277047295,19986.831701836305,460073.5,0.474000349944085,0.03549332464995114,-0.021387905831666387,-0.03213533872726804,-0.054931527927373436,0.01273885350318471,0.02580645161290329,-0.006249999999999978,-0.012578616352201255,0
2026-03-26,051910,320000.0,326500.0,311000.0,314000.0,213175.0,309200.0,321275.0,328033.3333333333,48.437246395999374,-6889.567735902208,-7462.960266306235,573.3925304040267,384168.93849966786,321275.0,258381.06150033217,0.39152712473530676,19666.343723133712,415733.35,0.5127685811109453,0.015523932729624823,-0.02264415220605398,-0.04278020526369264,-0.03758462376468752,-0.012578616352201255,0.08275862068965512,0.034596375617792496,-0.0031847133757961776,1
2026-03-27,051910,304000.0,316500.0,298500.0,313000.0,239600.0,309800.0,317425.0,327483.3333333333,48.16358921041651,-6314.78308493807,-7233.324830032603,918.5417450945333,371880.73890785064,317425.0,262969.26109214936,0.3431093260319801,19547.319171481304,404364.5,0.5925347056925125,0.010329244673983107,-0.013940300858470533,-0.04422616927070078,-0.02402142238324012,-0.0031847133757961776,-0.0031847133757961776,0.00967741935483879,0.028753993610223683,2
2026-03-30,051910,299000.0,328500.0,297000.0,322000.0,387305.0,316200.0,312650.0,327250.0,50.854729468112204,-5074.541172246041,-6801.568098475291,1727.0269262292495,342237.328368746,312650.0,283062.671631254,0.18926805289458484,20401.08208780407,366428.45,1.0569730598156337,0.01834282099936746,0.02990564529026063,-0.016042780748663055,0.0113545498160883,0.028753993610223683,0.012578616352201255,0.1103448275862069,-0.0714285714285714,0
2026-03-31,051910,319000.0,321000.0,297500.0,299000.0,473765.0,313200.0,309550.0,326591.6666666667,44.49699861897388,-5879.7699737295625,-6617.208473526145,737.4384997965826,329716.5564735281,309550.0,289383.4435264719,0.13029595524812207,20693.861938675207,342308.8,1.3840281056169168,-0.045338441890166004,-0.034081731545792304,-0.08448368247811999,0.0117913099660798,-0.0714285714285714,-0.047770700636942665,-0.047770700636942665,0.045150501672240884,2
2026-04-01,051910,314500.0,315500.0,302500.0,312500.0,322039.0,312100.0,309825.0,326250.0,48.56186799797487,-5366.71823729953,-6367.110426280822,1000.3921889812918,329994.9652949627,309825.0,289655.0347050373,0.13020230965843743,20394.300371626978,322387.65,0.9989185379774937,0.001281640499839698,0.00863390623739213,-0.04214559386973182,0.007342854837408153,0.045150501672240884,-0.0015974440894568342,-0.01729559748427678,-0.03359999999999996,0
2026-04-02,051910,316000.0,326500.0,298000.0,302000.0,438492.0,309700.0,308700.0,325908.3333333333,45.75507970773308,-5741.202281551843,-6241.928797335027,500.72651578318437,327959.80269888556,308700.0,289440.19730111444,0.12478006283696505,20973.278916510764,316771.95,1.384251351800562,-0.02486277042299001,-0.021703919663103366,-0.07335907335907332,0.0032393909944929966,-0.03359999999999996,-0.06211180124223603,-0.03821656050955413,0.008278145695364225,1
2026-04-03,051910,309500.0,311500.0,299500.0,304500.0,241336.0,308000.0,307600.0,325483.3333333333,46.54725209699181,-5769.744455463951,-6147.491928960812,377.74747349686095,325100.28571195336,307600.0,290099.71428804664,0.1137859929255745,20332.33042247428,303263.25,0.7957970509120377,-0.011363636363636354,-0.01007802340702213,-0.06446822673972041,0.0013003901170351995,0.008278145695364225,0.018394648829431537,-0.027156549520766737,0.0410509031198687,2
2026-04-06,051910,303500.0,320500.0,303500.0,317000.0,299795.0,307000.0,308450.0,325291.6666666667,50.44407692559179,-4729.20348681428,-5863.834240531506,1134.630753717226,326042.327873252,308450.0,290857.672126748,0.11406923568326784,20094.306820868973,289111.45,1.036953050458569,0.032573289902280145,0.027719241368131087,-0.025489944921224583,-0.004700923974712223,0.0410509031198687,0.014399999999999968,-0.01552795031055898,0.020504731861198833,2
2026-04-07,051910,316500.0,331000.0,315000.0,323500.0,313215.0,311900.0,309075.0,325358.3333333333,52.38785475420942,-3341.552260814584,-5359.377844588122,2017.8255837735378,327834.73080830317,309075.0,290315.26919169683,0.12139274162130982,19801.856333664044,290777.45,1.077163996038895,0.03719140750240468,0.04667151985763973,-0.0057116512563071264,0.009140176332605332,0.020504731861198833,0.07119205298013243,0.08193979933110374,0.06491499227202469,2
2026-04-08,051910,342000.0,346500.0,331000.0,344500.0,374125.0,318300.0,310525.0,325850.0,58.10528547511879,-541.0670864750282,-4395.715692965503,3854.648606490475,334737.5483995386,310525.0,286312.4516004614,0.15594588776773927,20030.295166973756,298589.75,1.25297335223329,0.08231228400879664,0.10941148055712091,0.05723492404480579,0.025038241687464824,0.06491499227202469,0.1313628899835797,0.10240000000000005,0.030478955007256836,2
2026-04-09,051910,353500.0,367000.0,348500.0,355000.0,717366.0,328900.0,312975.0,326558.3333333333,60.64968916152856,2496.818073893315,-3017.208939593739,5514.027013487054,343857.80265778996,312975.0,282092.19734221004,0.19734996506296004,20206.702655047062,319054.8,2.2484099910109485,0.07935542718151423,0.13427590063104078,0.08709521014622212,0.05088265835929384,0.030478955007256836,0.11987381703470024,0.17549668874172175,0.0028169014084507005,1
2026-04-10,051910,359500.0,362500.0,351500.0,356000.0,283205.0,339200.0,315900.0,327133.3333333333,60.89328702719976,4928.245842570555,-1428.1179831608804,6356.363825731436,351140.0340521969,315900.0,280659.9659478031,0.2231087942525919,19549.081036829415,319544.45,0.8862773238590124,0.04952830188679247,0.12693890471668245,0.0882412879559813,0.07375751820196275,0.0028169014084507005,0.10046367851622873,0.1691297208538587,-0.0449438202247191,0
2026-04-13,051910,344000.0,345000.0,336000.0,340000.0,264626.0,343800.0,318300.0,327091.6666666667,55.02403922979786,5500.694996462204,-42.355387236263596,5543.050383698467,353239.08985649166,318300.0,283360.91014350834,0.21953559444858095,19581.289534198742,316486.3,0.8361372988341044,-0.01105293775450844,0.06817467797675159,0.03946396270158714,0.08011310084825629,-0.0449438202247191,-0.013062409288824406,0.0725552050473186,0.004411764705882337,1
2026-04-14,051910,346000.0,350500.0,340500.0,341500.0,164618.0,347400.0,320000.0,327275.0,55.45749384963155,6006.167182599951,1167.3491267309794,4838.818055868972,355965.26101670886,320000.0,284034.73898329114,0.22478288135443036,18932.62599604169,311913.8,0.5277676075890199,-0.0169833045480714,0.06718749999999996,0.04346497593766707,0.08562500000000006,0.004411764705882337,-0.038028169014084456,0.0556414219474497,0.03660322108345526,2
2026-04-15,051910,349500.0,363000.0,348000.0,354000.0,322452.0,349300.0,321700.0,327575.0,59.00330401944109,7330.897047151171,2400.0587108150175,4930.838336336154,360599.1002466638,321700.0,282800.8997533362,0.24183463006940495,19116.009853467283,314132.85,1.026482903650478,0.013455482393358142,0.10040410320174065,0.080668549187209,0.08579421821572897,0.03660322108345526,-0.005617977528089901,0.027576197387518153,0.009887005649717562,1
2026-04-16,051910,360500.0,365000.0,351500.0,357500.0,218360.0,349800.0,324400.0,327975.0,59.9643203180233,8564.450108584191,3632.9369903688525,4931.513118215338,365315.27831996256,324400.0,283484.72168003744,0.25225202416746334,18714.866292505332,314686.3,0.6938973828857501,0.022012578616352307,0.10203452527743528,0.09002210534339516,0.07829839704069053,0.009887005649717562,0.05147058823529416,0.007042253521126751,0.006993006993007089,1
2026-04-17,051910,357500.0,362000.0,352500.0,360000.0,188824.0,350600.0,326900.0,328350.0,60.673447960425634,9632.738688241516,4832.897329943386,4799.84135829813,370040.00463606836,326900.0,283759.99536393164,0.2639339531114614,18056.66155732638,313382.3,0.6025356250177499,0.02681118083285794,0.10125420617925962,0.09639104613978988,0.07249923524013457,0.006993006993007089,0.05417276720351394,0.011235955056179803,0.015277777777777724,2
2026-04-20,051910,360000.0,374000.0,359000.0,365500.0,239109.0,355700.0,330675.0,328791.6666666667,62.257310255486914,10798.688559047238,6026.055575764156,4772.632983283082,373450.314142622,330675.0,287899.685857378,0.2587151380819354,17838.328588945926,312843.15,0.7643095269945978,0.02755130728141686,0.10531488621758522,0.11164617919148401,0.07567853632720944,0.015277777777777724,0.03248587570621475,0.07499999999999996,0.06566347469220246,2
2026-04-21,051910,374000.0,390000.0,371000.0,389500.0,449161.0,365300.0,334450.0,329766.6666666667,68.26378801081802,13503.649984219286,7521.574457455183,5982.075526764103,383533.50028268155,334450.0,285366.49971731845,0.29351771734299026,18314.162261164074,318432.15,1.4105391054263836,0.06624692033944712,0.16459859470772908,0.18113817851005765,0.09224099267454022,0.06566347469220246,0.08951048951048945,0.14055636896046853,0.006418485237484006,1
2026-04-22,051910,390000.0,399500.0,385000.0,392000.0,344699.0,372900.0,338150.0,330458.3333333333,68.8204232435208,15668.464206400036,9150.952407244155,6517.511799155882,392580.78173239843,338150.0,283719.21826760157,0.3219327619837258,18041.722099652354,324763.35,1.0613851593783596,0.05122016626441406,0.1592488540588497,0.1862312444836718,0.10276504509832907,0.006418485237484006,0.0888888888888888,0.10734463276836159,-0.0012755102040816757,1
2026-04-23,051910,400500.0,403500.0,384500.0,391500.0,373795.0,379700.0,342025.0,331016.6666666667,68.56141709853017,17146.09968866245,10749.981863527813,6396.1178251346355,399949.4982714568,342025.0,284100.5017285432,0.33871499610529526,18110.170521105756,332794.35,1.1232011601158494,0.031077166183829386,0.14465316862802435,0.18271990332813037,0.1101527666106279,-0.0012755102040816757,0.07113543091655261,0.09510489510489517,0.0,1
2026-04-24,051910,390000.0,393500.0,378500.0,391500.0,309047.0,386000.0,345950.0,331716.6666666667,68.56141709853017,18108.394158370502,12221.664322496352,5886.72983587415,406072.2920388103,345950.0,285827.7079611897,0.3475779276705323,17888.015483883915,336266.7,0.9190532395863165,0.014248704663212486,0.13166642578407295,0.18022408682108226,0.11576817459170408,0.0,0.005134788189987249,0.08749999999999991,-0.03065134099616862,0
2026-04-27,051910,390000.0,390000.0,377000.0,379500.0,305442.0,388800.0,348825.0,332308.3333333333,62.06031057969482,17698.700148502132,13317.071487697507,4381.628660804625,409587.0564168133,348825.0,288062.9435831867,0.34838131680248424,17646.014377892207,332173.55,0.9195253505283609,-0.023919753086419804,0.08793807783272412,0.14201168593424796,0.11459901096538383,-0.03065134099616862,-0.03188775510204078,0.03830369357045149,0.03820816864295118,2
2026-04-28,051910,386000.0,403500.0,385000.0,394000.0,339216.0,389700.0,353575.0,332975.0,66.22749064303721,18332.71538124344,14320.200266406695,4012.515114836746,412849.1722843938,353575.0,294300.8277156062,0.33528486054949475,18099.870493757047,325446.1,1.0423108465580015,0.011034128817038802,0.11433217846284371,0.18327201741872523,0.10217068514459449,0.03820816864295118,0.0063856960408683605,0.011553273427471034,0.03426395939086291,2
2026-04-29,051910,397500.0,411500.0,395000.0,407500.0,414937.0,392800.0,358325.0,334050.0,69.57783232585848,19697.45420596964,15395.651054319285,4301.803151650354,418883.46348777355,358325.0,297766.53651222645,0.33800858710820375,18057.02260134583,330091.0,1.257038210675238,0.03742362525458254,0.13723574966859697,0.21987726388265227,0.09621153980325126,0.03426395939086291,0.040868454661558085,0.039540816326530503,-0.025766871165644134,0
2026-04-30,051910,407500.0,407500.0,392000.0,397000.0,283039.0,393900.0,363075.0,335491.6666666667,64.23992523173206,19704.61477570125,16257.44379859568,3447.170977105572,420011.1704015997,363075.0,306138.8295984003,0.3136331083197671,17874.37812982113,322318.35,0.8781349246792807,0.00787001777100782,0.093437994904634,0.18333788718050625,0.0848998140879984,-0.025766871165644134,0.046113306982872304,0.01404853128991057,0.08060453400503786,2
2026-05-04,051910,411500.0,435000.0,408000.0,429000.0,609933.0,401400.0,369300.0,337700.0,71.43294097817247,22038.377446850587,17413.63052824666,4624.746918603927,426481.6404101876,369300.0,312118.3595898124,0.3096758213386818,19311.92254911962,340748.2,1.7899815758381115,0.06875934230194325,0.16165718927701067,0.270358306188925,0.08692120227457356,0.08060453400503786,0.08883248730964466,0.09578544061302674,-0.012820512820512775,0
2026-05-06,051910,436000.0,436000.0,413000.0,423500.0,372989.0,410200.0,374625.0,339650.0,68.86885348453995,23176.92794479546,18566.29001155642,4610.6379332390425,431165.140608244,374625.0,318084.859391756,0.3018492658431444,19575.356652753933,344407.9,1.0829861916640122,0.03242320819112621,0.13046379713046385,0.246871779773296,0.09496162829496169,-0.012820512820512775,0.03926380368098159,0.11594202898550732,0.0035419126328217754,1
2026-05-07,051910,424500.0,429000.0,413750.0,425000.0,397016.0,416400.0,379700.0,341433.3333333333,69.19363256915427,23924.488272874267,19637.92966381999,4286.558609054278,435184.5924559242,379700.0,324215.4075440758,0.29225489837199997,19266.402606128653,348597.95,1.1388936739300963,0.02065321805955822,0.11930471424809053,0.24475251391193997,0.09665525414801168,0.0035419126328217754,0.07052896725440805,0.07868020304568524,0.010588235294117565,2
2026-05-08,051910,425000.0,437500.0,414500.0,429500.0,316902.0,420800.0,383950.0,343391.6666666667,70.19811559427939,24596.514304584183,20629.64659197283,3966.8677126113544,440998.1375681976,383950.0,326901.8624318024,0.2971644097835532,19533.08813426232,345736.8,0.916598985123944,0.020674904942965755,0.11863523896340666,0.25075836629698833,0.09597603854668568,0.010588235294117565,0.0011655011655011815,0.053987730061349604,-0.01396973224679865,0
2026-05-11,051910,426500.0,431750.0,415500.0,423500.0,323937.0,426100.0,387375.0,345383.3333333333,67.05848005509918,24364.095790344523,21376.536431647168,2987.5593586973555,445278.25983914896,387375.0,329471.74016085104,0.29895197077327634,19298.58183895787,326065.35,0.9934726274962979,-0.0061018540248768405,0.09325588899645054,0.22617381653235547,0.09996773152629879,-0.01396973224679865,0.0,0.0667506297229219,-0.0826446280991735,0
2026-05-12,051910,419000.0,420500.0,377000.0,388500.0,1047094.0,418000.0,389000.0,346683.3333333333,52.34989028180988,21112.32520750328,21323.694186818393,-211.3689793151134,445085.64878825954,389000.0,332914.35121174046,0.2883580914563472,21241.54027903231,364259.8,2.8745801760172274,-0.07057416267942584,-0.0012853470437017567,0.12061920099995205,0.07455012853470433,-0.0826446280991735,-0.08588235294117652,-0.09440559440559437,-0.002574002574002532,1
2026-05-13,051910,395000.0,397000.0,374000.0,387500.0,337701.0,410800.0,391375.0,347791.6666666667,51.99895375422395,18244.273323995178,20707.81001425375,-2463.536690258574,442787.91180238675,391375.0,339962.08819761325,0.26272966746668414,21367.144544815714,367913.55,0.9178813881684977,-0.05671859785783839,-0.00990099009900991,0.11417275667904625,0.04963270520600438,-0.002574002574002532,-0.09778812572759021,-0.08500590318772139,0.012903225806451646,2
2026-05-14,051910,394500.0,395000.0,376500.0,392500.0,365104.0,404300.0,393925.0,348958.3333333333,53.671268040855296,16188.172579662642,19803.88252733553,-3615.709947672887,439968.75636283384,393925.0,347881.24363716616,0.23376915079181995,21162.348505900303,377937.85,0.9660424326380648,-0.02918624783576551,-0.0036174398679952313,0.12477611940298505,0.02633750079329822,0.012903225806451646,-0.07319952774498228,-0.07647058823529407,-0.04713375796178343,0
2026-05-15,051910,393000.0,409500.0,367000.0,374000.0,407694.0,393200.0,394925.0,349583.3333333333,47.12882148388245,12917.00336310966,18426.506694490356,-5509.503331380696,438245.0588642259,394925.0,351604.9411357741,0.21938372533633435,22686.466469764568,382199.95,1.0667034362511036,-0.04883011190233977,-0.052984743938722545,0.06984505363528015,-0.004367917959106182,-0.04713375796178343,-0.03732303732303732,-0.12922002328288706,-0.002673796791443861,1
2026-05-18,051910,378500.0,380000.0,351500.0,373000.0,248124.0,383100.0,395700.0,350391.6666666667,46.79675349819017,10127.147100988543,16766.634775789993,-6639.48767480145,436812.5285040947,395700.0,354587.4714959053,0.20779645440533076,23101.718864781382,383688.15,0.6466814260487325,-0.026363873662229143,-0.0573666919383371,0.06452303374794877,-0.03184230477634575,-0.002673796791443861,-0.03741935483870973,-0.1192443919716647,-0.06032171581769441,0
2026-05-19,051910,369500.0,369500.0,341500.0,350500.0,395053.0,375500.0,395225.0,350658.3333333333,39.972314914512026,6031.0814015946235,14619.52410095092,-8588.442699356296,438155.7290876826,395225.0,352294.2709123174,0.21724703188149846,23701.59608872557,393999.6,1.0026736067752353,-0.06657789613848197,-0.1131633879435765,-0.0004515316428621574,-0.049908280093617585,-0.06032171581769441,-0.10700636942675157,-0.09781209781209776,-0.05278174037089867,0
2026-05-20,051910,353500.0,354000.0,326000.0,332000.0,458363.0,364400.0,393550.0,350575.0,35.401004775496844,1277.399370427418,11951.09915484622,-10673.699784418803,443093.8189888507,393550.0,344006.1810111493,0.25177903183255335,24008.624939530888,404962.3,1.131865855167259,-0.0889132821075741,-0.1563969000127049,-0.0529843827996862,-0.0740693685681616,-0.05278174037089867,-0.11229946524064172,-0.14322580645161287,0.04819277108433728,2
2026-05-21,051910,343000.0,349500.0,336000.0,348000.0,373133.0,355500.0,391475.0,350833.3333333333,41.619458969832436,-1185.1993647654308,9323.839450923891,-10509.038815689322,444851.46953480534,391475.0,338098.53046519466,0.27269414156615535,23543.723158135825,401160.9,0.9301330214385299,-0.021097046413502074,-0.1110543457436618,-0.008076009501187587,-0.09189603422951653,0.04819277108433728,-0.06702412868632712,-0.11337579617834392,0.008620689655172376,1
2026-05-22,051910,357000.0,362000.0,345500.0,351000.0,349477.0,350900.0,389425.0,350841.6666666667,42.732599766492626,-2861.7630534234922,6886.7189500544155,-9748.482003477908,445637.34295063675,389425.0,333212.65704936325,0.28869406407208964,23040.60007541184,401399.8,0.8706456754587322,0.00028498147620403813,-0.09867111767349301,0.0004512956936888468,-0.09892790652885664,0.008620689655172376,0.0014265335235377208,-0.06149732620320858,0.0,1
2026-05-26,051910,359000.0,361000.0,349500.0,351000.0,288865.0,346500.0,387400.0,350233.3333333333,42.732599766492626,-4142.697418572439,4680.835676329045,-8823.533094901484,446033.26700773207,387400.0,328766.73299226793,0.30270143008638134,22216.271498596707,397153.3,0.7273387883217891,0.01298701298701288,-0.09395973154362414,0.0021890168459122172,-0.10557563242127,0.0,0.05722891566265065,-0.05898123324396787,-0.056980056980056926,0
2026-05-27,051910,348500.0,351500.0,330500.0,331000.0,447062.0,342600.0,384375.0,349250.0,37.24229417008444,-6694.509842337866,2405.766572595663,-9100.276414933529,447889.4668559849,384375.0,320860.5331440151,0.3304817787628482,22129.394962982657,404054.05,1.1064410813355292,-0.033858727378867526,-0.13886178861788623,-0.052254831782390876,-0.10868292682926828,-0.056980056980056926,-0.048850574712643646,-0.05563480741797433,0.0,1
2025-04-09,006400,169079.0,173582.0,166435.0,168099.0,550125.0,176636.4,188712.95,208828.88333333333,31.84227893995542,-9235.983558056556,-7545.637105089124,-1690.346452967432,207551.01364226363,188712.95,169874.8863577364,0.19964781052136182,8596.190174448422,689173.25,0.7982390494697814,-0.048333186138304396,-0.10923442190904231,-0.19503951121703866,-0.06399428338118829,-0.02609456382565767,-0.10010760228909144,-0.07935855938747682,0.05414071469788628,2
2025-04-10,006400,177900.0,178300.0,172800.0,177200.0,492598.0,176204.8,187586.85,207882.41666666666,39.84775012296343,-9028.31188325808,-7842.172060722915,-1186.139822535165,206350.37856234598,187586.85,168823.32143765403,0.20005164074503068,8710.819447702106,659330.6,0.7471183652025252,0.005647973267470574,-0.05537088553915159,-0.1475950547364716,-0.060676161468674494,0.05414071469788628,0.004973826443515517,-0.012031802317153395,-0.009029345372460473,1
2025-04-11,006400,173000.0,177100.0,172000.0,175600.0,355010.0,173965.0,186997.55,206990.86666666667,38.980909301519446,-8890.354737666581,-8051.8085961116485,-838.5461415549325,206475.99327943003,186997.55,167519.10672056995,0.2083283260067315,8460.046630009097,534485.7,0.6642086027745925,0.009398442215388103,-0.0609502637868784,-0.15165339018178903,-0.0696936938478605,-0.009029345372460473,0.017363545245447698,-0.059952141071418996,0.015945330296127658,2
2025-04-14,006400,177600.0,181900.0,177100.0,178400.0,278232.0,174380.4,186597.2,206219.4,41.38402284463982,-8457.59224767136,-8132.965326423591,-324.62692124776913,206433.59219817893,186597.2,166760.8078018211,0.21261189555018956,8305.757585008449,499555.6,0.5569590251815815,0.023050755704196124,-0.04392991963437831,-0.13490195393837823,-0.06547150761104681,0.015945330296127658,0.06127936513602106,0.011779518270446765,0.023542600896860888,2
2025-04-15,006400,179400.0,184100.0,176300.0,182600.0,303559.0,176379.8,186387.25,205403.71666666667,44.8900442569657,-7687.107764083426,-8043.793813955558,356.68604987213166,206299.39494598642,186387.25,166475.10505401358,0.2136642387930121,8269.632043222131,476103.35,0.6375905567562169,0.035265943152220425,-0.02031925467004847,-0.1110190070400382,-0.053691709062717585,0.023542600896860888,0.030474040632054278,0.05791903964589262,-0.03066812705366917,0
2025-04-16,006400,182000.0,184400.0,176600.0,177000.0,272189.0,178160.0,185843.45,204576.28333333333,41.339558242700974,-7442.573108690238,-7923.549672902494,480.97656421225656,206153.33576506458,185843.45,165533.56423493545,0.21856983138296845,8236.086897277693,450204.4,0.6045898263100049,-0.006511001347103695,-0.047585481220887904,-0.13479706877067943,-0.0413436685554428,-0.03066812705366917,0.007972665148063829,0.05295093962486397,0.02203389830508473,2
2025-04-17,006400,178000.0,182700.0,177000.0,180900.0,246328.0,178900.0,184975.75,203764.9,44.624421620893074,-6855.059368895629,-7709.851612101122,854.7922432054929,204560.51540451715,184975.75,165390.98459548285,0.21175495063020044,8054.937833186429,395078.8,0.6234908074034851,0.011179429849077716,-0.02203396931759971,-0.11221216215354068,-0.03284619740695738,0.02203389830508473,0.014013452914798163,0.020880361173814865,-0.00497512437810943,1
2025-04-18,006400,182100.0,182100.0,178500.0,180000.0,146661.0,179780.0,184160.95,202946.68333333332,44.01192328201285,-6388.431118413893,-7445.567513363676,1057.1363949497827,203140.66141482323,184160.95,165181.2385851768,0.20612091124446547,7736.727987958827,366178.6,0.400517670885191,0.0012237178774057167,-0.02259409500222498,-0.11306754540868325,-0.023788702219444513,-0.00497512437810943,-0.014238773274917849,0.02505694760820054,-0.012222222222222245,0
2025-04-21,006400,179000.0,180500.0,176700.0,177800.0,184454.0,179660.0,183187.2,201936.78333333333,42.47712165803206,-6125.535125946248,-7181.5610358801905,1056.0259099339428,201356.77249469483,183187.2,165017.6275053052,0.1983716383534965,7455.533131676054,361093.2,0.5108210290307322,-0.010352888789936565,-0.02940816825629744,-0.11952643265338725,-0.019254620410159684,-0.012222222222222245,0.004519774011299438,-0.0033632286995515237,-0.0028121484814398467,1
2025-04-22,006400,176900.0,179800.0,176200.0,177300.0,213303.0,178600.0,182164.0,201073.56666666668,42.117639013717735,-5889.641854059126,-6923.177199515978,1033.5353454568522,199204.56386390922,182164.0,165123.43613609078,0.18709035664466328,7180.1379079849075,359009.7,0.5941427209348382,-0.007278835386338223,-0.026701214290419606,-0.1182331773428863,-0.019564787773654557,-0.0028121484814398467,-0.01990049751243783,-0.029025191675794093,0.07388606880992676,2
2025-04-23,006400,180000.0,190400.0,179900.0,190400.0,532051.0,181280.0,181477.6,200338.93333333332,53.27493047493848,-4592.692517349176,-6457.080263082618,1864.387745733442,195815.63044214822,181477.6,167139.5695578518,0.1580143273015316,7602.9852002717,363319.4,1.4644167088242466,0.05030891438658425,0.049165296433278716,-0.049610593247975676,-0.0010888396143656776,0.07388606880992676,0.057777777777777706,0.07570621468926553,-0.02993697478991597,0
2025-04-24,006400,191200.0,191300.0,183700.0,184700.0,330284.0,182040.0,180848.85,199623.51666666666,48.86158118030641,-3978.9265980767086,-5961.449530081437,1982.5229320047283,193345.37006400054,180848.85,168352.32993599947,0.13819850183178423,7602.771971680864,364570.5,0.9059537181423072,0.014612173148758512,0.02129485479172244,-0.07475830962133634,0.0065864394492969325,-0.02993697478991597,0.038807649043869574,0.02100608070757315,0.0021656740660531693,1
2025-04-25,006400,186700.0,189400.0,184000.0,185100.0,328738.0,183060.0,180342.9,199012.68333333332,49.17974592929536,-3420.803138839605,-5453.320251833071,2032.517112993466,191180.4866852343,180342.9,169505.3133147657,0.1201886704187889,7445.431116560802,364112.6,0.9028470863134097,0.011143887250081974,0.026378083085056403,-0.06990852593063368,0.015066298700974645,0.0021656740660531693,0.04399323181049075,0.02833333333333332,-0.004862236628849326,1
2025-04-28,006400,184500.0,189600.0,183500.0,184200.0,327979.0,184340.0,180325.55,198460.26666666666,48.44934738717564,-3016.3382845787273,-4965.9238583822025,1949.5855738034752,191137.2396824672,180325.55,169513.8603175328,0.11991300935965205,7349.328893949316,351702.85,0.9325457556002177,-0.0007594662037538891,0.02148586265229757,-0.07185451731060188,0.022262236272120095,-0.004862236628849326,-0.03256302521008403,0.03599550056242973,-0.0032573289902280145,1
2025-04-29,006400,185000.0,185500.0,182000.0,183600.0,241248.0,185600.0,180028.55,198126.3,47.93819695002596,-2712.938888396224,-4515.326864385007,1802.3879759887832,190113.33976429192,180028.55,169943.76023570806,0.11203544953610889,7074.376830095794,346128.85,0.6969889970165735,-0.010775862068965525,0.019838242323231503,-0.07331838327369955,0.030947591368146954,-0.0032573289902280145,-0.005955603681645938,0.035532994923857864,-0.04139433551198257,0
2025-04-30,006400,183100.0,183300.0,175600.0,176000.0,606531.0,182720.0,179699.1,197706.45,41.90711057490452,-3050.583932545036,-4222.378278017013,1171.794345471977,189858.01222326324,179699.1,169540.18777673677,0.11306581082780309,7140.492770803236,353097.9,1.717741736781782,-0.03677758318739055,-0.02058496675831989,-0.10979130928707692,0.016810879965453385,-0.04139433551198257,-0.04916261480280926,-0.07563025210084029,-0.013636363636363669,0
2025-05-02,006400,176400.0,177000.0,170900.0,173600.0,330151.0,180500.0,179411.2,197132.38333333333,40.187663005250556,-3471.809150239482,-4072.264452461507,600.4553022220252,189913.03251818306,179411.2,168909.36748181697,0.11706997688196771,7066.171858603005,350946.4,0.9407447974961418,-0.03822714681440442,-0.03239039703206936,-0.11937350391357149,0.0060687404130845835,-0.013636363636363669,-0.057546145494028256,-0.060097455332972394,-0.008064516129032251,1
2025-05-07,006400,175400.0,176400.0,171400.0,172200.0,405002.0,177920.0,178681.25,196543.13333333333,39.17784470378983,-3873.9450427323754,-4032.600570515681,158.6555277833054,189056.29417098867,178681.25,168306.20582901133,0.1161290753337428,6918.588154417076,347287.75,1.1661856774389536,-0.03214928057553956,-0.03627269229423902,-0.12385644270791107,-0.004260379866382169,-0.008064516129032251,-0.06209150326797386,-0.06969205834683956,0.0,1
2025-05-08,006400,172100.0,173400.0,170100.0,172200.0,584179.0,175520.0,178475.1,195994.68333333332,39.17784470378983,-4144.8612543125055,-4055.0527072750456,-89.8085470374599,189187.73748849766,178475.1,167762.46251150235,0.12004629764597587,6660.117571958714,357357.75,1.6347175904258409,-0.018915223336371967,-0.03515952645495091,-0.12140473878500613,-0.0165574917733623,0.0,-0.021590909090909105,-0.06514657980456029,-0.010452961672473893,0
2025-05-09,006400,173800.0,173800.0,170300.0,170400.0,227421.0,172880.0,178364.95,195391.76666666666,37.762930799276,-4453.4724029372155,-4134.73664640748,-318.7357565297352,189358.45745622003,178364.95,167371.44254378,0.12326981793474577,6434.394888247377,347802.15,0.653880374230004,-0.01434521055067095,-0.0446553540928305,-0.1279059353063836,-0.030751277086669804,-0.010452961672473893,-0.018433179723502335,-0.07189542483660127,0.02640845070422526,2
2025-05-12,006400,170700.0,174900.0,170600.0,174900.0,260867.0,172660.0,178705.0,194872.0,43.27817054514156,-4285.5355831652705,-4164.896433759039,-120.63914940623181,188790.52923747513,178705.0,168619.47076252487,0.11287349808315525,6296.223824801135,333339.25,0.7825871090788139,0.012973473879300368,-0.02129207352900031,-0.10248778685496118,-0.03382669763017265,0.02640845070422526,0.015679442508710784,-0.006249999999999978,-0.022870211549456787,0
2025-05-13,006400,175400.0,176200.0,170600.0,170900.0,296932.0,172120.0,178390.0,194310.05,39.893980133307146,-4424.21145846459,-4216.759438700149,-207.4520197644406,189022.57259556526,178390.0,167757.42740443474,0.11920592629144301,6246.493551601054,323555.95,0.9177145405609137,-0.007088078085056959,-0.04198665844498006,-0.12047781367973498,-0.035147710073434646,-0.022870211549456787,-0.007549361207897842,-0.015552995391705071,0.012287887653598561,2
2025-05-14,006400,171400.0,173600.0,167300.0,173000.0,356073.0,172280.0,178260.0,193701.5,42.43881501772992,-4314.92091679349,-4236.391734318817,-78.52918247467278,189087.6313199132,178260.0,167432.3686800868,0.12148133422992481,6250.315440772407,323609.1,1.100318254338336,0.00417924309263995,-0.029507461012004965,-0.10687320438922776,-0.03354650510490298,0.012287887653598561,0.015258215962441257,0.004645760743321681,-0.01907514450867054,0
2025-05-15,006400,171300.0,173000.0,169600.0,169700.0,265305.0,171780.0,177825.0,193046.11666666667,39.60134730170376,-4443.369399338437,-4277.787267322741,-165.5821320156956,189276.26630552116,177825.0,166373.73369447884,0.12879253541989213,6046.721480717235,322962.75,0.8214724453516699,-0.012108510886016943,-0.045690988331224536,-0.12093543796572959,-0.033994095318431006,-0.01907514450867054,-0.029731275014293845,-0.014518002322880363,-0.029463759575721893,0
2025-05-16,006400,170000.0,170000.0,164100.0,164700.0,662722.0,170640.0,176930.0,192209.5,35.70597214914848,-4892.2293853854935,-4400.675690935292,-491.5536944502019,189492.65895421678,176930.0,164367.34104578322,0.14200710963902988,6036.241374951719,340920.9,1.9439171960416624,-0.034810126582278444,-0.06912338212852542,-0.14312247833743907,-0.03555078279545587,-0.029463759575721893,-0.036278525453481536,-0.033450704225352124,0.02853673345476615,2
2025-05-19,006400,163400.0,173300.0,163400.0,169400.0,490511.0,169540.0,176550.0,191483.85,41.52831132865338,-4813.219637868082,-4483.18448032185,-330.03515754623186,189533.91312355266,176550.0,163566.08687644734,0.14708482722801086,6312.224133883739,351837.0,1.3941427422357513,-0.0008257638315442017,-0.04049844236760125,-0.11533009180669807,-0.03970546587369017,0.02853673345476615,-0.020809248554913284,-0.03144654088050314,-0.04663518299881941,0
2025-05-20,006400,170400.0,170800.0,160600.0,161500.0,568781.0,167660.0,175580.0,190487.83333333334,35.67959335232558,-5326.665338384424,-4651.880651934365,-674.7846864500589,189944.34474662738,175580.0,161215.65525337262,0.16362165106079712,6589.922410034901,367959.65,1.5457700321217285,-0.03674102349994035,-0.08019136575919805,-0.15217682319168246,-0.04510764323954897,-0.04663518299881941,-0.04832056570418386,-0.05500292568753662,0.0018575851393189957,1
2025-05-21,006400,162100.0,165500.0,161600.0,161800.0,291613.0,165420.0,174670.0,189480.5,36.04793415779102,-5644.303248038166,-4850.365171155126,-793.9380768830406,190067.80503837997,174670.0,159272.19496162003,0.17630738006961666,6404.927952175266,375207.25,0.7772051312974363,-0.021883690001209044,-0.0736817999656495,-0.14608627272991148,-0.05295700463731612,0.0018575851393189957,-0.01760777170613237,-0.06473988439306355,0.00803461063040789,1
2025-05-22,006400,161800.0,164700.0,157700.0,163100.0,395732.0,164100.0,173935.0,188421.4,37.71252894889969,-5725.138610324881,-5025.319858989077,-699.8187513358034,190051.6094449161,173935.0,157818.3905550839,0.18531761226798635,6447.433098448461,385771.15,1.025820619297218,-0.006093845216331495,-0.06229338546008567,-0.134387070683054,-0.05654411130594761,0.00803461063040789,-0.037190082644628086,-0.038892162639952876,-0.017780502759043526,0
2025-05-23,006400,162700.0,163400.0,159200.0,160200.0,268120.0,163200.0,173080.0,187061.05,35.49311939018891,-5954.566445617005,-5211.169176314663,-743.3972693023425,190176.38558292243,173080.0,155983.61441707757,0.19755472131872467,6286.902162845,388512.0,0.6901202536858578,-0.018382352941176516,-0.07441645481858106,-0.14359509903317658,-0.05708342962791768,-0.017780502759043526,-0.00804953560371513,-0.02732240437158473,0.0362047440699127,2
2025-05-26,006400,160200.0,168400.0,160200.0,166000.0,396990.0,162520.0,171860.0,185968.7,42.74988117736506,-5603.781228873035,-5289.691586826338,-314.089642046697,187234.05606858374,171860.0,156485.94393141626,0.17891372126828511,6423.552008356071,381758.95,1.039897034503055,0.02141274920009839,-0.03409752123821719,-0.1073766714506259,-0.05434656115442804,0.0362047440699127,0.02595797280593315,-0.02007083825265643,-0.034939759036144546,0
2025-05-27,006400,164400.0,164600.0,159400.0,160200.0,488202.0,162260.0,170635.0,184763.36666666667,38.13040314315231,-5727.766814285889,-5377.306632318248,-350.4601819676409,185620.8967032325,170635.0,155649.1032967675,0.17564856803390264,6436.155436330638,389654.85,1.252908824309514,-0.012695673610255143,-0.061153925044685975,-0.13294500479081262,-0.04908137252029188,-0.034939759036144546,-0.017780502759043526,-0.00804953560371513,0.0867665418227217,2
2025-05-28,006400,161300.0,176000.0,160800.0,174100.0,1002912.0,164720.0,170085.0,183773.38333333333,51.622341030847394,-4650.800913235726,-5232.005488501744,581.2045752660188,183646.7513618247,170085.0,156523.2486381753,0.1594702808810264,7105.001476592734,423363.55,2.3689143763084943,0.056945118989800925,0.02360584413675526,-0.05263756458021718,-0.03154305200341001,0.0867665418227217,0.0867665418227217,0.07601977750309019,0.001723147616312426,1
2025-05-29,006400,175800.0,175800.0,169000.0,174400.0,557915.0,166980.0,169595.0,183025.0,51.866311537221506,-3730.0920059943164,-4931.622792000258,1201.530786005942,181712.66891773962,169595.0,157477.33108226038,0.14290125201497236,7083.215656836111,434860.35,1.282975097637667,0.04443645945622232,0.028332203189952443,-0.04712470973910665,-0.01541908664760161,0.001723147616312426,0.050602409638554224,0.06928264868179035,-0.03153669724770647,0
2025-05-30,006400,172500.0,174000.0,168900.0,168900.0,1009215.0,168720.0,168860.0,182364.43333333332,47.16972881119267,-3404.9771412781847,-4626.293661855844,1221.3165205776595,179133.53882554363,168860.0,158586.46117445637,0.12168114207679293,6970.12882420496,473258.7,2.132480607329564,0.001066856330014243,0.00023688262465948462,-0.07383256201455946,-0.0008290891863081962,-0.03153669724770647,0.054307116104868935,0.054307116104868935,0.023090586145648295,2
2025-06-02,006400,170000.0,172900.0,167000.0,172800.0,438261.0,170080.0,168700.0,181760.71666666667,50.58659517061943,-2800.3432485088124,-4261.103579186438,1460.7603306776255,178617.25768546687,168700.0,158782.74231453313,0.11757270522189535,6893.691051047464,464845.2,0.9428106388965617,0.015992474129821188,0.02430349733254289,-0.049299523191800865,0.008180201541197363,0.023090586145648295,-0.0074669730040206606,0.04096385542168668,-0.0023148148148147696,1
2025-06-04,006400,174600.0,179000.0,171400.0,172400.0,503464.0,172520.0,168640.0,181166.65,50.227781306493725,-2326.6233239914,-3874.2075281474304,1547.5842041560304,178451.91112882458,168640.0,158828.08887117542,0.11636516993387781,6944.141690258359,473510.85,1.063257578997398,-0.0006955715279387542,0.022296015180265583,-0.04838997685280377,0.02300759013282727,-0.0023148148148147696,-0.011467889908256867,0.07615480649188511,0.011020881670533722,2
2025-06-05,006400,170800.0,176300.0,170200.0,174300.0,370426.0,172560.0,168745.0,180506.35,51.97047225450016,-1777.394057500671,-3454.844834018079,1677.450776517408,178750.09370270724,168745.0,158739.90629729276,0.11858240188103038,6883.845855239904,471782.05,0.785163403313034,0.01008344923504878,0.03291949391093074,-0.03438300093043822,0.022608077276363714,0.011020881670533722,0.03197158081705154,0.0011487650775416913,-0.02008032128514059,0
2025-06-09,006400,173500.0,173600.0,169500.0,170800.0,489915.0,171840.0,168675.0,179828.5,48.59507597844282,-1606.0333038968092,-3085.082527993825,1479.0492240970157,178601.70640242533,168675.0,158748.29359757467,0.11770216573203302,6734.999722722768,467068.85,1.048913880683758,-0.006052141527001842,0.01259819178894328,-0.050206168655135275,0.01876389506447307,-0.02008032128514059,-0.01157407407407407,-0.020642201834862428,-0.0029274004683840227,1
2025-06-10,006400,171900.0,172900.0,169400.0,170300.0,426240.0,172120.0,168670.0,179256.55,48.11431517121817,-1493.3599692624412,-2766.7380162475483,1273.3780469851072,178593.32605530787,168670.0,158746.67394469213,0.11766557248245536,6503.928313956856,477009.8,0.893566547270098,-0.010574018126888185,0.009663840635560472,-0.04996498035915553,0.02045414122250544,-0.0029274004683840227,-0.012180974477958184,0.0082889283599763,0.01526717557251911,2
2025-06-11,006400,170800.0,175000.0,170300.0,172900.0,603691.0,172140.0,168570.0,178662.65,50.837985191486275,-1180.6573854974995,-2449.5218900975387,1268.8645046000393,178278.16151492918,168570.0,158861.83848507082,0.11518255341910394,6375.076291531366,494151.0,1.221673132301665,0.004415011037527616,0.025686658361511627,-0.03225436318111252,0.02117814557750486,0.01526717557251911,-0.008032128514056214,0.0005787037037037202,0.01098901098901095,2
2025-06-12,006400,171500.0,176900.0,171100.0,174800.0,1132120.0,172620.0,168765.0,178247.28333333333,52.788372427623706,-770.6407471004932,-2113.7456614981297,1343.1049143976365,178803.5805769517,168765.0,158726.4194230483,0.11896519511689868,6333.999413564839,535910.4,2.1125173163275055,0.012628895840574694,0.035759784315468224,-0.019339892697756822,0.022842414007643752,0.01098901098901095,0.023419203747072626,0.0139211136890951,-0.01544622425629294,0
2025-06-13,006400,173900.0,175900.0,169800.0,172100.0,666710.0,172180.0,168720.0,177992.51666666666,49.76684770355441,-656.0050247427425,-1822.1975341470522,1166.1925094043097,178690.0752253908,168720.0,158749.9247746092,0.11818486516584654,6317.28516973878,551442.25,1.2090295946674379,-0.00046463003833197014,0.020033191085822688,-0.03310541800867839,0.020507349454717883,-0.01544622425629294,0.010569583088666956,-0.012621916236374098,-0.01859384079023818,0
2025-06-16,006400,170900.0,171200.0,165900.0,168900.0,610282.0,171800.0,168680.0,177700.73333333334,46.37859084000214,-813.9855268870306,-1620.5551326950479,806.5696058080173,178640.4417572692,168680.0,158719.5582427308,0.11809866916373256,6308.907657614581,568691.1,1.0731344309766762,-0.016880093131548257,0.0013042447237372468,-0.04952558815176533,0.01849656153663748,-0.01859384079023818,-0.023134759976865205,-0.011124121779859442,0.002368265245707546,1
2025-06-17,006400,169000.0,172900.0,166900.0,169300.0,508546.0,171600.0,168910.0,177409.08333333334,46.86556615563018,-896.5744043290033,-1475.758987021839,579.1845826928356,178703.24256821774,168910.0,159116.75743178226,0.11595811459614874,6286.842824927825,560982.3,0.9065277104108275,-0.013403263403263366,0.002308921911077011,-0.04570838866292548,0.015925640873838187,0.002368265245707546,-0.031464530892448495,-0.005871990604815025,-0.0005906674542233148,1
2025-06-18,006400,168300.0,170700.0,167100.0,169200.0,399040.0,170860.0,168900.0,177097.81666666668,46.75125550539323,-959.0406256373681,-1372.415314744945,413.37468910757684,178691.6290779396,168900.0,159108.3709220604,0.11594587422071767,6094.925480290122,556408.75,0.717170605242998,-0.009715556596043506,0.001776198934280604,-0.04459578788332519,0.01160449970396682,-0.0005906674542233148,-0.01685066821615344,-0.02139965297860036,-0.005910165484633523,1
2025-06-19,006400,169300.0,170800.0,167900.0,168200.0,408738.0,169540.0,169235.0,176596.91666666666,45.554652071765084,-1076.8242391907843,-1313.297099634113,236.47286044332873,178431.36341169447,169235.0,160038.63658830553,0.10868157782603449,5866.7165174122565,548406.6,0.7453192576456957,-0.00790373953049428,-0.0061157561970042185,-0.04754848966313585,0.0018022276715810026,-0.005910165484633523,-0.00414446417998815,-0.03775743707093826,0.048156956004756335,2
2025-06-20,006400,168200.0,177000.0,166500.0,176300.0,934905.0,170380.0,169960.0,176263.65,55.49189248832582,-510.67950064496836,-1152.7735798362842,642.0940791913158,178982.06184859943,169960.0,160937.93815140057,0.10616688454459207,6197.665337597095,580571.2,1.610319285558774,0.03474586219039799,0.03730289479877613,0.00020622516327106766,0.0024711696869852418,0.048156956004756335,0.04134672179562915,0.02440441603718768,-0.03970504821327281,0
2025-06-23,006400,172800.0,172900.0,168300.0,169300.0,571851.0,170460.0,170270.0,175797.4,47.434459847231295,-619.7036570475611,-1046.1595952785397,426.4559382309785,178736.9002592421,170270.0,161803.0997407579,0.09945263709687088,6326.403527768731,589377.15,0.9702632686048314,-0.006805115569635145,-0.005696834439419707,-0.03695959098371193,0.001115874787102733,-0.03970504821327281,0.0005910165484632746,0.002368265245707546,0.0443000590667455,2
2025-06-24,006400,172500.0,182300.0,172400.0,176800.0,742543.0,171960.0,171100.0,175448.0,54.977473837828676,-99.76869517442537,-856.8814152577169,757.1127200832915,178661.74583016086,171100.0,163538.25416983914,0.08838978176692995,6803.088990070964,613098.3,1.2111320484822743,0.02814608048383338,0.03331385154880184,0.007705986959098965,0.005026300409117557,0.0443000590667455,0.05112960760998808,0.0443000590667455,-0.007918552036199067,1
2025-06-25,006400,177700.0,177800.0,173300.0,175400.0,421667.0,173200.0,171570.0,174969.2,53.43602407851383,197.0438099418243,-646.0963702178087,843.140180159633,178972.18886546107,171570.0,164167.81113453893,0.08628768275876979,6638.582633637324,614332.15,0.6863827654144423,0.012702078521940052,0.022323249985428673,0.0024621476236958983,0.009500495424608069,-0.007918552036199067,-0.005104934770277958,0.03664302600472813,-0.004561003420752607,1
2025-06-26,006400,177000.0,178700.0,173100.0,174600.0,418901.0,174480.0,172290.0,174591.28333333333,52.52967408765532,363.5260426119203,-444.1718876518629,807.6979302637832,177647.2007615878,172290.0,166932.7992384122,0.06218817994762082,6564.398159806086,610867.1,0.6857481766492254,0.0006877579092159358,0.0134076266759533,4.992612746890224e-05,0.012711126588890842,-0.004561003420752607,0.031305375073833464,0.038049940546967864,-0.028064146620847663,0
2025-06-27,006400,175300.0,175300.0,169600.0,169700.0,478562.0,173160.0,172070.0,174165.96666666667,47.244012545682445,98.93490248039598,-335.5505296254112,434.48543210580715,177472.9991671253,172070.0,166667.0008328747,0.06280001356570342,6502.655434105652,584649.6,0.8185449883143682,-0.01998151998151998,-0.013773464287789805,-0.02564201693442214,0.00633463125472189,-0.028064146620847663,-0.04015837104072395,-0.037436188315371544,0.01826753093694755,2
2025-06-30,006400,171000.0,175500.0,170900.0,172800.0,414084.0,173860.0,171990.0,173970.18333333332,50.628706800821604,137.8001356823952,-240.8803965638499,378.6805322462451,177299.19956301857,171990.0,166680.80043698143,0.061738468085569743,6452.4657602409625,577458.05,0.7170806606644413,-0.006096859542160327,0.0047095761381474865,-0.0067263441982537975,0.010872725158439511,0.01826753093694755,-0.014823261117445807,0.020673360897814463,0.03125,2
2025-07-01,006400,173400.0,181700.0,172300.0,178200.0,885032.0,174140.0,172455.0,173781.18333333332,55.93245932398106,597.4489635679347,-73.21452453749299,670.6634881054276,178210.51040307956,172455.0,166699.48959692044,0.0667479679113921,6663.003920223751,571248.9,1.5492931364944422,0.023314574480303163,0.03331303818387399,0.02542747483880836,0.009770664811110219,0.03125,0.020618556701030855,0.007918552036199067,0.004489337822671136,1
2025-07-02,006400,176600.0,179100.0,175200.0,179000.0,470497.0,174860.0,172765.0,173721.36666666667,56.67501341620124,1014.581817739585,144.3447439179226,870.2370738216623,179190.3482395865,172765.0,166339.6517604135,0.07438252238111323,6465.646497350625,572860.7,0.8213113589394421,0.02367608372412211,0.036089485717593295,0.030385630936589747,0.012126298729488116,0.004489337822671136,0.054802592810842654,0.020524515393386622,0.03519553072625703,2
2025-07-03,006400,180000.0,187000.0,178600.0,185300.0,850429.0,177000.0,173410.0,173820.4,62.0921925133811,1832.397224082175,481.95523995077315,1350.4419841314018,181837.31273894344,173410.0,164982.68726105656,0.09719523371135964,6603.814604682723,590208.95,1.4408947881932324,0.04689265536723153,0.06856582665359556,0.0660428810427316,0.020702381638890488,0.03519553072625703,0.07233796296296302,0.06128293241695304,-0.02266594711279002,0
2025-07-04,006400,182800.0,183600.0,179500.0,181100.0,500743.0,179280.0,173750.0,173725.41666666666,56.97736986766447,2117.2110356146004,809.0063990835386,1308.2046365310619,182817.85531423826,173750.0,164682.14468576174,0.10437819066749075,6546.399275776815,596724.8,0.8391523194611653,0.010151717983043262,0.04230215827338135,0.04244965114968302,0.03182733812949645,-0.02266594711279002,0.016273849607183033,0.06717737183264583,-0.022639425731640017,0
2025-07-07,006400,182800.0,183700.0,176800.0,177000.0,504717.0,180120.0,174060.0,173736.7,52.436428085027906,1989.1624715945509,1045.0376135857412,944.1248580088097,183127.17155456758,174060.0,164992.82844543242,0.10418443702823835,6571.656470364185,597464.9,0.844764269834094,-0.017321785476349105,0.016890727335401534,0.01878302051322489,0.034815580834195003,-0.022639425731640017,-0.011173184357541888,0.02430555555555558,-0.011299435028248594,0
2025-07-08,006400,175400.0,178500.0,174000.0,175000.0,493345.0,179480.0,174295.0,173776.65,50.32927991533423,1706.6268448370392,1177.3554598360008,529.2713850010384,183202.40703010475,174295.0,165387.59296989525,0.10221070059502277,6423.681008195315,600820.15,0.8211192650579379,-0.0249609984399376,0.004044866462032726,0.007039783538237199,0.02974841504346082,-0.011299435028248594,-0.05558553696708046,-0.017957351290684653,-0.028000000000000025,0
2025-07-09,006400,175500.0,176900.0,169700.0,170100.0,689370.0,177700.0,174155.0,173810.0,45.5046046442248,1074.9350934476824,1156.8713865583372,-81.93629311065479,183232.10857046227,174155.0,165077.89142953773,0.10424172226421599,6479.1323647527925,605104.1,1.1392585176666297,-0.04276871131119864,-0.023283856334874065,-0.02134514699959722,0.020355430507306815,-0.028000000000000025,-0.06073992269464379,-0.04972067039106143,0.0011757789535566943,1
2025-07-10,006400,171000.0,171900.0,169900.0,170300.0,554246.0,174700.0,173930.0,173695.0,45.73326960767731,583.7243469922105,1042.2419786451119,-458.5176316529014,183153.90372889696,173930.0,164706.09627110304,0.1060645515885351,6159.1943386990215,576210.4,0.9618812850306069,-0.025186033199771085,-0.02087046512964985,-0.019545755490946726,0.004427068360834729,0.0011757789535566943,-0.037853107344632764,-0.08094981111710742,0.05343511450381677,2
2025-07-11,006400,171100.0,181000.0,171000.0,179400.0,1066739.0,174360.0,174295.0,173758.33333333334,54.98800772862585,918.1464191767736,1017.4228667514443,-99.27644757467067,183774.55167716066,174295.0,164815.44832283934,0.10877594511788248,6483.53760022052,596211.85,1.7891945623019738,0.02890571231933925,0.029289423104506662,0.032468466740204205,0.000372930950400141,0.05343511450381677,0.025142857142857133,-0.009387078961899498,0.009476031215161607,1
2025-07-14,006400,180200.0,181100.0,176700.0,181100.0,399191.0,175180.0,174905.0,173803.33333333334,56.48114637860097,1305.3073427495547,1074.9997619510664,230.3075807984883,184486.9570026149,174905.0,165323.0429973851,0.1095675595622182,6334.713485919055,585657.3,0.6816119256090549,0.03379381207900445,0.03541922758068661,0.04198231717841994,0.0015722820959949146,0.009476031215161607,0.06466784244562018,0.023163841807909646,-0.01049144119271117,0
2025-07-15,006400,180600.0,181000.0,177800.0,179200.0,328760.0,176020.0,175400.0,173746.66666666666,54.31263292276408,1442.1963017567177,1148.4390699121966,293.75723184452113,184793.61485265184,175400.0,166006.38514734816,0.10711077369044285,6117.948236924836,576668.0,0.5701027280861778,0.0180661288489945,0.02166476624857472,0.03138669326989496,0.003534777651083232,-0.01049144119271117,0.05226071638285368,0.02400000000000002,-0.017299107142857095,0
2025-07-16,006400,178700.0,180000.0,175900.0,176100.0,278372.0,177220.0,175745.0,173731.66666666666,50.880213730185744,1285.7167533804895,1175.8946066058552,109.82214677463435,184698.9879383413,175745.0,166791.0120616587,0.10189749851593281,5973.80907714449,570634.6,0.4878288137452584,-0.006319828461798904,0.002019972118694646,0.013632133846257277,0.00839284190161882,-0.017299107142857095,-0.018394648829431426,0.03527336860670194,0.016467915956842605,2
2025-07-17,006400,177400.0,179200.0,174600.0,179000.0,356729.0,178960.0,176285.0,173700.0,53.82037310311459,1379.805805183947,1216.6768463214737,163.12895886247338,184636.11369818196,176285.0,167933.88630181804,0.0947455960312217,5875.679857348456,568034.15,0.628006256313991,0.00022351363433159577,0.015401196925433291,0.030512377662636814,0.015174291630030812,0.016467915956842605,-0.011595803423522955,0.051086318261890806,0.019553072625698276,2
2025-07-18,006400,180700.0,184300.0,180050.0,182500.0,686213.0,179580.0,176595.0,173741.66666666666,57.1537324105479,1717.0002952842915,1316.7415361140372,400.2587591702543,185374.6298327414,176595.0,167815.3701672586,0.09943237161574674,5834.5598675378515,555599.55,1.235085593571845,0.016260162601626105,0.033438092811234776,0.05041009161110854,0.016903083326254897,0.019553072625698276,0.018415178571428603,0.01727982162764774,0.01808219178082182,2
2025-07-21,006400,182500.0,186500.0,180900.0,185800.0,517341.0,180520.0,177420.0,173875.0,60.079615721368405,2224.864920915221,1498.3662130742741,726.4987078409467,186401.22486078396,177420.0,168438.77513921604,0.10124253027599997,5817.805591285148,552874.05,0.9357302987904749,0.02924883669399514,0.04723255551798,0.06858375269590233,0.01747266373576828,0.01808219178082182,0.055082339579784145,0.025952512424075147,-0.020990312163616798,0
2025-07-22,006400,187600.0,189200.0,181500.0,181900.0,473977.0,181060.0,177675.0,173951.66666666666,55.275514491834954,2286.298859276605,1655.9527423147404,630.3461169618647,186858.65395689342,177675.0,168491.34604310658,0.10337587119058307,5952.248049050495,539445.75,0.8786370084480228,0.004639346073124884,0.023779372449697522,0.04569276906420372,0.019051639228929274,-0.020990312163616798,0.016201117318435765,0.01506696428571419,0.014843320505772306,2
2025-07-23,006400,184000.0,185900.0,180100.0,184600.0,404059.0,182760.0,178135.0,173855.0,57.79183149407392,2523.760789795895,1829.5143518109712,694.2464379849239,187729.22221964685,178135.0,168540.77778035315,0.10771855300358549,5941.373188404031,538565.35,0.7502506427492969,0.010067848544539348,0.03629269935722901,0.061804377210894046,0.0259634546832459,0.014843320505772306,0.011506849315068512,0.048268029528676815,0.030877573131094183,2
2025-07-24,006400,186400.0,193900.0,185100.0,190300.0,1013457.0,185020.0,178920.0,173948.33333333334,62.578535308351974,3135.7465098346875,2090.7607834157147,1044.9857264189727,189721.96278460382,178920.0,168118.03721539618,0.12074628643643885,6181.275103518028,568293.15,1.7833348862290526,0.02853745541022601,0.06360384529398622,0.09400300855618049,0.034093449586407365,0.030877573131094183,0.0242195909580194,0.0631284916201118,-0.0026274303730950965,1
2025-07-25,006400,193300.0,193300.0,187000.0,189800.0,525343.0,186480.0,179925.0,174026.66666666666,61.9152241102467,3539.6014584709774,2380.528918426767,1159.0725400442102,190848.16346119417,179925.0,169001.83653880583,0.12141907418306705,6189.755453266741,570632.2,0.9206332905854244,0.017803517803517854,0.054883979435875974,0.09063745019920333,0.03643184660275112,-0.0026274303730950965,0.04343045629466746,0.040000000000000036,0.02476290832455219,2
2025-07-28,006400,191900.0,195700.0,190500.0,194500.0,753603.0,188220.0,181010.0,174198.33333333334,65.60576580529295,4190.60346713505,2742.5438281684237,1448.0596389666262,193131.86454304654,181010.0,168888.13545695346,0.1339358548483127,6169.0586351762595,587608.15,1.2824924228841958,0.03336521092338751,0.07452626926689132,0.11654340359169146,0.03983205347770835,0.02476290832455219,0.05362946912242683,0.046824542518837386,-0.017480719794344513,0
2025-07-29,006400,192200.0,192300.0,187200.0,191100.0,536337.0,190060.0,181655.0,174323.33333333334,61.00066615731199,4381.666539824742,3070.3683704996874,1311.298169325055,194463.50889057622,181655.0,168846.49110942378,0.14102016339298368,6249.840161235098,570173.4,0.9406559478221888,0.00547195622435015,0.05199416476287477,0.09623878998795332,0.04626902645123998,-0.017480719794344513,0.004203888596952199,0.05057724024189114,0.07796964939822093,2
2025-07-30,006400,190700.0,210000.0,190700.0,206000.0,1593192.0,194340.0,183005.0,174823.33333333334,70.70528251697587,5670.030297176185,3590.3007558349873,2079.7295413411975,199554.74017922854,183005.0,166455.25982077146,0.1808665356599933,7181.994435432592,626308.15,2.543782960512329,0.05999794175156947,0.12565230458184207,0.17833241176807046,0.061938198409879464,0.07796964939822093,0.08535300316122241,0.11592632719393281,-0.024271844660194164,0
2025-07-31,006400,212500.0,212500.0,197500.0,201000.0,948283.0,196480.0,183790.0,175280.0,64.87158247962,6215.955972626194,4115.4317991932285,2100.5241734329657,202096.81840189532,183790.0,165483.18159810468,0.19921452094124073,7740.423404330264,631200.85,1.5023474699059738,0.02300488599348527,0.09363947984112309,0.14673664993153812,0.06904619402579026,-0.024271844660194164,0.033419023136246784,0.056227009984235465,-0.05472636815920395,0
2025-08-01,006400,196400.0,198000.0,189800.0,190000.0,843531.0,196520.0,184235.0,175576.66666666666,54.26410249355102,5695.345536324894,4431.414546619562,1263.9309897053317,202690.7064345956,184235.0,165779.2935654044,0.20034962341135618,7987.536018306674,648340.25,1.3010622123183004,-0.03317728475473236,0.03129155697885855,0.08214834924914105,0.06668114093413302,-0.05472636815920395,-0.005756148613291434,0.0010537407797681642,0.01947368421052631,2
2025-08-04,006400,190800.0,194000.0,189500.0,193700.0,434105.0,196360.0,185070.0,175935.0,56.82161544099123,5517.712339378573,4648.674105171364,869.0382342072089,203651.50693565983,185070.0,166488.49306434017,0.20080517572442672,7738.42630271334,644809.65,0.6732296887926538,-0.013546547158280742,0.04663100448478952,0.10097479182652691,0.06100394445345003,0.01947368421052631,-0.05970873786407771,-0.004113110539845755,0.10221992772328337,2
2025-08-05,006400,197600.0,221500.0,197500.0,213500.0,1875615.0,200840.0,186995.0,176653.33333333334,67.34505555331455,6895.148298017477,5097.968943740587,1797.17935427689,208716.46173718467,186995.0,165273.53826281533,0.2323213105931674,9171.39585251953,713923.15,2.6271945376753787,0.06303525194184423,0.14174175780101073,0.20858177975696268,0.07403941281852466,0.10221992772328337,0.062189054726368154,0.11721611721611724,0.021077283372365363,2
2025-08-06,006400,212000.0,223000.0,211000.0,218000.0,1157281.0,203240.0,189390.0,177371.66666666666,69.18332484038334,8254.733185292745,5729.321792051019,2525.4113932417267,213557.15953520357,189390.0,165222.84046479643,0.25521051307042153,9373.439005910992,737318.7,1.569580427025654,0.07262349931115919,0.1510639421299964,0.22905762852015088,0.07312952109403881,0.021077283372365363,0.1473684210526316,0.058252427184465994,-0.004587155963302725,1
2025-08-07,006400,223000.0,223000.0,214500.0,217000.0,467950.0,206440.0,191725.0,178140.0,68.26367600966702,9146.091906829854,6412.675815006785,2733.416091823068,217059.15678486228,191725.0,166390.84321513772,0.2642759868025795,9311.050505488778,733003.9,0.6384004232446785,0.05115287734935081,0.13182944321293522,0.21814303356910303,0.07675055417916288,-0.004587155963302725,0.12028910686628813,0.07960199004975133,0.004608294930875667,1
2025-08-08,006400,221500.0,221500.0,215000.0,218000.0,361289.0,212040.0,193655.0,178890.0,68.71158404464919,9819.992991717008,7094.1392503488305,2725.853741368178,220758.76173153805,193655.0,166551.23826846195,0.279918016385201,9110.261183668152,697731.4,0.5178052757837758,0.028107904169024645,0.1257132529498335,0.21862597126725913,0.0949368722728563,0.004608294930875667,0.021077283372365363,0.1473684210526316,0.032110091743119185,2
2025-08-11,006400,221500.0,234000.0,221000.0,225000.0,983767.0,218300.0,195850.0,179811.66666666666,71.72035362789293,10794.47397854636,7834.206195988337,2960.267782558024,225520.1533531593,195850.0,166179.8466468407,0.3029885458581495,9602.385384834712,726960.2,1.353261155149897,0.030691708657810457,0.1488383967321929,0.25130924022356727,0.11462854225172325,0.032110091743119185,0.032110091743119185,0.1615900877645844,-0.01777777777777778,0
2025-08-12,006400,225000.0,226500.0,221000.0,221000.0,403226.0,219800.0,197940.0,180750.0,67.71329291878811,11115.853965622955,8490.53574991526,2625.3182157076953,228499.8691096672,197940.0,167380.1308903328,0.30877911599138325,9309.357857346518,730683.5,0.5518476878155864,0.005459508644221955,0.11649994947964037,0.2226832641770402,0.1104375063150449,-0.01777777777777778,0.018433179723502224,0.03512880562060894,0.002262443438914019,1
2025-08-13,006400,225500.0,225500.0,218000.0,221500.0,325765.0,220500.0,200210.0,181618.33333333334,67.95431000046105,11280.857044208591,9048.600008773927,2232.2570354346644,230688.05111879687,200210.0,169731.94888120313,0.3044608273192834,9180.118010393195,733053.15,0.44439478910908436,0.0045351473922903285,0.10633834473802506,0.21959053326114275,0.10134358923130704,0.002262443438914019,0.016055045871559592,0.016055045871559592,0.011286681715575675,2
2025-08-14,006400,223500.0,229000.0,223000.0,224000.0,448035.0,221900.0,202460.0,182660.0,69.19263135714266,11481.006384477048,9535.081283914551,1945.9251005624974,232986.7358228815,202460.0,171933.2641771185,0.3015581924615382,9060.109581079396,737618.45,0.6074075289195926,0.009463722397476282,0.10639138595278075,0.22632212854483735,0.09601896670947352,0.011286681715575675,-0.004444444444444473,0.032258064516129004,-0.0200892857142857,0
2025-08-18,006400,222500.0,224500.0,216000.0,219500.0,319220.0,222200.0,204310.0,183621.66666666666,64.370822578778,11148.00650708651,9857.666328548943,1290.3401785375663,234253.0058611356,204310.0,174366.9941388644,0.2931134634735021,9020.101753859439,719268.8,0.4438118266773145,-0.012151215121512182,0.07434780480642167,0.1953927005709204,0.08756301698399493,-0.0200892857142857,-0.006787330316742057,0.006880733944954143,0.006833712984054774,1
2025-08-19,006400,220500.0,223500.0,215500.0,221000.0,268361.0,221400.0,206070.0,184586.66666666666,65.24036108991007,10879.724477711163,10062.077958381387,817.6465193297754,235589.15310438297,206070.0,176550.84689561703,0.28649636632584047,8947.23734286948,706819.8,0.37967385746692434,-0.0018066847335139746,0.07245110884650852,0.19726957526726396,0.07439219682632126,0.006833712984054774,-0.0022573363431150906,-0.01777777777777778,-0.015837104072398245,0
2025-08-20,006400,218000.0,224000.0,216000.0,217500.0,377027.0,220700.0,207850.0,185541.66666666666,61.47061538520891,10266.344261218095,10102.931218948728,163.413042269367,235562.77683668683,207850.0,180137.22316331317,0.26666131187574527,8879.577532664516,701972.3,0.5370966917070659,-0.014499320344358857,0.04642771229251874,0.17224343139456555,0.06182343035843152,-0.015837104072398245,-0.029017857142857095,-0.015837104072398245,-0.00919540229885063,1
2025-08-21,006400,219000.0,219500.0,214500.0,215500.0,325179.0,219500.0,209395.0,186366.66666666666,59.35987269228316,9509.236179792264,9984.192211117435,-474.95603132517135,235125.17489252664,209395.0,183664.82510747336,0.2457572997686348,8602.464851759909,698028.3,0.46585360507589735,-0.018223234624145768,0.029155423959502436,0.15632266142013962,0.04825807684042127,-0.00919540229885063,-0.018223234624145768,-0.02708803611738153,0.002320185614849146,1
2025-08-22,006400,216500.0,219000.0,213500.0,216000.0,373227.0,217900.0,210680.0,187296.66666666666,59.732136668319114,8847.579008535045,9756.869570600958,-909.290562065913,234995.39430073075,210680.0,186364.60569926925,0.2308277416055701,8380.860219491344,666016.8,0.56038676501854,-0.008719596145020603,0.025251566356559785,0.1532506362455286,0.03426998291247396,0.002320185614849146,-0.022624434389140302,-0.0357142857142857,0.02546296296296302,2
2025-08-25,006400,220000.0,223500.0,217500.0,221500.0,254189.0,218300.0,212265.0,188086.66666666666,63.67391268615105,8667.105965430033,9538.916849566775,-871.8108841367412,235011.62832157794,212265.0,189518.37167842206,0.2143229295604828,8317.941632384818,652459.1,0.3895861058570568,0.01465872652313327,0.04350693708336273,0.17764860170843244,0.028431441829788184,0.02546296296296302,0.01839080459770126,0.009111617312072884,-0.0022573363431150906,1
2025-08-26,006400,221000.0,225750.0,219500.0,221000.0,480981.0,218300.0,213590.0,188863.33333333334,63.06948459933414,8387.053228348552,9308.544125323131,-921.4908969745793,235096.45484499977,213590.0,192083.54515500023,0.20138072798351764,8170.231515785903,638828.0,0.7529115818342339,0.012368300503893703,0.0346926354230066,0.17015831553680782,0.022051594175757305,-0.0022573363431150906,0.025522041763341052,0.0,-0.004524886877828038,1
2025-08-27,006400,224000.0,224000.0,217500.0,220000.0,362256.0,218800.0,215035.0,189715.0,61.805833309916174,7992.287656807806,9045.292831620067,-1053.0051748122605,234041.1332206216,215035.0,196028.8667793784,0.17677246234912072,8050.929264658339,630123.95,0.5748964152211641,0.005484460694698434,0.023089264538330934,0.15963418812429175,0.017508777640849127,-0.004524886877828038,0.0185185185185186,0.011494252873563315,-0.018181818181818188,0
2025-08-28,006400,220500.0,222500.0,215000.0,216000.0,336139.0,218900.0,215535.0,190435.0,56.89529617023705,7272.82987105014,8690.800239506083,-1417.9703684559427,234084.74662899782,215535.0,196985.25337100218,0.17212746541394963,8011.5771743256,567271.3,0.5925542152405735,-0.013248058474189084,0.0021574222284084232,0.1342452805419172,0.015612313545363854,-0.018181818181818188,-0.02483069977426633,0.002320185614849146,-0.04166666666666663,0
2025-08-29,006400,216500.0,216500.0,206000.0,207000.0,619884.0,217100.0,215835.0,191011.66666666666,47.71030171813955,5908.3221486354305,8134.304621331953,-2225.9824726965226,233612.76982638758,215835.0,198057.23017361242,0.16473481897178474,8189.3216618737715,550851.35,1.125319925239359,-0.04652233993551358,-0.04093404684133717,0.08370343870793229,0.005860958602636357,-0.04166666666666663,-0.06334841628959276,-0.04166666666666663,-0.019323671497584516,0
2025-09-01,006400,202500.0,206500.0,201500.0,203000.0,300030.0,213400.0,216485.0,191490.0,44.28820134269644,4452.843766132311,7398.012450292024,-2945.168684159713,231107.48610873055,216485.0,201862.51389126945,0.13509006267159893,7997.227257454217,523676.3,0.5729302624541153,-0.04873477038425489,-0.062290689886135286,0.060107577419186375,-0.014250409959119525,-0.019323671497584516,-0.07727272727272727,-0.08352144469525957,-0.0024630541871921707,1
2025-09-02,006400,204000.0,204000.0,199400.0,202500.0,295808.0,209700.0,216925.0,192018.33333333334,43.8646655678385,3221.881001879112,6562.786160609443,-3340.905158730331,229103.9777896184,216925.0,204746.0222103816,0.11228745224956455,7754.568167636059,516761.45,0.5724266003201284,-0.03433476394849788,-0.06649763743229231,0.0545868016074853,-0.03330644231877378,-0.0024630541871921707,-0.0625,-0.08371040723981904,-0.004938271604938316,1
2025-09-03,006400,203000.0,204500.0,200000.0,201500.0,252531.0,206000.0,216325.0,192538.33333333334,42.979392986347584,2140.962813340215,5678.421491155598,-3537.4586778153835,230186.0064569647,216325.0,202463.9935430353,0.12814983434152047,7522.099012804912,435607.25,0.5797217562379873,-0.021844660194174748,-0.06853114526753723,0.04654484388390179,-0.047729111290881754,-0.004938271604938316,-0.02657004830917875,-0.0840909090909091,0.00496277915632759,1
2025-09-04,006400,205500.0,205500.0,201000.0,202500.0,260018.0,203300.0,215550.0,193031.66666666666,44.19233687784094,1349.4632318543154,4812.629839295342,-3463.166607441027,230629.45622361815,215550.0,200470.54377638185,0.13991608651002693,7306.234797604561,390744.1,0.6654431890334365,-0.003935071323167727,-0.06054279749478075,0.049050673896338326,-0.05683136163303182,0.00496277915632759,-0.0024630541871921707,-0.0625,-0.014814814814814836,0
2025-09-05,006400,202500.0,203500.0,199300.0,199500.0,303237.0,201800.0,214675.0,193443.33333333334,41.350521839279736,474.647739443928,3945.0334193250596,-3470.3856798811316,231271.00855627688,214675.0,198078.99144372312,0.1546151955866019,7084.36088348995,382508.45,0.7927589573511382,-0.011397423191278455,-0.0706882496797484,0.03130977202626095,-0.059974379876557626,-0.014814814814814836,-0.014814814814814836,-0.036231884057971064,0.002005012531328232,1
2025-09-08,006400,197900.0,201500.0,197600.0,199900.0,207896.0,201180.0,213770.0,193906.66666666666,41.887114466304155,-184.24927300802665,3119.1768808584425,-3303.426153866469,231478.7661907885,213770.0,196061.2338092115,0.1656805556512935,6856.906534669239,374838.8,0.5546277493151723,-0.0063624614772840316,-0.06488281798194317,0.030908340782507038,-0.058895074145109194,0.002005012531328232,-0.007940446650124056,-0.015270935960591148,0.008004002001000599,1
2025-09-09,006400,200500.0,202500.0,199600.0,201500.0,307287.0,200980.0,212595.0,194450.0,44.09059927454023,-570.7440916184278,2381.1926863630683,-2951.936777981496,230285.84226372538,212595.0,194904.15773627462,0.16642764188927664,6574.270353621437,341014.8,0.9010957882179894,0.002587322121604174,-0.05218843340624191,0.036256106968372226,-0.054634398739387136,0.008004002001000599,-0.004938271604938316,-0.004938271604938316,-0.016873449131513674,0
2025-09-10,006400,200000.0,200500.0,196800.0,198100.0,689275.0,200300.0,211450.0,194930.0,40.57022637543903,-1138.2742874913383,1677.2992915921873,-2815.5735790835256,229769.77074092388,211450.0,193130.22925907612,0.1732775667148156,6440.393899791335,355317.25,1.9398861158584335,-0.010983524712930626,-0.06313549302435562,0.0162622479864567,-0.052731142113974894,-0.016873449131513674,-0.007017543859649145,-0.016873449131513674,0.001009591115598285,1
2025-09-11,006400,199700.0,201000.0,198000.0,198300.0,488743.0,199460.0,210290.0,195415.0,40.86930913727566,-1553.9942496425356,1031.0405833452428,-2585.0348329877784,228853.82503688312,210290.0,191726.17496311688,0.17655452029942575,6194.651478377667,363466.15,1.344672674470511,-0.005815702396470446,-0.057016501022397637,0.014763452140316824,-0.05150030909696135,0.001009591115598285,-0.008004002001000488,-0.020740740740740726,0.02874432677760974,2
2025-09-12,006400,201500.0,204000.0,200000.0,204000.0,534562.0,200360.0,209290.0,196011.66666666666,48.78066287483167,-1407.2905818163708,543.3743503129201,-1950.664932129291,226923.36609952868,209290.0,191656.63390047132,0.1685065325579691,6159.31922992212,367792.5,1.4534336616434538,0.018167298862048264,-0.02527593291604946,0.04075437686532268,-0.0426680682306847,0.02874432677760974,0.012406947890818865,0.022556390977443552,-0.01225490196078427,0
2025-09-15,006400,206000.0,207000.0,200500.0,201500.0,592824.0,200680.0,208390.0,196431.66666666666,45.88116921565997,-1475.7445106498199,139.55057812037217,-1615.295088770192,225681.14224104374,208390.0,191098.85775895626,0.16594982716103207,6183.653570641968,381472.7,1.5540404332996829,0.004086107235399705,-0.03306300686213348,0.025802017665176313,-0.036997936561255385,-0.01225490196078427,0.01716304896516907,0.008004002001000599,0.012406947890818865,2
2025-09-16,006400,203000.0,205000.0,201500.0,204000.0,398951.0,201180.0,207540.0,197010.0,49.136995040354535,-1313.1287054834538,-150.98527860039303,-1162.1434268830608,223915.1519076925,207540.0,191164.8480923075,0.15780236973780948,5991.964029881828,388002.2,1.0282183966998124,0.014017297942141349,-0.017056952876553955,0.03548043246535704,-0.03064469499855449,0.012406947890818865,0.02874432677760974,0.012406947890818865,0.0,1
2025-09-17,006400,204500.0,207500.0,202500.0,204000.0,342331.0,202360.0,206865.0,197463.33333333334,49.136995040354535,-1170.7587304330373,-354.9399689669219,-815.8187614661153,222644.38845456328,206865.0,191085.61154543672,0.15255735339050372,5921.10945631884,386267.4,0.88625392668395,0.008104368452263255,-0.013849612065840011,0.03310319215381763,-0.02177748773354604,0.0,0.0,0.029782937910146412,0.02450980392156854,2
2025-09-18,006400,205000.0,209000.0,202500.0,209000.0,374497.0,204500.0,206540.0,198023.33333333334,55.36548716616978,-647.0129239926173,-413.354559972061,-233.6583640205563,221855.53459726443,206540.0,191224.46540273557,0.14830574801263124,5962.458780867494,388733.3,0.9633777193772698,0.022004889975550057,0.01191052580613916,0.05543117814398979,-0.00987702140021307,0.02450980392156854,0.037220843672456594,0.0539586485123551,-0.028708133971291905,0
2025-09-19,006400,207500.0,209000.0,203000.0,203000.0,858121.0,204300.0,205890.0,198496.66666666666,47.800934938136145,-707.9298799268436,-472.2696239630176,-235.660255963826,220637.32518119822,205890.0,191142.67481880178,0.14325440945357443,5965.140296519816,412978.0,2.077885504796866,-0.006363191385217792,-0.014036621496915869,0.02268719877747749,-0.007722570304531495,-0.028708133971291905,-0.004901960784313708,-0.004901960784313708,0.022167487684729092,2
2025-09-22,006400,205000.0,211000.0,203500.0,207500.0,406999.0,205500.0,205190.0,199126.66666666666,52.988829181623906,-388.6149037507712,-455.5386799205683,66.92377616979712,218124.74390933203,205190.0,192255.25609066797,0.12607577278943446,6110.487418196972,420618.5,0.9676203020076387,0.009732360097323589,0.01125785857010575,0.0420502862499581,0.0015107948730443965,0.022167487684729092,0.017156862745097978,0.02977667493796532,0.012048192771084265,2
2025-09-23,006400,208500.0,211500.0,207500.0,210000.0,296713.0,206700.0,204640.0,199746.66666666666,55.627323674286785,65.41950668630307,-351.3470425991941,416.76654928549715,215627.8842367401,204640.0,193652.1157632599,0.10738745344742077,5959.738316897188,411405.1,0.7212185750735711,0.0159651669085632,0.02619233776387797,0.05133168680328426,0.010066458170445713,0.012048192771084265,0.004784688995215225,0.02941176470588225,-0.021428571428571463,0
2025-09-24,006400,211500.0,211500.0,203000.0,205500.0,361727.0,207000.0,203915.0,200201.66666666666,50.169130667841905,61.42459171038354,-268.79271573727857,330.2173074476621,212376.27059016554,203915.0,195453.72940983446,0.08298821165844143,6141.1855799759605,411378.65,0.8793042614146358,-0.007246376811594235,0.00777284652919108,0.02646498114401319,0.015128852708236273,-0.021428571428571463,0.012315270935960632,0.007352941176470562,0.024330900243308973,2
2025-09-25,006400,206000.0,211500.0,205500.0,210500.0,416263.0,207300.0,203640.0,200726.66666666666,55.40500286344898,456.45507608298794,-123.74315737322527,580.1982334562132,210764.1560903731,203640.0,196515.8439096269,0.0699681407422224,6131.100895691963,415384.85,1.0021140636207604,0.015436565364206567,0.03368689844824191,0.0486897605367167,0.017972893341190233,0.024330900243308973,0.014457831325301207,0.0071770334928229484,-0.038004750593824244,0
2025-09-26,006400,208000.0,208000.0,202500.0,202500.0,378492.0,207200.0,203415.0,201013.33333333334,46.9117033149639,122.57348889816785,-74.47982811894664,197.0533170171145,210383.00545349956,203415.0,196446.99454650044,0.06851024215027955,6264.593688856823,403315.25,0.9384519925790061,-0.022683397683397666,-0.004498193348573154,0.007395860971079804,0.01860728068234896,-0.038004750593824244,-0.0357142857142857,-0.0024630541871921707,0.01728395061728394,2
2025-09-29,006400,205500.0,208000.0,204500.0,206000.0,205188.0,206900.0,203565.0,201428.33333333334,50.48774756699461,138.7907811163459,-31.825706271888137,170.61648738823402,210619.4383192427,203565.0,196510.5616807573,0.06930895113838532,6209.979853938478,398573.15,0.5148063787036332,-0.004349927501208328,0.011961781249232528,0.02269624432180173,0.01638297349740858,0.01728395061728394,0.0024330900243310083,-0.0072289156626506035,-0.004854368932038833,1
2025-09-30,006400,205000.0,209000.0,204500.0,205000.0,247788.0,205900.0,203690.0,201895.0,49.46257389558422,70.1428957475,-11.431985868010509,81.57488161551052,210753.11545990861,203690.0,196626.88454009139,0.06935161726062757,6087.838435800016,396172.15,0.6254553733774572,-0.004371053909664857,0.0064313417448083054,0.015379281309591653,0.010849820806126953,-0.004854368932038833,-0.026128266033254133,-0.023809523809523836,-0.004878048780487809,1
2025-10-01,006400,206000.0,207500.0,203000.0,204000.0,216933.0,205600.0,203815.0,202378.33333333334,48.40410446148616,-64.21248903716332,-21.988086501841074,-42.22440253532225,210806.78804026553,203815.0,196823.21195973447,0.0686091606630084,5974.421404671443,394392.25,0.5500437698763097,-0.0077821011673151474,0.0009076858916174935,0.008013044874698227,0.008757942251551576,-0.004878048780487809,0.007407407407407307,-0.007299270072992692,0.01225490196078427,2
2025-10-02,006400,207500.0,212000.0,206500.0,206500.0,588864.0,204800.0,204015.0,202985.0,51.21480358974287,30.6852862915257,-11.453411943167719,42.13869823469342,211073.40633571066,204015.0,196956.59366428934,0.06919497424905682,6119.105590052054,410834.55,1.4333361203433352,0.00830078125,0.012180476925716333,0.017316550484025806,0.003847756292429505,0.01225490196078427,0.0024271844660195274,-0.019002375296912066,0.002421307506053294,1
2025-10-10,006400,208500.0,208500.0,202500.0,207000.0,461084.0,205700.0,204390.0,203596.66666666666,51.780568449475226,144.57174518101965,19.751619481669756,124.82012569934989,211242.99934335332,204390.0,197537.00065664668,0.06705806882287121,6110.598047905479,418726.9,1.1011568638174427,0.006319883325230924,0.01276970497578156,0.016716056255014156,0.006409315524242842,0.002421307506053294,0.009756097560975618,0.022222222222222143,0.01690821256038655,2
2025-10-13,006400,203500.0,214000.0,201500.0,210500.0,628628.0,206600.0,204920.0,204115.0,55.65719361321332,511.35376573342364,118.07204873202055,393.2817170014031,211939.57263656426,204920.0,197900.42736343574,0.06851037123330336,6566.983901626516,439763.5,1.4294683392323373,0.01887705711519838,0.027230138590669473,0.031281385493471925,0.00819832129611564,0.01690821256038655,0.031862745098039325,0.02184466019417486,0.0451306413301662,2
2025-10-14,006400,211500.0,223000.0,209500.0,220000.0,1096518.0,209600.0,205845.0,204763.33333333334,64.09495821248831,1550.7259611435875,404.60283121433395,1146.1231299292535,215278.6578271635,205845.0,196411.3421728365,0.09165787682152585,7062.199337224622,479225.05,2.288106600437519,0.04961832061068705,0.06876533313901234,0.07441110875970636,0.01824188102698643,0.0451306413301662,0.06537530266343827,0.07317073170731714,0.006818181818181834,1
2025-10-15,006400,223000.0,223000.0,217500.0,221500.0,450096.0,213100.0,207015.0,205468.33333333334,65.22029486060562,2467.034935198375,817.0892520111422,1649.9456831872328,217993.93892869455,207015.0,196036.06107130545,0.10606901846430984,6950.613670280006,467266.1,0.9632541286431865,0.03941811356170821,0.0699707750646088,0.07802499979721111,0.02939400526531899,0.006818181818181834,0.07004830917874405,0.08578431372549011,0.06546275395033851,2
2025-10-16,006400,222000.0,236000.0,221000.0,236000.0,1126965.0,219000.0,208900.0,206466.66666666666,73.77646909862732,4313.521625011112,1516.375726611136,2797.1458983999755,224998.4471300808,208900.0,192801.5528699192,0.15412587008215228,7525.569836688577,499177.2,2.257645180909705,0.07762557077625565,0.12972714217328862,0.14304165321278672,0.048348492101484064,0.06546275395033851,0.12114014251781469,0.1428571428571428,0.08262711864406769,2
2025-10-17,006400,234000.0,259500.0,232000.0,255500.0,2155134.0,228700.0,211475.0,207741.66666666666,80.6652640986722,7266.597844949749,2666.4201502788587,4600.177694670891,237207.2268760403,211475.0,185742.7731239597,0.24335951650114965,8952.314848353679,580205.8,3.714430293526883,0.11718408395277646,0.20818063600898462,0.22989289582414063,0.08145170823974457,0.08262711864406769,0.16136363636363638,0.2342995169082125,0.019569471624266255,2
2025-10-20,006400,258000.0,261500.0,248000.0,260500.0,876562.0,238700.0,214425.0,209041.66666666666,81.97293144806972,9896.311717038974,4112.398463630881,5783.913253408093,247411.7776540846,214425.0,181438.2223459154,0.30767660164705246,9277.149502042701,594392.7,1.4747186498084517,0.09132802681189789,0.2148769966188644,0.24616304564480762,0.11320974699778485,0.019569471624266255,0.17607223476297973,0.23752969121140133,-0.0057581573896353655,1
2025-10-21,006400,261500.0,267000.0,255500.0,259000.0,942968.0,246500.0,217175.0,210261.66666666666,80.22006833645176,11724.192252527253,5634.7572214101565,6089.4350311170965,255036.95319842888,217175.0,179313.04680157112,0.3486769029439749,9435.92453761108,621593.55,1.5170170282494082,0.05070993914807298,0.19258662369057222,0.2317984733308498,0.13502935420743634,-0.0057581573896353655,0.09745762711864403,0.17727272727272725,0.013513513513513598,2
2025-10-22,006400,262000.0,265500.0,258000.0,262500.0,676863.0,254700.0,220100.0,211605.0,81.22870166821988,13301.885637852509,7168.182904698628,6133.702733153881,262236.2077078612,220100.0,177963.7922921388,0.382882396254986,9297.644213496003,638320.15,1.0603816909116843,0.03062426383981154,0.1926397092230805,0.24051889133054516,0.15720127214902324,0.013513513513513598,0.027397260273972712,0.1851015801354401,-0.017142857142857126,0
2025-10-23,006400,261500.0,264500.0,257000.0,258000.0,520549.0,259100.0,222550.0,212828.33333333334,75.87174936496284,14027.407399713004,8540.027803701503,5487.3795960115,267428.61406059714,222550.0,177671.38593940288,0.403312640400783,9169.241055389146,645622.75,0.806274252262641,-0.004245465071401,0.15929004718040884,0.212244610288417,0.16423275668389126,-0.017142857142857126,-0.009596928982725572,0.09322033898305082,0.1356589147286822,2
2025-10-24,006400,261000.0,296500.0,259000.0,293000.0,1641056.0,266600.0,227050.0,214540.0,84.45738649859746,17228.002427954576,10277.622728552118,6950.379699402458,280428.7410866914,227050.0,173671.25891330864,0.4701937114000561,11264.295265718492,684769.5,2.39650860618062,0.09902475618904716,0.29046465536225496,0.36571268761070197,0.17419070689275484,0.1356589147286822,0.13127413127413123,0.14677103718199613,-0.027303754266211566,0
2025-10-27,006400,304000.0,304500.0,282000.0,285000.0,1695824.0,271500.0,230925.0,216126.66666666666,77.65555530494588,18901.08397511873,12002.31497786544,6898.76899725329,289100.8326111456,230925.0,172749.16738885434,0.5038504502426817,12066.845603881458,749210.75,2.2634806027542984,0.04972375690607733,0.23416693731731075,0.3186711496344736,0.17570639818122769,-0.027303754266211566,0.08571428571428563,0.09404990403071012,0.09473684210526323,2
2025-10-28,006400,282500.0,321000.0,273000.0,312000.0,3688662.0,282100.0,236025.0,218085.0,82.71511898310392,22150.35203657078,14031.922389606509,8118.429646964272,303162.5267640985,236025.0,168887.4732359015,0.5689018261972121,14633.499489318496,918808.2,4.014615890454613,0.10599078341013835,0.3218938671750873,0.43063484421211906,0.19521237157080829,0.09473684210526323,0.20930232558139528,0.20463320463320467,0.0608974358974359,2
2025-10-29,006400,312500.0,334000.0,309500.0,331000.0,2181528.0,295800.0,242300.0,220416.66666666666,85.24677644093094,25959.31872817484,16417.401657320173,9541.917070854666,319550.50161649473,242300.0,165049.49838350527,0.6376434305942611,15338.249525795747,1009798.25,2.1603602501786865,0.11899932386747802,0.36607511349566657,0.5017013232514178,0.22080066033842338,0.0608974358974359,0.12969283276450505,0.26095238095238105,-0.0166163141993958,0
2025-10-30,006400,335000.0,349500.0,324000.0,325500.0,1784094.0,309300.0,248050.0,222408.33333333334,81.52440293755294,28208.97276030708,18775.715877917555,9433.256882389524,331821.05705433147,248050.0,164278.94294566853,0.6754368639736462,16064.088845381764,1078189.8,1.654712370679077,0.05237633365664407,0.3122354364039508,0.4635242984000898,0.24692602297923805,-0.0166163141993958,0.14210526315789473,0.2616279069767442,-0.010752688172043001,0
2025-10-31,006400,316000.0,329000.0,315500.0,322000.0,1007311.0,315100.0,254025.0,224425.0,79.15568084966525,29370.850161432812,20894.742734620606,8476.107426812207,340936.14715616213,254025.0,167113.85284383787,0.6842723917422469,15880.939642140209,1109630.75,0.9077893704730154,0.021897810218978186,0.2675917724633403,0.43477776540046786,0.24042909162484016,-0.010752688172043001,0.03205128205128216,0.09897610921501698,0.01552795031055898,2
2025-11-03,006400,328500.0,328500.0,320000.0,327000.0,717628.0,323500.0,260075.0,226708.33333333334,80.0475661496124,30345.30282429274,22784.854752555035,7560.448071737705,349578.7848361737,260075.0,170571.2151638263,0.6882921067859171,15353.729667701624,1135252.75,0.6321305982302179,0.010819165378670892,0.2573296164567913,0.44238191508913793,0.2438719600115351,0.01552795031055898,-0.012084592145015116,0.1473684210526316,0.032110091743119185,2
2025-11-04,006400,353000.0,354500.0,335000.0,337500.0,1277759.0,328600.0,266700.0,229105.0,81.80794828223732,31600.55430859275,24547.994663762576,7052.559644830173,358502.1786233861,266700.0,174897.8213766139,0.6884302858896595,16221.320405722936,1186751.3,1.076686412730283,0.027084601339014025,0.26546681664791905,0.47312367691669754,0.2320959880014999,0.032110091743119185,0.03686635944700467,0.08173076923076916,-0.03703703703703709,0
2025-11-05,006400,327500.0,332500.0,310000.0,325000.0,1464201.0,327400.0,272750.0,230963.33333333334,73.49467008045093,31226.74217454187,25883.744165918437,5342.998008623432,363164.32408639736,272750.0,182335.67591360264,0.6629831280395774,17026.940376742725,1249114.7,1.1721909925485627,-0.007330482590103826,0.1915673693858846,0.4071497640318087,0.20036663611365713,-0.03703703703703709,0.009316770186335477,-0.01812688821752262,-0.009230769230769265,1
2025-11-06,006400,335000.0,335500.0,318500.0,322000.0,806692.0,326700.0,278525.0,232696.66666666666,71.61375501588144,30338.69287094596,26774.733906923942,3563.9589640220183,365981.5463530324,278525.0,191068.4536469676,0.6279978196070902,17025.016064118245,1260006.1,0.6402286465121081,-0.014386287113559826,0.15609011758369995,0.38377573092294703,0.17296472489004588,-0.009230769230769265,-0.015290519877675823,-0.010752688172043001,-0.0496894409937888,0
2025-11-07,006400,310000.0,318750.0,300000.0,306000.0,912774.0,323500.0,283475.0,234180.0,62.4360854406911,28020.834380995366,27023.954001738228,996.880379257138,365196.76882569364,283475.0,201753.23117430636,0.5765712590224439,17380.37205953837,1282590.6,0.7116643455830722,-0.054095826893353904,0.07946026986506749,0.3066871637202153,0.14119410882793892,-0.0496894409937888,-0.09333333333333338,-0.0496894409937888,0.02941176470588225,2
2025-11-10,006400,308000.0,316000.0,303000.0,315000.0,450539.0,321100.0,288700.0,235796.66666666666,65.14218252344205,26603.4713546125,26939.857472313084,-336.3861177005856,364217.8124683185,288700.0,213182.1875316815,0.5231576894237513,17067.488340999917,1273686.15,0.3537284283102239,-0.01899719713484893,0.09109802563214409,0.3358967471974441,0.11222722549359188,0.02941176470588225,-0.03076923076923077,-0.03669724770642202,0.022222222222222143,2
2025-11-11,006400,324000.0,331000.0,314000.0,322000.0,774167.0,318000.0,293800.0,237413.33333333334,67.12584311889782,25748.23284272151,26701.532546394774,-953.2997036732631,363633.6595060013,293800.0,223966.3404939987,0.4753822975221327,17062.66774521421,1257568.6,0.615606178462153,0.012578616352201255,0.09598366235534384,0.3562843985173536,0.08236895847515324,0.022222222222222143,0.0,-0.045925925925925926,-0.0015527950310558758,1
2025-11-12,006400,324500.0,325000.0,316000.0,321500.0,342657.0,317300.0,298800.0,239088.33333333334,66.83328199805382,24744.860984770115,26310.19823406984,-1565.337249299726,361127.68245330587,298800.0,236472.31754669413,0.4171866295401999,16486.762906270338,1252196.65,0.27364471866299916,0.013236684525685494,0.07597054886211518,0.3446912926184882,0.06191432396251684,-0.0015527950310558758,0.05065359477124187,-0.010769230769230753,0.04043545878693622,2
2025-11-13,006400,321500.0,336500.0,317500.0,334500.0,672268.0,319800.0,303725.0,240971.66666666666,70.4405709389756,24713.787751506083,25990.91613755709,-1277.1283860510084,360767.50608099316,303725.0,246682.49391900684,0.3756194325853529,16666.279841536743,1229461.8,0.5467986073255794,0.045966228893058236,0.10132521195160105,0.3881300014524529,0.05292616676269657,0.04043545878693622,0.06190476190476191,0.03881987577639756,-0.058295964125560484,0
2025-11-14,006400,323000.0,324500.0,315000.0,315000.0,544713.0,321600.0,306700.0,242488.33333333334,59.914087245358495,22852.248463319032,25363.18260270948,-2510.934139390447,359413.7553206006,306700.0,253986.24467939942,0.34374799687382185,16868.68842428412,1148940.75,0.4741001657396171,-0.020522388059701524,0.02706227583958265,0.2990315685290701,0.04858167590479301,-0.058295964125560484,-0.021739130434782594,0.02941176470588225,0.006349206349206327,1
2025-11-17,006400,321000.0,324500.0,315000.0,317000.0,324257.0,322000.0,309525.0,244113.33333333334,60.56499938938553,21292.897186667426,24549.12551950107,-3256.2283328336453,357910.40585755324,309525.0,261139.59414244676,0.3126429584528115,16342.353536835251,1121325.5,0.28917294755180367,-0.01552795031055898,0.02414990711574183,0.2985771636125296,0.04030369113964949,0.006349206349206327,-0.013996889580093264,0.006349206349206327,-0.04889589905362779,0
2025-11-18,006400,317000.0,319000.0,301000.0,301500.0,520118.0,317900.0,311650.0,245455.0,53.336597503791104,18592.061888018274,23357.71279320451,-4765.650905186238,354374.81714413944,311650.0,268925.18285586056,0.27418461186677,16460.756855632735,1100183.0,0.4727558960645638,-0.051588549858446076,-0.03256858655543082,0.22833105864618775,0.020054548371570613,-0.04889589905362779,-0.09865470852017932,-0.0636645962732919,-0.016583747927031545,0
2025-11-19,006400,300500.0,303500.0,290000.0,296500.0,413844.0,312900.0,313350.0,246771.66666666666,51.213227353270945,15865.287088358426,21859.2276522353,-5993.940563876873,350452.69531988417,313350.0,276247.30468011583,0.23681311836530503,16249.274223087541,1087032.05,0.3807100259831345,-0.05241291147331417,-0.05377373543960429,0.20151557107447515,-0.0014360938247965915,-0.016583747927031545,-0.058730158730158744,-0.07776049766718507,0.018549747048903775,2
2025-11-20,006400,304500.0,307000.0,300500.0,302000.0,247526.0,306400.0,315550.0,248213.33333333334,53.410412402966145,13986.870512119436,20284.756224212128,-6297.885712092691,343304.09879639687,315550.0,287795.90120360313,0.1759093569728846,15838.611778581288,1073380.9,0.23060406608688494,-0.01436031331592691,-0.04294089684677549,0.21669531585732704,-0.028996989383615945,0.018549747048903775,-0.04731861198738174,-0.09715994020926755,-0.04470198675496684,0
2025-11-21,006400,289000.0,293250.0,287000.0,288500.0,345160.0,301100.0,315325.0,249421.66666666666,47.72845838098894,11278.859000683005,18483.576779506304,-7204.717778823298,343868.43181889935,315325.0,286781.56818110065,0.18104134983841655,15778.710937254053,1008586.1,0.34222165068505306,-0.041846562603786164,-0.08507095853484503,0.15667577662993737,-0.045112185840006314,-0.04470198675496684,-0.04311774461028195,-0.08412698412698416,-0.025996533795493937,0
2025-11-24,006400,291500.0,291500.0,280500.0,281000.0,808887.0,293900.0,315125.0,250413.33333333334,44.87242361953113,8430.372956102481,16472.93601482554,-8042.563058723059,344557.7623576204,315125.0,285692.2376423796,0.1868005544315456,15437.374441735907,964239.25,0.8388861996646579,-0.043892480435522296,-0.10829036096786993,0.12214472072839566,-0.06735422451408168,-0.025996533795493937,-0.05227655986509272,-0.11356466876971605,0.01245551601423478,2
2025-11-25,006400,288000.0,289000.0,281000.0,284500.0,265462.0,290500.0,313750.0,251471.66666666666,46.48187706597982,6381.782773526793,14454.705366565791,-8072.9225930389985,346066.4045029789,313750.0,281433.5954970211,0.20600098487954677,14906.133410183344,793079.25,0.33472316921669554,-0.02065404475043031,-0.0932270916334661,0.13134017748851767,-0.07410358565737052,0.01245551601423478,-0.05794701986754969,-0.056384742951907096,0.07029876977152894,2
2025-11-26,006400,288000.0,304500.0,286500.0,304500.0,466323.0,292100.0,312425.0,252880.0,54.6326622754643,6299.476701440173,12823.659633540668,-6524.182932100495,343967.47136798495,312425.0,280882.52863201505,0.2019202776217329,15269.981023741677,707319.0,0.6592824454029935,0.04245121533721319,-0.025366087861086628,0.20412844036697253,-0.06505561334720333,0.07029876977152894,0.0554592720970537,0.026981450252951067,-0.0049261083743842304,1
2025-11-27,006400,307000.0,307500.0,300000.0,303000.0,256219.0,292300.0,311300.0,254330.0,53.96878596558943,6043.544859190646,11467.636678670664,-5424.091819480018,342500.0000000024,311300.0,280099.9999999976,0.20044972695150906,14714.982379188701,630925.25,0.4061004057136721,0.03660622647964429,-0.026662383552842894,0.1913655486965753,-0.06103437198843564,-0.0049261083743842304,0.07829181494661919,0.0033112582781456013,-0.011551155115511524,0
2025-11-28,006400,307500.0,308000.0,298000.0,299500.0,339877.0,294500.0,310175.0,255871.66666666666,52.36968374330961,5494.953873277875,10273.100117592106,-4778.146244314232,341373.19706329436,310175.0,278976.80293670564,0.20116512977057696,14378.197923532365,597553.55,0.5687808230743504,0.01697792869269943,-0.034416055452567096,0.17050865342652255,-0.050535987748851485,-0.011551155115511524,0.05272407732864681,0.03812824956672434,-0.0016694490818029983,1
2025-12-01,006400,301500.0,304500.0,296000.0,299000.0,255242.0,298100.0,308775.0,257471.66666666666,52.132040786205415,4962.639523935679,9211.007998860821,-4248.368474925142,339333.9185018081,308775.0,278216.0814981919,0.1979364812682897,13958.326643280054,574434.25,0.4443363187344766,0.0030191211003018914,-0.03165735567970207,0.16129282833709868,-0.03457209942514772,-0.0016694490818029983,-0.01806239737274218,0.06405693950177938,0.02006688963210701,2
2025-12-02,006400,300500.0,306500.0,297500.0,305000.0,317336.0,302200.0,307150.0,259180.0,54.7836321702367,4967.662304092781,8362.338859907213,-3394.6765558144325,334738.2221246702,307150.0,279561.7778753298,0.17964005941507552,13604.160454474335,526413.1,0.6028269433264484,0.009265387160820593,-0.006999837213088056,0.17678833243305814,-0.016115904281295834,0.02006688963210701,0.0066006600660066805,0.07205623901581726,0.0,1
2025-12-03,006400,305500.0,306250.0,301000.0,305000.0,224504.0,302300.0,306150.0,260905.0,54.7836321702367,4914.985994482646,7672.8682868222995,-2757.8822923396538,332499.7628072843,306150.0,279800.2371927157,0.17213629140803074,13007.434707726168,464428.25,0.48339867353030314,0.00893152497519023,-0.0037563285970929616,0.16900787643011816,-0.01257553486852847,0.0,0.01836393989983298,0.0016420361247948545,-0.008196721311475419,1
2025-12-04,006400,305500.0,306000.0,297500.0,302500.0,297211.0,302200.0,305175.0,262571.6666666667,53.35540198297064,4618.273945705616,7061.949418598962,-2443.6754728933465,330531.01506546605,305175.0,279818.98493453395,0.166173605737469,12685.475085745727,438954.2,0.6770888625738175,0.0009927200529451508,-0.008765462439583871,0.15206641996153425,-0.009748504956172743,-0.008196721311475419,0.0117056856187292,-0.0016501650165016146,0.016528925619834656,2
2025-12-05,006400,299500.0,310500.0,299500.0,307500.0,379347.0,303800.0,305250.0,264371.6666666667,55.83531907374255,4732.0377371686045,6595.967082312891,-1863.9293451442863,330624.1994947652,305250.0,279875.8005052348,0.16625192134162292,12565.08400819246,412282.85,0.920113460940711,0.012179065174456882,0.0073710073710073765,0.1631352325955251,-0.004750204750204712,0.016528925619834656,0.008196721311475308,0.026711185308847973,0.021138211382113914,2
2025-12-08,006400,308500.0,314000.0,305000.0,314000.0,507131.0,306800.0,305200.0,266273.3333333333,58.89488430865909,5285.761075355636,6333.92588092144,-1048.1648055658034,330500.9881229991,305200.0,279899.0118770009,0.16579939792266768,12310.435150464427,415112.45,1.2216713808511404,0.02346805736636237,0.028833551769331667,0.17923937808267199,0.005242463958060384,0.021138211382113914,0.029508196721311553,0.050167224080267525,-0.01273885350318471,0
2025-12-09,006400,310500.0,313000.0,306500.0,310000.0,278714.0,307800.0,304600.0,268081.6666666667,56.30965651376283,5340.264989030897,6135.193702543332,-794.928713512435,328825.19349768216,304600.0,280374.80650231784,0.15906233419357954,11966.83263971697,390339.8,0.7140291612589852,0.007147498375568606,0.017728168089297336,0.15636404329526443,0.010505581089954141,-0.01273885350318471,0.024793388429751984,0.016393442622950838,0.024193548387096753,2
2025-12-10,006400,326000.0,329000.0,314000.0,317500.0,637865.0,310300.0,304400.0,270071.6666666667,59.86687226244594,5920.400363117922,6092.235034658251,-171.8346715403286,328124.670703724,304400.0,280675.329296276,0.15587825692328533,12469.201736880043,405100.2,1.5745857444651965,0.023203351595230348,0.04303547963206311,0.17561388026634894,0.019382391590013093,0.024193548387096753,0.03252032520325199,0.040983606557376984,-0.0299212598425197,0
2025-12-11,006400,321000.0,321500.0,308000.0,308000.0,463386.0,311400.0,303075.0,271900.0,53.882488728393454,5549.6186720109545,5983.711762128792,-434.09309011783716,322497.3453784588,303075.0,283652.6546215412,0.12816857463306963,12542.830184245755,394656.1,1.1741513687486398,-0.010918432883750828,0.016250103109791247,0.13276940051489516,0.027468448403860535,-0.0299212598425197,-0.019108280254777066,0.018181818181818077,0.0,1
2025-12-12,006400,310000.0,310000.0,306000.0,308000.0,304163.0,311500.0,302725.0,273633.3333333333,53.882488728393454,5195.876678442699,5826.144745391573,-630.2680669488745,321517.2191345285,302725.0,283932.7808654715,0.12415373117204381,11932.6280282282,382628.6,0.794930122839746,-0.011235955056179803,0.01742505574366171,0.12559386039712517,0.028986704104385197,0.0,-0.006451612903225823,0.001626016260162677,-0.016233766233766267,0
2025-12-15,006400,301500.0,309500.0,298500.0,303000.0,339241.0,309300.0,302025.0,275325.0,50.783827851085114,4460.655724183365,5553.0469411499325,-1092.3912169665673,319644.52042480547,302025.0,284405.47957519453,0.11667590712560527,11866.011740497615,383377.8,0.8848738763694716,-0.020368574199805978,0.0032282095852991244,0.10051757014437479,0.02408740998261738,-0.016233766233766267,-0.04566929133858266,-0.035031847133757954,-0.031353135313531344,0
2025-12-16,006400,304000.0,304500.0,291500.0,293500.0,480504.0,306000.0,301625.0,276816.6666666667,45.43724085492736,3075.9594697160064,5057.629446863148,-1981.6699771471413,319632.9843402902,301625.0,283617.0156597098,0.11940644403010486,11947.010901890642,381397.1,1.2598522642149088,-0.040849673202614345,-0.02693742229589724,0.060268529110723,0.01450476585163707,-0.031353135313531344,-0.04707792207792205,-0.0532258064516129,0.005110732538330387,1
2025-12-17,006400,296000.0,297000.0,291500.0,295000.0,232155.0,301500.0,301550.0,278333.3333333333,46.396848861948115,2075.6879373587435,4461.241144962267,-2385.5532076035233,319654.97169288417,301550.0,283445.02830711583,0.12007940104715083,11486.510123184167,372312.65,0.6235485149376471,-0.021558872305140975,-0.021721107610678136,0.05988023952095811,-0.00016580998176085604,0.005110732538330387,-0.04220779220779225,-0.07086614173228345,-0.06101694915254241,0
2025-12-18,006400,285000.0,285500.0,277000.0,277000.0,644420.0,295300.0,300300.0,279466.6666666667,37.80457954619008,-167.55258442956256,3535.482399083901,-3703.0349835134634,321324.7473230984,300300.0,279275.2526769016,0.14002495719679267,11951.759400099585,392157.35,1.6432689582383195,-0.06197087707416182,-0.07758907758907763,-0.008826335877862634,-0.01665001665001664,-0.06101694915254241,-0.08580858085808585,-0.10064935064935066,0.00902527075812265,1
2025-12-19,006400,280000.0,280000.0,267500.0,279500.0,691283.0,289600.0,299850.0,280741.6666666667,39.48092628802743,-1723.7375791704399,2483.6384034330326,-4207.375982603473,322208.66722325224,299850.0,277491.33277674776,0.14913234766217937,11990.919442949615,409463.5,1.688265254412176,-0.034875690607734766,-0.06786726696681677,-0.004422808631897701,-0.03418375854593969,0.00902527075812265,-0.047700170357751315,-0.09253246753246758,0.01073345259391778,2
2025-12-22,006400,282000.0,285000.0,277500.0,282500.0,311296.0,285500.0,299925.0,281991.6666666667,41.517940388021174,-2684.0108647461166,1450.108549797203,-4134.11941454332,322038.96617525077,299925.0,277811.03382474923,0.14746330699508722,11670.139482738929,384583.95,0.8094357551842711,-0.010507880910682998,-0.05809785779778276,0.0018026537427229261,-0.048095357172626474,0.01073345259391778,-0.0423728813559322,-0.06765676567656764,-0.010619469026548645,0
2025-12-23,006400,283000.0,283000.0,277750.0,279500.0,329038.0,282700.0,299675.0,283150.0,40.06563329614722,-3645.0909504279844,431.0686497521656,-4076.15960018015,322579.74841599737,299675.0,276770.25158400263,0.1528639253591215,11211.55809111472,387762.75,0.8485549475807049,-0.011319419879731174,-0.06732293317760907,-0.012890693978456658,-0.056644698423291895,-0.010619469026548645,0.00902527075812265,-0.047700170357751315,0.0017889087656528524,1
2025-12-24,006400,281500.0,283500.0,278500.0,280000.0,206418.0,279700.0,298450.0,284391.6666666667,40.43958353581218,-4316.648385643901,-518.4747573270477,-3798.173628316853,322768.511467607,298450.0,274131.488532393,0.16296539767201873,10767.875370320811,374767.5,0.5507894894834797,0.0010725777618876275,-0.06181940023454513,-0.01544231839892174,-0.06282459373429383,0.0017889087656528524,0.0017889087656528524,-0.05084745762711862,-0.021428571428571463,0
2025-12-26,006400,280000.0,282500.0,273000.0,274000.0,340872.0,279100.0,297000.0,285450.0,37.42218313064611,-5272.237277785782,-1469.2272614187946,-3803.010016366987,323427.25865465676,297000.0,270572.74134534324,0.17796133774179637,10677.312843869324,379000.15,0.8993980609242502,-0.018273020422787556,-0.07744107744107742,-0.04011210369591878,-0.06026936026936025,-0.021428571428571463,-0.030088495575221197,-0.010830324909747335,0.012773722627737127,2
2025-12-29,006400,267000.0,278500.0,265000.0,277500.0,330047.0,278700.0,295900.0,286700.0,40.22409152603661,-5681.633278435038,-2311.7084648220434,-3369.9248136129945,323619.30735065596,295900.0,268180.69264934404,0.18735591315076688,10878.933355021514,378508.65,0.8719668625802871,-0.0043057050592034685,-0.0621831699898614,-0.032089291942797304,-0.05812774586008784,0.012773722627737127,-0.007155635062611854,-0.007155635062611854,-0.028828828828828867,0
2025-12-30,006400,273500.0,275000.0,267000.0,269500.0,448385.0,276100.0,294425.0,287758.3333333333,36.23090718831053,-6575.81381138321,-3164.529534134277,-3411.284277248933,324377.0867386586,294425.0,264472.9132613414,0.20346157247963728,10851.866686805692,388165.8,1.1551378302776802,-0.0239043824701195,-0.08465653392205141,-0.06345023312385967,-0.062239959242591514,-0.028828828828828867,-0.03749999999999998,-0.046017699115044275,-0.025974025974025983,0
2026-01-02,006400,268000.0,268000.0,259000.0,262500.0,616243.0,272700.0,292300.0,288716.6666666667,33.13157626414318,-7759.849114275479,-4083.593450162518,-3676.2556641129613,324865.9331203656,292300.0,259734.06687963443,0.22282540622898112,10826.733352033856,403111.15,1.528717327714701,-0.037403740374037375,-0.10195005131713997,-0.09080413323327374,-0.06705439616832021,-0.025974025974025983,-0.041970802919708006,-0.06082289803220031,0.04761904761904767,2
2026-01-05,006400,260000.0,280000.0,259500.0,275000.0,805956.0,271700.0,290800.0,289900.0,42.57793069442991,-7601.9297747834935,-4787.260715086713,-2814.66905969678,323650.26636117464,290800.0,257949.73363882536,0.2259303050974872,11517.680969745723,432183.75,1.864845681958195,0.012145748987854255,-0.054332874828060485,-0.051397033459813724,-0.06568088033012376,0.04761904761904767,-0.009009009009009028,-0.017857142857142905,0.0072727272727273196,1
2026-01-06,006400,282000.0,282000.0,274000.0,277000.0,448991.0,272300.0,289525.0,291075.0,43.942456885972234,-7232.027958659746,-5276.21416380132,-1955.8137948584263,322439.24463663297,289525.0,256610.75536336706,0.2273672023944941,11266.418043335314,439772.75,1.020961394265561,0.0172603745868527,-0.04326051290907518,-0.04835523490509319,-0.05949399879112338,0.0072727272727273196,0.027829313543599188,0.010948905109489093,-0.023465703971119134,0
2026-01-07,006400,279000.0,280000.0,268500.0,270500.0,603479.0,270900.0,287675.0,292133.3333333333,40.568352942565106,-7378.3210889484035,-5696.635548830737,-1681.6855401176663,320499.19077449007,287675.0,254850.80922550993,0.2282032903414622,11283.102468811363,450979.35,1.3381521792516664,-0.0014765596160944972,-0.05970278960632658,-0.0740529438612505,-0.058312331624228775,-0.023465703971119134,0.030476190476190546,-0.02522522522522519,0.001848428835489857,1
2026-01-08,006400,271500.0,274000.0,269000.0,271000.0,556265.0,271200.0,285525.0,293141.6666666667,40.943999561519014,-7368.968742719269,-6031.102187608444,-1337.8665551108252,316765.15845030424,285525.0,254284.84154969576,0.21882608143107776,10834.309435324836,453436.05,1.2267771828022938,-0.0007374631268436405,-0.05087120217143859,-0.07553230804218669,-0.050170738114000524,0.001848428835489857,-0.014545454545454528,0.005565862708719838,-0.01291512915129156,0
2026-01-09,006400,272000.0,272000.0,265250.0,267500.0,433710.0,272200.0,283400.0,293933.3333333333,39.08182955306256,-7556.866833363485,-6336.255116759452,-1220.611716604033,313450.9567235406,283400.0,253349.0432764594,0.2120745005189881,10542.573047087348,461185.85,0.9404234756985714,-0.01726671565025717,-0.056104446012702924,-0.08992968927194367,-0.03952011291460833,-0.01291512915129156,-0.03429602888086647,0.01904761904761898,0.03925233644859816,2
2026-01-12,006400,265500.0,280500.0,264000.0,278000.0,704473.0,272800.0,281425.0,294875.0,46.88627050899302,-6780.355458986596,-6425.075185204882,-355.28027378171464,307129.62020727224,281425.0,255720.37979272776,0.18267474607637726,10968.103543723966,464516.25,1.5165734245034486,0.019061583577712593,-0.01217020520564982,-0.057227638830012695,-0.03064759705072395,0.03925233644859816,0.02772643253234741,0.01090909090909098,0.07913669064748197,2
2026-01-13,006400,281500.0,302500.0,276000.0,300000.0,1248744.0,277400.0,281025.0,295941.6666666667,58.797074244215366,-4339.722838503425,-6008.004715864591,1668.2818773611662,305270.56660505396,281025.0,256779.43339494604,0.17255095884746166,12077.524719172256,503784.15,2.4787282410532367,0.08147080028839215,0.06752068321323734,0.013713288091684595,-0.012899208255493289,0.07913669064748197,0.10701107011070121,0.08303249097472931,-0.04833333333333334,0
2026-01-14,006400,298500.0,298500.0,284500.0,285500.0,663816.0,280400.0,279900.0,296441.6666666667,50.72337738702616,-3534.7859097658657,-5513.360954644846,1978.5750448789804,300906.1895640334,279900.0,258893.8104359666,0.15009781753507262,12321.987239231381,521766.8,1.2722465285257705,0.01818830242510705,0.020007145409074667,-0.036910016023388614,0.0017863522686674127,-0.04833333333333334,0.06728971962616814,0.055452865064695045,0.021015761821365997,2
2026-01-15,006400,287000.0,292000.0,284250.0,291500.0,487778.0,284500.0,279325.0,296958.3333333333,53.564776217064015,-2385.2223797319457,-4887.733239662266,2502.5108599303203,298302.0255835868,279325.0,260347.97441641326,0.13587774516127635,11995.416722143424,529193.65,0.9217381954602063,0.024604569420035194,0.04358721918911668,-0.018380805387961163,0.018526805692293813,0.021015761821365997,0.04856115107913661,0.07564575645756455,-0.00857632933104635,1
2026-01-16,006400,291500.0,292000.0,286000.0,289000.0,447796.0,288800.0,279100.0,297458.3333333333,52.21379301755991,-1656.815370392229,-4241.549665808258,2584.7342954160295,297497.28240801085,279100.0,260702.71759198915,0.1318329086923028,11567.17267056175,527558.25,0.848808638666915,0.0006925207756232066,0.035471157291293354,-0.028435355091749437,0.03475456825510559,-0.00857632933104635,-0.036666666666666625,0.08037383177570101,0.08650519031141868,2
2026-01-19,006400,289000.0,320000.0,286000.0,314000.0,1430872.0,296000.0,280050.0,298316.6666666667,62.42088234624021,927.0569630835089,-3207.828340029905,4134.885303113414,303025.85689370707,280050.0,257074.14310629293,0.16408396281883283,13169.517479807339,587494.1,2.4355512676637945,0.060810810810810745,0.12122835207998572,0.052572769428459676,0.05695411533654715,0.08650519031141868,0.09982486865148865,0.12949640287769792,0.03821656050955413,2
2026-01-20,006400,319000.0,339500.0,315500.0,326000.0,2148250.0,301200.0,282500.0,299450.0,66.15757014437224,3898.15856950375,-1786.630958123174,5684.789527626925,312902.3025443816,282500.0,252097.6974556184,0.21523754013721477,14050.26623124967,662685.6,3.2417333347819843,0.08233731739707828,0.15398230088495568,0.08866254800467521,0.06619469026548663,0.03821656050955413,0.11835334476843906,0.08666666666666667,-0.006134969325153339,1
2026-01-21,006400,316000.0,326500.0,310000.0,324000.0,1109366.0,308900.0,284725.0,299966.6666666667,64.99753655398106,6021.977109354339,-224.90934462767154,6246.88645398201,320039.9755769435,284725.0,249410.02442305654,0.2480637497721905,14225.247214731837,683589.75,1.6228534731540372,0.04888313370022668,0.13794011765738867,0.080120013334815,0.08490648871718331,-0.006134969325153339,0.12110726643598624,0.1348511383537654,0.18672839506172845,2
2026-01-22,006400,333000.0,385500.0,325500.0,384500.0,5826300.0,327500.0,289825.0,301625.0,77.72270495203166,12443.521810270322,2308.7768863519273,10134.744923918395,345799.34680279996,289825.0,233850.65319720004,0.386263067732597,17602.01527082242,959339.95,6.073238167554682,0.17404580152671745,0.32666264124902966,0.27476170741815165,0.12999223669455695,0.18672839506172845,0.22452229299363058,0.3190394511149228,-0.02990897269180759,0
2026-01-23,006400,402000.0,402000.0,362500.0,373000.0,3366383.0,344300.0,294500.0,302641.6666666667,72.33919237015022,16415.46114220994,5130.11373752353,11285.34740468641,360892.7706907923,294500.0,228107.2293092077,0.4508846905996081,19166.15703719225,1111207.2,3.0294827103352104,0.08335753703165838,0.26655348047538197,0.23248065644188665,0.16910016977928688,-0.02990897269180759,0.14417177914110435,0.2906574394463668,0.03753351206434319,2
2026-01-26,006400,385500.0,389500.0,375500.0,387000.0,1609025.0,358900.0,299850.0,303575.0,74.64195159532451,20457.117756781285,8195.514541375082,12261.603215406203,377068.58584563783,299850.0,222631.4141543622,0.5150480963524283,18975.717248821373,1181337.55,1.362036616883972,0.07829478963499592,0.2906453226613306,0.2748085316643334,0.1969317992329498,0.03753351206434319,0.19444444444444442,0.23248407643312108,0.0012919896640826156,1
2026-01-27,006400,373500.0,398000.0,367500.0,387500.0,1845095.0,371200.0,305525.0,304608.3333333333,74.72288686140787,23430.414332222892,11242.494499544646,12187.919832678246,390594.07487448154,305525.0,220455.92512551846,0.5568714499597842,19798.880302476988,1256548.7,1.4683831991549552,0.043911637931034475,0.2683086490467228,0.27212540694334253,0.21495785942230583,0.0012919896640826156,0.007802340702210753,0.18865030674846617,0.023225806451612874,2
2026-01-28,006400,394000.0,411500.0,390000.0,396500.0,2071072.0,385700.0,311475.0,305850.0,76.19565824641083,26210.855645378295,14236.166728711376,11974.688916666919,404175.31013971934,311475.0,218774.68986028066,0.5952343535739263,20098.960280871488,1343599.95,1.541435008240362,0.02800103707544732,0.2729753591781041,0.296387117868236,0.23830162934424903,0.023225806451612874,0.06300268096514738,0.22376543209876543,-0.021437578814628044,0
2026-01-29,006400,397500.0,399500.0,376500.0,388000.0,1317541.0,386400.0,317400.0,306866.6666666667,71.93284596813103,27412.50219391455,16871.433821752013,10541.06837216254,413689.9787101449,317400.0,221110.0212898551,0.6067421468818204,20306.17740366638,1387057.75,0.949881863246141,0.0041407867494824835,0.22243226212980471,0.26439278731262217,0.21739130434782616,-0.021437578814628044,0.0025839793281654533,0.00910273081924573,0.005154639175257714,1
2026-01-30,006400,390500.0,400500.0,376000.0,390000.0,1730887.0,389800.0,323775.0,307741.6666666667,72.32517159100637,28201.114137139055,19137.369884829423,9063.744252309632,421553.0522407773,323775.0,225996.94775922273,0.6039876595832123,20605.736160547352,1442789.95,1.199680521755783,0.0005130836326321386,0.2045401899467223,0.2672967044869885,0.20392247702880084,0.005154639175257714,0.006451612903225712,0.04557640750670244,-0.0871794871794872,0
2026-02-02,006400,380000.0,386500.0,355500.0,356000.0,1586089.0,383600.0,327825.0,308258.3333333333,57.58800660913011,25785.34156687744,20466.964221239024,5318.377345638415,423881.37667536794,327825.0,231768.62332463206,0.5860222781994536,21598.18357765111,1481796.6,1.0703823993117543,-0.07194994786235664,0.08594524517654234,0.15487551025925228,0.17013650575764516,-0.0871794871794872,-0.1021437578814628,-0.08010335917312661,0.05196629213483139,2
2026-02-03,006400,366500.0,381000.0,357500.0,374500.0,930111.0,381000.0,332700.0,309133.3333333333,62.11182958151639,25074.575689129764,21388.486514817174,3686.0891743125903,427835.9027917441,332700.0,237564.0972082559,0.571902030608621,21841.170464961742,1505852.6,0.6176640396277829,-0.017060367454068248,0.12563871355575595,0.21145136941988363,0.1451758340847611,0.05196629213483139,-0.03479381443298968,-0.03354838709677421,0.04539385847797073,2
2026-02-04,006400,374000.0,396000.0,372500.0,391500.0,1224216.0,380000.0,338750.0,310558.3333333333,65.72927573810996,25588.083042015438,22228.405820256827,3359.6772217586113,432676.30089596944,338750.0,244823.69910403056,0.5545464259540631,21959.658288893046,1536889.45,0.7965543650520862,0.03026315789473677,0.15571955719557184,0.260632731370918,0.12177121771217703,0.04539385847797073,0.0038461538461538325,-0.01261034047919296,-0.01532567049808431,0
2026-02-05,006400,388000.0,399500.0,380000.0,385500.0,1150046.0,379500.0,344475.0,311733.3333333333,63.42749979647644,25220.169053056743,22826.75846681681,2393.4105862399338,435084.8642532931,344475.0,253865.13574670692,0.5260751244838846,21783.968411114973,1566578.5,0.7341132282869961,0.015810276679841806,0.11909427389505778,0.23663387510692901,0.10167646418462883,-0.01532567049808431,0.0828651685393258,-0.006443298969072142,-0.04020752269779504,0
2026-02-06,006400,370500.0,373000.0,358500.0,370000.0,727300.0,375500.0,349600.0,312533.3333333333,57.796672982080295,23408.040781900403,22943.014929833527,465.0258520668758,433566.421860171,349600.0,265633.578139829,0.48035710446322094,22156.54209603533,1581258.0,0.4599502421489725,-0.01464713715046606,0.0583524027459954,0.18387372013651881,0.0740846681922196,-0.04020752269779504,-0.012016021361815787,-0.05128205128205132,0.027027027027026973,2
2026-02-09,006400,381500.0,383000.0,375000.0,380000.0,477549.0,380300.0,354700.0,313508.3333333333,60.248559862612,22519.244663109537,22858.260876488734,-339.0162133791964,432839.87458398053,354700.0,276560.12541601947,0.440596981020471,21502.50337488995,1569911.8,0.30418842638166044,-0.0007888509071785066,0.07132788271778967,0.21208899284973826,0.07217366788835644,0.027027027027026973,-0.02937420178799488,0.0674157303370786,0.002631578947368318,1
2026-02-10,006400,385500.0,391500.0,377000.0,381000.0,504263.0,381600.0,358750.0,314283.3333333333,60.495722345416404,21646.036938551406,22615.81608890127,-969.7791503498629,433450.4016053476,358750.0,284049.5983946524,0.4164482319461886,21002.32456239781,1532687.75,0.32900569603952273,-0.0015723270440252124,0.06202090592334497,0.21228191122660034,0.0636933797909407,0.002631578947368318,-0.011673151750972721,0.01735647530040052,-0.01049868766404205,0
2026-02-11,006400,381500.0,384500.0,373500.0,377000.0,367852.0,378700.0,363325.0,315316.6666666667,58.91767525423799,20396.13302969752,22171.87947706052,-1775.7464473629989,430331.9212842989,363325.0,296318.0787157011,0.36885389821398956,20287.872807940825,1517889.55,0.2423443787461347,-0.0044890414576181925,0.0376384779467418,0.1956234473280829,0.04231748434597127,-0.01049868766404205,0.018918918918918948,-0.03703703703703709,0.022546419098143256,2
2026-02-12,006400,381000.0,386000.0,373000.0,385500.0,639928.0,378700.0,368025.0,316458.3333333333,61.2319396951207,19862.491699060483,21710.001921460513,-1847.5102224000293,426915.9797846855,368025.0,309134.0202153145,0.3200379310355844,19767.310464516482,1525497.05,0.41948819238949037,0.01795616583047277,0.04748318728347267,0.2181698485845951,0.02900618164526869,0.022546419098143256,0.014473684210526416,0.0,-0.02853437094682232,0
2026-02-13,006400,377500.0,383000.0,372500.0,374500.0,517002.0,379600.0,372300.0,317675.0,56.774649826905325,18340.550580196024,21036.111653207616,-2695.5610730115914,418715.9455359927,372300.0,325884.0544640073,0.24934700798277024,19283.931145622446,1528957.35,0.33814023654747466,-0.01343519494204426,0.005909213000268698,0.17887778389863862,0.019607843137254832,-0.02853437094682232,-0.017060367454068248,0.012162162162162149,0.08945260347129502,2
2026-02-19,006400,379500.0,409000.0,377000.0,408000.0,1085467.0,385200.0,377000.0,319533.3333333333,65.105458531787,19611.502118633245,20751.189746292745,-1139.6876276594994,417511.7266973434,377000.0,336488.2733026566,0.21491632200182176,20370.793206649418,1511687.1,0.718050051495445,0.05919003115264787,0.08222811671087538,0.2768620905487169,0.021750663129973535,0.08945260347129502,0.08222811671087538,0.0736842105263158,-0.014705882352941124,0
2026-02-20,006400,402000.0,420500.0,399000.0,402000.0,928083.0,389400.0,380800.0,321200.0,62.77197074427952,19905.136490700883,20581.97909517437,-676.8426044734879,415270.85725653265,380800.0,346329.14274346735,0.18104441836414206,20451.450834745887,1450678.75,0.6397577685617853,0.03235747303543923,0.05567226890756305,0.2515566625155665,0.022584033613445298,-0.014705882352941124,0.04280155642023353,0.055118110236220375,-0.026119402985074647,0
2026-02-23,006400,407500.0,407500.0,387000.0,391500.0,793713.0,392300.0,384175.0,322916.6666666667,58.80015294138159,19070.74591051793,20279.73245824308,-1208.9865477251515,406985.6882842288,384175.0,361364.3117157712,0.11875154960228432,20454.918632264038,1434896.1,0.5531501549136554,-0.0020392556716798405,0.019066831522092764,0.21238709677419343,0.021149215852150682,-0.026119402985074647,0.04539385847797073,0.03846153846153855,0.07662835249042144,2
2026-02-24,006400,400500.0,427000.0,399500.0,421500.0,2584055.0,399500.0,386025.0,325258.3333333333,65.51414976294453,20592.85305241996,20342.356577078455,250.49647534150427,414047.26793106255,386025.0,358002.73206893745,0.14518369499935266,21529.567301388037,1272783.85,2.030238677211374,0.05506883604505641,0.09189819312220715,0.29589300812174946,0.03490706560455936,0.07662835249042144,0.03308823529411775,0.09338521400778199,0.027283511269276417,2
2026-02-25,006400,422000.0,443500.0,415000.0,433000.0,1253279.0,411200.0,389025.0,327733.3333333333,67.68791096615084,22468.089667272812,20767.503195117326,1700.5864721554863,423034.5207258241,389025.0,355015.4792741759,0.17484491087114767,22027.455351288892,1167128.65,1.0738139278819008,0.053015564202334664,0.11303900777584985,0.32119609438567953,0.05700147805410971,0.027283511269276417,0.07711442786069655,0.1562082777036049,0.036951501154734334,2
2026-02-26,006400,439500.0,457000.0,436500.0,449000.0,1109842.0,419400.0,392125.0,330141.6666666667,70.47627148172057,24957.598813755612,21605.522318844985,3352.076494910627,434982.7589241466,392125.0,349267.2410758534,0.21859233114005275,22168.3513976254,1142169.5,0.9716964075822372,0.07057701478302336,0.1450430347465732,0.36002221268647294,0.06955690149824667,0.036951501154734334,0.1468710089399745,0.10049019607843146,0.03786191536748329,2
2026-02-27,006400,439500.0,473500.0,438500.0,466000.0,1207350.0,432200.0,396050.0,332858.3333333333,73.12949221925774,27979.77721839305,22880.3732987546,5099.403919638451,449551.30839521845,396050.0,342548.69160478155,0.27017451531482617,23084.897726366442,1110282.25,1.0874261927541398,0.07820453493752888,0.176619113748264,0.39999499286483253,0.09127635399570755,0.03786191536748329,0.1055753262158956,0.15920398009950243,-0.12446351931330468,0
2026-03-03,006400,453500.0,454500.0,408000.0,408000.0,1453235.0,435500.0,396625.0,334666.6666666667,54.97666334882414,25401.94232495065,23384.68710399381,2017.255220956842,450379.88349908567,396625.0,342870.11650091433,0.2710614988923324,25578.83360305455,1079390.4,1.346347901556286,-0.06314580941446613,0.028679483138985162,0.21912350597609564,0.0980144973211472,-0.12446351931330468,-0.05773672055427248,0.04214559386973171,-0.13970588235294112,0
2026-03-04,006400,390000.0,406000.0,348500.0,351000.0,1895549.0,421400.0,394775.0,335533.3333333333,43.53849021315444,18545.781740915147,22416.90603137808,-3871.1242904629325,452023.1222399501,394775.0,337526.8777600499,0.2900291165344822,28001.774059979223,1108290.8,1.7103354101649133,-0.16706217370669196,-0.11088594769172311,0.046095767931651155,0.06744348046355508,-0.13970588235294112,-0.2182628062360802,-0.16725978647686834,0.11823361823361833,2
2026-03-05,006400,391000.0,407000.0,385000.0,392500.0,1008865.0,413300.0,394900.0,336991.6666666667,51.45730360330066,16273.339326176094,21188.192690337684,-4914.85336416159,452116.78075530176,394900.0,337683.21924469824,0.28977858068018114,30001.64734140928,1072189.7,0.9409389028825776,-0.05032663924510039,-0.006077487971638429,0.1647172284181111,0.046594074449227696,0.11823361823361833,-0.15772532188841204,-0.09353348729792144,0.04585987261146496,2
2026-03-06,006400,388500.0,411500.0,385500.0,410500.0,796681.0,405600.0,397625.0,338750.0,54.44187875908999,15743.38200037001,20099.230552344154,-4355.848551974144,452306.69254878885,397625.0,342943.30745121115,0.2750415217795101,29715.815388451476,1032719.3,0.7714400224727087,0.012080867850098542,0.03237975479408983,0.21180811808118083,0.020056585979251862,0.04585987261146496,0.006127450980392135,-0.08574610244988867,-0.052375152253349544,0
2026-03-09,006400,386500.0,394500.0,375500.0,389000.0,754807.0,390200.0,398350.0,340191.6666666667,50.451762039034534,13433.661793537613,18766.116800582844,-5332.4550070452315,452163.659975886,398350.0,344536.340024114,0.27018280394570604,30093.257146419226,1023954.1,0.7371492530768713,-0.003075345976422339,-0.023471821262708636,0.14347304215760714,-0.02045939500439309,-0.052375152253349544,0.10826210826210825,-0.16523605150214593,0.037275064267352276,2
2026-03-10,006400,415000.0,415000.0,394000.0,403500.0,597355.0,389300.0,398950.0,341791.6666666667,52.95597464268229,12627.65693868557,17538.42482820339,-4910.7678895178215,452712.34741899086,398950.0,345187.65258100914,0.2695192250607387,29800.88163596071,992611.05,0.6018016825422203,0.036475725661443636,0.011404937962150585,0.18054370352310123,-0.024188494798846993,0.037275064267352276,0.028025477707006363,-0.011029411764705843,-0.008674101610904539,1
2026-03-11,006400,413500.0,419000.0,394500.0,400000.0,531148.0,399100.0,399675.0,343225.0,52.26926350912088,11573.064451964688,16345.352752955652,-4772.288300990964,453082.1858461038,399675.0,346267.8141538962,0.26725307235180495,29422.24723339209,961666.15,0.5523205740370501,0.002255073916311634,0.0008131606930630308,0.16541627212469945,-0.0014386689184963108,-0.008674101610904539,-0.025578562728379994,0.13960113960113962,0.0,1
2026-03-12,006400,396000.0,402000.0,394000.0,400000.0,616460.0,400600.0,401175.0,344725.0,52.26926350912088,10614.930002801993,15199.26820292492,-4584.338200122927,452820.2079093528,401175.0,349529.7920906472,0.2574697222376907,27892.086716721224,956124.15,0.644748906300505,-0.0014977533699450651,-0.0029288963669221735,0.1603452026978025,-0.0014332897114724963,0.0,0.028277634961439535,0.019108280254777066,-0.030000000000000027,0
2026-03-13,006400,387000.0,397000.0,384500.0,388000.0,531172.0,396100.0,401575.0,345900.0,49.70623992026752,8786.022044024314,13916.6189711448,-5130.596927120487,452679.0849639271,401575.0,350470.9150360729,0.25451825917413734,27006.93766552685,958805.3,0.5539936001605331,-0.020449381469325956,-0.033804395193923975,0.12171147730557963,-0.013633816846168267,-0.030000000000000027,-0.0384138785625775,-0.054811205846528654,-0.012886597938144284,0
2026-03-16,006400,395000.0,398000.0,380000.0,383000.0,483616.0,394900.0,401675.0,347150.0,48.63610520382354,6854.130941916199,12504.121365299081,-5649.990423382882,452625.2453379793,401675.0,350724.7546620207,0.2536889044027101,26363.584975132075,957772.95,0.5049380440322522,-0.030134211192706983,-0.04649281135246153,0.10326948005185077,-0.016866869981950527,-0.012886597938144284,-0.04249999999999998,-0.015424164524421635,0.015665796344647598,2
2026-03-17,006400,395000.0,397500.0,388000.0,389000.0,359325.0,392000.0,402275.0,348500.0,50.02648475161627,5741.063771410787,11151.509846521423,-5410.446075110636,452323.4515245005,402275.0,352226.5484754995,0.24882705375427508,25516.186048336927,957346.6,0.3753342833201685,-0.007653061224489832,-0.0329998135603754,0.11621233859397417,-0.025542228574979786,0.015665796344647598,-0.02749999999999997,-0.035935563816604676,0.041131105398457546,2
2026-03-18,006400,397000.0,405000.0,393500.0,405000.0,384421.0,393000.0,403250.0,350200.0,53.631074712466685,6079.930646126973,10137.194006442534,-4057.263360315561,452709.579456363,403250.0,353790.420543637,0.2453047958158115,24836.458473455717,944571.25,0.4069793570363273,0.03053435114503822,0.004339739615623062,0.1564820102798401,-0.025418474891506504,0.041131105398457546,0.04381443298969079,0.012499999999999956,-0.006172839506172867,1
2026-03-19,006400,397000.0,414000.0,396000.0,402500.0,428488.0,393500.0,404650.0,352016.6666666667,52.9879461983774,6076.70747792878,9325.096700739783,-3248.3892228110035,452328.1920798208,404650.0,356971.8079201792,0.23565151157702105,24348.14001106602,940145.55,0.45576772660360937,0.02287166454891998,-0.005313233658717387,0.14341177027602847,-0.027554676881255458,-0.006172839506172867,0.050913838120104415,0.006250000000000089,-0.004968944099378869,1
2026-03-20,006400,405000.0,407000.0,398000.0,400500.0,397940.0,396000.0,404275.0,353775.0,52.44610851618278,5845.387816486531,8629.154923889133,-2783.767107402602,451959.87705761945,404275.0,356590.12294238055,0.23590317015704385,23251.844295989875,905769.2,0.4393392930561119,0.011363636363636465,-0.009337703296023792,0.13207547169811318,-0.020468740337641456,-0.004968944099378869,0.02956298200514129,0.03221649484536093,-0.05992509363295884,0
2026-03-23,006400,386500.0,387000.0,375500.0,376500.0,462325.0,394700.0,403000.0,355433.3333333333,46.32445971654077,3683.0104428040213,7639.926027672111,-3956.9155848680894,452199.5934942585,403000.0,353800.4065057415,0.24416671709309415,23376.712560562028,882481.3,0.5238921210001843,-0.04611097035723333,-0.06575682382133996,0.05927037419112824,-0.02059553349875931,-0.05992509363295884,-0.07037037037037042,-0.016971279373368175,0.055776892430278835,2
2026-03-24,006400,392000.0,403000.0,383500.0,397500.0,531265.0,396400.0,403300.0,357400.0,51.64316300924227,3622.0821820236742,6836.357258542424,-3214.2750765187493,452288.1618352871,403300.0,354311.8381647129,0.24293658237186766,23599.804520521884,869358.9,0.6110997425804233,0.0027749747729566288,-0.014381353830895116,0.11219921656407394,-0.017108851971237238,0.055776892430278835,-0.012422360248447228,0.02185089974293053,0.01635220125786163,2
2026-03-25,006400,401000.0,411500.0,399500.0,404000.0,416484.0,396200.0,402425.0,359425.0,53.18931809026006,4051.587593867909,6279.403325607522,-2227.8157317396126,450701.5729935367,402425.0,354148.4270064633,0.2399282996510491,22914.104197627465,760980.35,0.5472992830892414,0.01968702675416467,0.003913772752686784,0.12401752799610488,-0.015468720879666997,0.01635220125786163,0.008739076154806513,-0.0024691358024691024,-0.01856435643564358,0
2026-03-26,006400,402000.0,413500.0,391000.0,396500.0,455967.0,395000.0,400600.0,361375.0,51.156814823702476,3743.63214623736,5772.24908973349,-2028.6169434961303,446831.5909308806,400600.0,354368.4090691194,0.23081173704882962,22884.525326368363,721114.75,0.63230851955254,0.0037974683544304,-0.010234648027958038,0.09719820131442414,-0.013979031452820756,-0.01856435643564358,0.05312084993359889,-0.014906832298136607,0.022698612862547263,2
2026-03-27,006400,387500.0,409000.0,375000.0,405500.0,657568.0,396000.0,398425.0,363466.6666666667,53.45530649291523,4177.642753977096,5453.327822582211,-1275.6850686051157,439103.3419032816,398425.0,357746.6580967184,0.20419573020408646,23678.487803056338,698501.05,0.9413987280334081,0.023989898989899006,0.017757419840622513,0.11564563462949362,-0.006086465457739831,0.022698612862547263,0.020125786163522008,0.012484394506866447,0.01726263871763245,2
2026-03-30,006400,389000.0,418000.0,388500.0,412500.0,735298.0,403200.0,395750.0,365775.0,55.22036740092965,5028.475648884487,5368.357387842667,-339.88173895818,423180.82208028535,395750.0,368319.17791971465,0.13862702251565556,24094.31010283803,674898.45,1.0894942787318596,0.023065476190476275,0.04232469993682875,0.12774246462989547,0.018825015792798494,0.01726263871763245,0.021039603960395947,0.095617529880478,-0.010909090909090868,0
2026-03-31,006400,419500.0,429500.0,404000.0,408000.0,1110671.0,405300.0,395750.0,367950.0,53.807721603847355,5278.803693055408,5350.446648885216,-71.64295582980776,423180.82208028535,395750.0,368319.17791971465,0.13862702251565556,24194.716524063882,657770.25,1.6885394254300798,0.006661732050333047,0.030953885028426997,0.10884631064003258,0.024131396083385992,-0.010909090909090868,0.029003783102143688,0.026415094339622636,0.05882352941176472,2
2026-04-01,006400,425000.0,434000.0,413000.0,432000.0,779644.0,410900.0,399800.0,370658.3333333333,59.72536765915764,7329.302261074772,5746.217771323128,1583.0844897516445,423233.7363644869,399800.0,376366.2636355131,0.11722729547016968,24323.665343773606,601975.0,1.2951434860251672,0.05135069359941591,0.08054027013506748,0.16549382854830386,0.02776388194097046,0.05882352941176472,0.06535141800246613,0.06930693069306937,0.02546296296296302,2
2026-04-02,006400,434500.0,460000.0,430000.0,443000.0,1822137.0,420200.0,402325.0,373666.6666666667,62.12060608375415,9729.786298570572,6542.931476772617,3186.854821797955,432094.57339298434,402325.0,372555.42660701566,0.147987688525368,24729.117819218347,642638.6,2.835399243058229,0.05425987624940509,0.10109985708071823,0.18554861730597683,0.04442925495557071,0.02546296296296302,0.07393939393939397,0.1172761664564943,-0.010158013544018019,0
2026-04-03,006400,451500.0,460000.0,432500.0,438500.0,692098.0,426800.0,403725.0,376391.6666666667,60.53452702540651,11140.65229605505,7462.475640629104,3678.1766554259457,437292.0597461303,403725.0,370157.9402538697,0.1662867533401712,24927.037974988463,637409.45,1.08579814748589,0.027413308341143416,0.08613536441884939,0.165009852325813,0.05715524181063847,-0.010158013544018019,0.07475490196078427,0.0813810110974107,0.03420752565564422,2
2026-04-06,006400,441000.0,470000.0,438000.0,453500.0,1125434.0,435000.0,406950.0,379333.3333333333,63.84801028031146,13315.65383486991,8633.111279477265,4682.542555392645,446158.28993976,406950.0,367741.71006024,0.19269340184179873,25432.249548203574,655940.8,1.7157554462231956,0.042528735632183956,0.11438751689396742,0.1955184534270651,0.0689273866568374,0.03420752565564422,0.0497685185185186,0.09939393939393937,0.006615214994487362,1
2026-04-07,006400,448500.0,468500.0,445000.0,456500.0,759485.0,444700.0,409600.0,382433.3333333333,64.49015210712649,15107.28576602263,9927.94617678634,5179.33958923629,454297.4272190278,409600.0,364902.5727809722,0.2182491563429093,25294.231723331886,664047.3,1.1437212379298884,0.026534742523049326,0.114501953125,0.1936720997123682,0.085693359375,0.006615214994487362,0.030474040632054278,0.11887254901960786,0.03285870755750264,2
2026-04-08,006400,471000.0,471500.0,454500.0,471500.0,821542.0,452600.0,413175.0,385775.0,67.58994846533243,17535.404392811586,11449.43781999139,6085.966572820196,465084.80157928076,413175.0,361265.19842071924,0.25127271291477343,24701.786600236752,678567.0,1.2107013751037112,0.04175872735307107,0.1411629454831489,0.22221502170954577,0.09541961638530894,0.03285870755750264,0.07525655644241724,0.09143518518518512,0.018027571580063517,2
2026-04-09,006400,475000.0,493500.0,469000.0,480000.0,1003279.0,460000.0,417175.0,389316.6666666667,69.22916377113239,19916.00554607564,13142.75136520824,6773.254180867401,476242.99048554385,417175.0,358107.00951445615,0.2831808736647395,24687.373271648416,697907.95,1.4375520439335876,0.04347826086956519,0.15059627254749208,0.23292949184468514,0.10265476119134664,0.018027571580063517,0.058434399117971436,0.08352144469525968,0.002083333333333437,1
2026-04-10,006400,483000.0,490000.0,473000.0,481000.0,550626.0,468500.0,421825.0,392700.0,69.42508759935278,21633.957953378616,14840.992682842316,6792.9652705363005,485441.25185438315,421825.0,358208.74814561685,0.3016239049576633,24138.275180816385,698880.65,0.7878684293233759,0.026680896478121774,0.14028329283470642,0.22485357779475423,0.11065015112902277,0.002083333333333437,0.05366922234392124,0.09692132269099196,-0.007276507276507305,1
2026-04-13,006400,476500.0,493000.0,472000.0,477500.0,482539.0,473300.0,426550.0,395658.3333333333,67.79797572651532,22454.188951084623,16363.631936490778,6090.557014593845,491942.58367735834,426550.0,361157.41632264166,0.30661157509018094,23914.11266790093,698826.8,0.6904987044000029,0.008873864356644834,0.1194467237135155,0.20684934392047016,0.10960028132692523,-0.007276507276507305,0.012725344644750836,0.05292171995589867,-0.014659685863874339,0
2026-04-14,006400,485500.0,491000.0,463000.0,470500.0,798652.0,476100.0,430625.0,398741.6666666667,64.54002304126774,22282.527323064103,17547.411013805446,4735.116309258658,496306.71358909813,430625.0,364943.28641090187,0.30505295135720467,24205.961763050862,720793.15,1.1080182990085297,-0.01176223482461669,0.09259796806966625,0.1799619636774017,0.10560232220609578,-0.014659685863874339,-0.019791666666666652,0.03066812705366928,0.0010626992561104665,1
2026-04-15,006400,473500.0,478500.0,466000.0,471000.0,632770.0,476000.0,433925.0,401733.3333333333,64.67061629873513,21933.988699138456,18424.72655087205,3509.262148266407,500747.3577854024,433925.0,367102.6422145976,0.30799035679162245,23369.82163711866,733210.6,0.8630126187482833,-0.010504201680672232,0.08544103243648093,0.17241951543312317,0.09696376101860915,0.0010626992561104665,-0.02079002079002079,-0.0010604453870625141,0.015923566878981,2
2026-04-16,006400,473000.0,480000.0,473000.0,478500.0,357441.0,475700.0,437725.0,404891.6666666667,66.65441063485665,22009.247740802006,19141.63078885804,2867.6169519439645,505602.4447073572,437725.0,369847.5552926428,0.3101373908611901,22343.405805895898,729658.25,0.48987454058115565,0.005886062644523848,0.0931520932092067,0.18179760018111835,0.08675538294591356,0.015923566878981,0.0020942408376962707,-0.0031250000000000444,0.07210031347962387,2
2026-04-17,006400,480000.0,515000.0,473000.0,513000.0,1116580.0,482100.0,443350.0,408208.3333333333,73.91136583888178,24569.53049149789,20227.210729386014,4342.319762111878,516404.1579925492,443350.0,370295.8420074508,0.32955524074681036,23747.448248331904,765590.25,1.4584564001435494,0.06409458618543873,0.15709935716702383,0.2567112381341228,0.08740272922070602,0.07210031347962387,0.09032943676939431,0.06652806652806653,0.04873294346978563,2
2026-04-20,006400,515000.0,549000.0,509000.0,538000.0,827022.0,494200.0,451425.0,411741.6666666667,77.69883564914454,28289.757370345178,21839.720057577848,6450.03731276733,528716.8333331558,451425.0,374133.1666668441,0.3424348821317201,24908.344802022482,783825.1,1.0551103811296678,0.08862808579522463,0.191781580550479,0.306644538444413,0.09475549648335835,0.04873294346978563,0.1422505307855626,0.12670157068062826,0.1988847583643123,2
2026-04-21,006400,570000.0,648000.0,557000.0,645000.0,2533682.0,529100.0,463800.0,417091.6666666667,86.6392435891585,39417.687177187414,25355.31348149976,14062.373695687653,574588.7178371532,463800.0,353011.2821628467,0.477743500807043,30986.32017330659,883945.95,2.866331363359943,0.21905121905121905,0.3906856403622252,0.5464226488981239,0.14079344545062522,0.1988847583643123,0.347962382445141,0.37088204038257166,0.02170542635658923,2
2026-04-22,006400,686000.0,686000.0,647000.0,659000.0,1727542.0,566700.0,476550.0,421666.6666666667,87.3536166690744,48803.755405600066,30045.00186631982,18758.753539280246,612672.3346846519,476550.0,340427.6653153481,0.5712824873975529,31701.583018070407,949498.85,1.8194250577554676,0.16287277218987128,0.38285594376245924,0.5628458498023714,0.18917217500786898,0.02170542635658923,0.28460038986354785,0.3991507430997876,-0.04400606980273136,0
2026-04-23,006400,657000.0,669000.0,613000.0,630000.0,1204489.0,597000.0,488225.0,425950.0,78.04483495547922,53287.95409845206,34693.592312746274,18594.361785705783,634552.876701606,488225.0,341897.123298394,0.5994280370796496,33437.18423106538,986924.95,1.2204463976718798,0.055276381909547645,0.29038865277279946,0.47904683648315527,0.2227968661989861,-0.04400606980273136,0.17100371747211907,0.3166144200626959,0.0174603174603174,2
2026-04-24,006400,648000.0,663000.0,631000.0,641000.0,786062.0,622600.0,500000.0,430183.3333333333,78.96068207276473,57071.43792791228,39169.161435779475,17902.276492132805,655423.93638047,500000.0,344576.06361952994,0.6216957455218802,33405.95678598928,993349.65,0.7913245854568932,0.029553485383874145,0.28200000000000003,0.49006237650614093,0.24520000000000008,0.0174603174603174,-0.006201550387596955,0.24951267056530213,-0.009360374414976613,1
2026-04-27,006400,641000.0,648000.0,616000.0,635000.0,701082.0,642000.0,511125.0,434308.3333333333,77.07213881751792,58906.686649820826,43116.66647858775,15790.020171233075,671671.8389598513,511125.0,350578.1610401487,0.6282096902317488,33305.531301275754,991638.85,0.7069932768366225,-0.010903426791277204,0.24235754463193926,0.4620949018554408,0.25605282465150414,-0.009360374414976613,-0.036418816388467334,0.1802973977695168,0.07086614173228356,2
2026-04-28,006400,657000.0,690000.0,650000.0,680000.0,1454459.0,649000.0,524725.0,439033.3333333333,80.78423822594432,63263.00189747196,47145.93356236459,16117.068335107368,693876.5518699148,524725.0,355573.44813008525,0.6447245771400819,34855.13620832749,1008828.25,1.4417310379640935,0.04776579352850541,0.2959169088570204,0.5488573380912611,0.23683834389442082,0.07086614173228356,0.0793650793650793,0.054263565891472965,0.04705882352941182,2
2026-04-29,006400,689000.0,714000.0,685000.0,712000.0,1268312.0,659600.0,538725.0,444433.3333333333,82.90393770846528,68507.83006133,51418.31286215767,17089.517199172325,720722.3832229477,538725.0,356727.6167770523,0.6756596899083863,34794.055050589806,1033261.65,1.2274838614207737,0.07944208611279557,0.32163905517657443,0.6020400510012751,0.22437236066638833,0.04705882352941182,0.11076443057722307,0.0804248861911987,-0.023876404494381998,0
2026-04-30,006400,721000.0,723000.0,692000.0,695000.0,853824.0,672600.0,551325.0,449516.6666666667,77.98244163324362,70480.18454798427,55230.687199322994,15249.49734866128,739844.8331741266,551325.0,362805.1668258734,0.6838791390708804,34523.05111840482,984846.0,0.866961941257821,0.03330359797799587,0.26059946492540687,0.5461050758221793,0.21997007209903408,-0.023876404494381998,0.09448818897637801,0.10317460317460325,0.014388489208633004,2
2026-05-04,006400,715000.0,717000.0,694000.0,705000.0,663957.0,685400.0,564650.0,455333.3333333333,78.78042604232076,72020.00433612673,58588.55062668375,13431.453709442983,757021.5415543591,564650.0,372278.45844564086,0.6813833048945688,33699.97603851876,983438.95,0.6751379940768057,0.028596440035016046,0.2485610555211193,0.5483162518301612,0.21384928716904272,0.014388489208633004,0.03676470588235303,0.0998439937597504,-0.009929078014184411,1
2026-05-06,006400,707000.0,707000.0,677000.0,698000.0,813564.0,698000.0,576875.0,460725.0,76.68525332640684,71847.27050249325,61240.29460184566,10606.975900647594,770510.1917911632,576875.0,383239.8082088368,0.6713246085934151,33435.69203576742,967845.45,0.840592885981951,0.0,0.20996749729144093,0.5150035270497586,0.20996749729144093,-0.009929078014184411,-0.0196629213483146,0.09921259842519681,-0.005730659025787954,1
2026-05-07,006400,698000.0,698000.0,677000.0,694000.0,604589.0,700800.0,588750.0,465766.6666666667,75.45041591796993,70574.07709434745,63107.05110034602,7467.025994001429,780521.0874975699,588750.0,396978.91250243015,0.6514516772741227,32547.428318926886,960100.65,0.6297141867365676,-0.009703196347031984,0.1787685774946921,0.4900164603163242,0.19031847133757962,-0.005730659025787954,-0.0014388489208633226,0.020588235294117574,-0.023054755043227626,0
2026-05-08,006400,683000.0,694000.0,671000.0,678000.0,460537.0,694000.0,599075.0,470641.6666666667,70.55625634654012,67495.94462820073,63984.82980591697,3511.1148222837583,786673.84727791,599075.0,411476.15272209,0.6262950290962233,31865.46915328925,942050.4,0.4888666253949895,-0.023054755043227626,0.13174477319200428,0.4405864334153726,0.15845261444727288,-0.023054755043227626,-0.03829787234042559,-0.047752808988763995,0.008849557522123908,1
2026-05-11,006400,670000.0,693000.0,651000.0,684000.0,850986.0,691800.0,609275.0,475875.0,71.30787095679905,64793.75030710921,64146.61390615542,647.1364009537865,791987.4722070189,609275.0,426562.5277929812,0.5997701274695953,32589.36421376859,934435.75,0.9106950370852143,-0.011274934952298366,0.12264576751056588,0.43735224586288424,0.13544786836814238,0.008849557522123908,-0.02005730659025784,-0.015827338129496438,-0.08040935672514615,0
2026-05-12,006400,676000.0,680000.0,616000.0,629000.0,1349091.0,676600.0,616675.0,480025.0,56.9552274317748,57550.79178993357,62827.449482911055,-5276.657692977482,789740.673950673,616675.0,443609.32604932704,0.5612864927252539,35118.69534135655,974359.0,1.3845933583001748,-0.07035175879396982,0.019986216402481105,0.3103484193531587,0.09717436250861478,-0.08040935672514615,-0.09365994236311237,-0.10780141843971636,0.007949125596184325,1
2026-05-13,006400,612000.0,645000.0,600000.0,634000.0,788819.0,663800.0,624500.0,484241.6666666667,57.78705268804966,51619.12011077965,60585.78360848478,-8966.663497705129,785412.7092556726,624500.0,463587.29074432736,0.515332935966926,35824.50281697394,989673.0,0.7970501367623447,-0.044893040072310986,0.015212169735788539,0.3092636252559844,0.06293034427542032,0.007949125596184325,-0.06489675516224191,-0.09169054441260749,0.003154574132492094,1
2026-05-14,006400,663000.0,665000.0,623000.0,636000.0,712838.0,652200.0,632775.0,488558.3333333333,58.13555184393841,46543.09107314306,57777.24510141644,-11234.154028273377,777351.0958803379,632775.0,488198.9041196621,0.45695893763292755,36265.60975861866,985382.3,0.7234126287837725,-0.02483900643974246,0.0050965983169373175,0.3017892779777236,0.030698115443878127,0.003154574132492094,-0.07017543859649122,-0.08357348703170031,-0.03459119496855345,0
2026-05-15,006400,629000.0,668000.0,603000.0,614000.0,1100294.0,639400.0,639925.0,492366.6666666667,52.95647350672136,40280.753894674126,54277.94686006798,-13997.192965393857,764560.5787887258,639925.0,515289.4212112742,0.3895318319763278,38318.06620443162,1008758.5,1.0907407471659472,-0.03972474194557396,-0.04051256006563264,0.24703811522578012,-0.0008204086416376821,-0.03459119496855345,-0.02384737678855331,-0.0943952802359882,-0.0016286644951140072,1
2026-05-18,006400,592000.0,616000.0,565000.0,613000.0,554836.0,625200.0,646650.0,496341.6666666667,52.72654016147064,34835.552357187844,50389.46795949196,-15553.915602304114,748072.4334158902,646650.0,545227.5665841098,0.3136857138046554,39223.91861840079,1018628.25,0.5446893898730965,-0.01951375559820856,-0.05203742364493935,0.23503634928896422,-0.03317095801438186,-0.0016286644951140072,-0.03312302839116721,-0.10380116959064323,-0.04241435562805873,0
2026-05-19,006400,612000.0,621000.0,570000.0,587000.0,511340.0,616800.0,650350.0,499325.0,47.011197817912944,28098.30839069921,45931.23604573341,-17832.927655034197,736204.0039835108,650350.0,564495.9960164892,0.2640239993342378,40065.06728851503,988366.25,0.5173588232095137,-0.048313878080415096,-0.09740908741446919,0.17558704250738488,-0.05158760667332973,-0.04241435562805873,-0.07704402515723274,-0.06677265500794916,-0.028960817717206155,0
2026-05-20,006400,580000.0,584000.0,548000.0,570000.0,691785.0,604000.0,651950.0,502125.0,43.67746595819179,21143.50689683284,40973.6902159533,-19830.183319120457,730227.6468731699,651950.0,573672.3531268301,0.24013389638214566,39988.9910536211,981604.4,0.7047492859648958,-0.056291390728476776,-0.12569982360610477,0.13517550410754287,-0.07354858501418815,-0.028960817717206155,-0.07166123778501632,-0.10094637223974767,0.08070175438596494,2
2026-05-21,006400,592000.0,616000.0,578000.0,616000.0,516899.0,600000.0,650500.0,505866.6666666667,53.322992631997465,19123.15237147489,36603.58264705762,-17480.43027558273,730298.496226437,650500.0,570701.503773563,0.24534510753708544,40418.34883550531,880765.25,0.5868748795436696,0.026666666666666616,-0.05303612605687935,0.21771217712177116,-0.07763259031514225,0.08070175438596494,0.004893964110929794,-0.03144654088050314,0.05032467532467533,2
2026-05-22,006400,640000.0,657000.0,627000.0,647000.0,652607.0,606600.0,649900.0,509625.0,58.4830839942948,19795.260337402695,33241.91818512664,-13446.657847723945,729614.2396313275,649900.0,570185.7603686725,0.24531232383852117,40459.89534725493,827018.5,0.7891081033858371,0.06660072535443451,-0.004462224957685779,0.2695609516801569,-0.06662563471303273,0.05032467532467533,0.10221465076660996,0.05374592833876224,-0.007727975270479082,1
2026-05-26,006400,666000.0,667000.0,631000.0,642000.0,481983.0,612400.0,650500.0,513108.3333333333,57.3812469671782,19697.393241335987,30533.013196368513,-10835.619955032525,729785.5598454138,650500.0,571214.4401545862,0.2437680548667603,40141.33139387958,790893.2,0.6094160374624539,0.04833442194644033,-0.013066871637202104,0.2511977652542512,-0.0585703305149885,-0.007727975270479082,0.12631578947368416,0.047308319738988525,-0.01869158878504673,0
2026-05-27,006400,636000.0,674000.0,629000.0,630000.0,799920.0,621000.0,649950.0,516125.0,54.71681970557976,18438.98006645369,28114.20657038555,-9675.226503931863,729643.0988229263,649950.0,570256.9011770737,0.24522839856273956,40488.379151459616,791586.1,1.0105281030073672,0.01449275362318847,-0.030694668820678506,0.2206345362073141,-0.044541887837525995,-0.01869158878504673,0.022727272727272707,0.0732538330494037,0.0,1
2026-05-18,035720,43750.0,43750.0,41600.0,42450.0,1876958.0,43780.0,46697.5,49407.5,35.46983631830652,-1424.694796009615,-1096.53999872864,-328.1547972809749,51081.50216697027,46697.5,42313.49783302973,0.18776175028514455,1947.8731798771453,1938763.7,0.9681210763333356,-0.03037916857012335,-0.09095776005139466,-0.14081870161412746,-0.06247657797526629,-0.035227272727272774,-0.011641443538998875,-0.05033557046979864,-0.020023557126030656,0
2026-05-19,035720,42350.0,43350.0,40950.0,41600.0,1545131.0,43390.0,46277.5,49140.833333333336,33.469951612760454,-1596.3003301664576,-1196.4920650162035,-399.8082651502541,50917.48653015286,46277.5,41637.51346984714,0.200528832808724,1980.1679527430636,1971498.1,0.7837344606114507,-0.04125374510255819,-0.10107503646480476,-0.15345350947107805,-0.06239533250499707,-0.020023557126030656,-0.09466811751904247,-0.04477611940298509,-0.034855769230769273,0
2026-05-20,035720,41850.0,42400.0,39800.0,40150.0,2019858.0,42830.0,45842.5,48845.0,30.328499402287974,-1828.2271694042502,-1322.8390858938128,-505.38808351043735,51034.63588034828,45842.5,40650.36411965172,0.22652062519924873,2024.4416704042735,2016227.05,1.0018008636477722,-0.06257296287648839,-0.12417516496700665,-0.17801207902548877,-0.06571412990129244,-0.034855769230769273,-0.08750000000000002,-0.06519208381839348,0.041095890410958846,2
2026-05-21,035720,40550.0,42100.0,40500.0,41800.0,1732522.0,42000.0,45485.0,48573.333333333336,37.51550914538899,-1857.4778022041864,-1429.7668291558878,-427.7109730482987,50756.062511486656,45485.0,40213.937488513344,0.23177146362478426,2019.1244082325397,2037027.6,0.8505147402028328,-0.004761904761904745,-0.08101571946795649,-0.1394455119407082,-0.07661866549411889,0.041095890410958846,-0.01531213191990577,-0.09031556039173017,0.0011961722488038617,1
2026-05-22,035720,42000.0,42600.0,41450.0,41850.0,1413790.0,41570.0,45155.0,48305.833333333336,37.72515027962859,-1855.2385224639074,-1514.8611678174918,-340.3773546464156,50468.46403017843,45155.0,39841.53596982157,0.2353433298717055,1957.044093358787,2050542.15,0.6894713185973769,0.006735626653836979,-0.07319233750415233,-0.13364500491659048,-0.07939320119588089,0.0011961722488038617,0.006009615384615419,-0.04886363636363633,-0.009557945041816063,1
2026-05-26,035720,42300.0,42350.0,40950.0,41450.0,1507976.0,41370.0,44807.5,48040.0,36.66532452503211,-1864.2506135794902,-1584.7390569698916,-279.51155660959853,50135.65868757679,44807.5,39479.34131242321,0.23782441276914756,1917.2552295474452,2043028.25,0.7381082469123958,0.001933768431230387,-0.07493165206717622,-0.13717735220649463,-0.07671706745522511,-0.009557945041816063,0.03237858032378571,-0.02355712603062421,-0.022919179734619988,0
2026-05-27,035720,41000.0,41350.0,40150.0,40500.0,1652378.0,41150.0,44430.0,47691.666666666664,34.20738251763129,-1925.8498232731217,-1652.9612102305377,-272.888613042584,49854.70275683378,44430.0,39005.29724316622,0.2441909861280117,1873.1655702940564,2072444.55,0.7973086662318661,-0.015795868772782495,-0.08845374746792711,-0.15079503756770918,-0.07382399279765928,-0.022919179734619988,-0.031100478468899517,-0.02644230769230771,0.0,1
2025-04-09,000270,83900.0,84200.0,82800.0,83800.0,1002947.0,86640.0,94440.0,96780.0,25.86746097341097,-3037.2847427354864,-1580.1388469289773,-1457.145895806509,105163.69339360275,94440.0,83716.30660639725,0.2271006648369917,2837.285370622114,1360376.25,0.7372570639924065,-0.03277931671283474,-0.11266412537060566,-0.13411861954949367,-0.08259212198221089,-0.005931198102016588,-0.06577480490523968,-0.0901194353963084,0.05250596658711215,2
2025-04-10,000270,89700.0,89800.0,87000.0,88200.0,1374506.0,86120.0,93830.0,96528.33333333333,39.295518204295654,-2974.5202464785107,-1859.015126838884,-1115.5051196396266,104516.08440917435,93830.0,83143.91559082565,0.2277754323601055,3063.1935584348203,1315138.95,1.0451412757564515,0.02415234556432888,-0.060002131514441004,-0.08627864012293451,-0.08216988170094852,0.05250596658711215,0.042553191489361764,-0.028634361233480177,-0.07029478458049887,0
2025-04-11,000270,86100.0,86200.0,81300.0,82000.0,2232779.0,84580.0,92955.0,96135.0,30.823146891696865,-3386.0350115594774,-2164.419103783003,-1221.6159077764746,104474.11020869229,92955.0,81435.88979130771,0.24784272408568211,3337.2511614037617,1356346.0,1.6461721419165907,-0.03050366516907066,-0.11785272443655537,-0.14703281843241278,-0.09009735893712012,-0.07029478458049887,-0.027283511269276417,-0.08584169453734669,0.012195121951219523,2
2025-04-14,000270,82300.0,83800.0,81800.0,83000.0,797192.0,84260.0,92165.0,95761.66666666667,33.32031895849316,-3590.0874911920255,-2449.5527812648074,-1140.534709927218,104130.83051860584,92165.0,80199.16948139416,0.2596610539490228,3241.733221303493,1301561.3,0.6124890160763077,-0.01495371469261808,-0.09944121955189067,-0.13326487634230821,-0.08577008625834104,0.012195121951219523,-0.009546539379474916,-0.01891252955082745,0.033734939759036076,2
2025-04-15,000270,85700.0,86800.0,85000.0,85800.0,1128439.0,84560.0,91635.0,95413.33333333333,39.86594067299616,-3485.683166218194,-2656.778858255485,-828.904307962709,103741.73779347677,91635.0,79528.26220652323,0.2642382887210514,3281.609419781815,1246547.25,0.9052516862076427,0.014664143803216678,-0.06367654280569657,-0.10075461151481269,-0.07720849020570741,0.033734939759036076,-0.027210884353741527,0.017793594306049876,-0.012820512820512775,0
2025-04-16,000270,85400.0,86300.0,84600.0,84700.0,583287.0,84740.0,91015.0,95103.33333333333,38.2762729045466,-3451.9113085752324,-2815.8053483194344,-636.105960255798,103208.48596587534,91015.0,78821.51403412466,0.2679445358649748,3168.637318368829,1220990.4,0.4777162867128194,-0.0004720320981826953,-0.0693841674449267,-0.10938978654796527,-0.06894467944844251,-0.012820512820512775,0.03292682926829271,0.010739856801909253,0.0035419126328217754,1
2025-04-17,000270,84900.0,85550.0,84500.0,85000.0,430473.0,84100.0,90465.0,94796.66666666667,38.99079062251873,-3362.182231406812,-2925.08072493691,-437.10150646990223,102701.71115945779,90465.0,78228.28884054221,0.2705291805550829,3017.306081342484,1189672.35,0.3618416448865101,0.010701545778834642,-0.06041010335488861,-0.10334399943739236,-0.07035870226054275,0.0035419126328217754,0.024096385542168752,-0.03628117913832196,0.027058823529411802,2
2025-04-18,000270,85300.0,87600.0,84600.0,87300.0,569432.0,85160.0,90045.0,94560.0,44.31315650114888,-3070.0904218713695,-2954.0826643238024,-116.00775754756705,102109.57210181939,90045.0,77980.42789818061,0.2679676184534263,3016.0699326751637,1095734.0,0.5196808714523781,0.02512916862376713,-0.030484757621189407,-0.07677664974619292,-0.05425065245155203,0.027058823529411802,0.0174825174825175,0.06463414634146347,0.008018327605956443,1
2025-04-21,000270,87700.0,88500.0,87000.0,88000.0,416037.0,86160.0,89510.0,94343.33333333333,45.861164244394836,-2750.416321273835,-2913.349395713809,162.933074439974,100923.30802177872,89510.0,78096.69197822128,0.2550174957385481,2907.7792231983663,1038314.1,0.4006851106038144,0.02135561745589598,-0.016869623505753495,-0.0672366886902448,-0.03742598592336055,0.008018327605956443,0.03896103896103886,0.06024096385542177,-0.013636363636363669,0
2025-04-22,000270,87600.0,88000.0,86600.0,86800.0,558552.0,86360.0,88810.0,94106.66666666667,43.62245094320666,-2564.342124836752,-2843.547941538398,279.20581670164574,99021.73834369048,88810.0,78598.26165630952,0.22996820951898386,2800.080707255626,990488.0,0.5639159686942194,0.00509495136637339,-0.022632586420448186,-0.07764239161235487,-0.027586983447809965,-0.013636363636363669,0.021176470588235352,0.011655011655011593,0.03686635944700467,2
2025-04-23,000270,88100.0,90700.0,87500.0,90000.0,1212681.0,87420.0,88240.0,93890.0,50.55410754707298,-2134.0635706500325,-2701.651067360725,567.5874967106924,96699.40896280576,88240.0,79780.59103719424,0.19173637721681222,2878.6463710230814,992022.9,1.2224324660247259,0.02951269732326689,0.01994560290117864,-0.04143146234955797,-0.009292837715321856,0.03686635944700467,0.030927835051546282,0.06257378984651707,-0.013333333333333308,0
2025-04-24,000270,90400.0,90800.0,88600.0,88800.0,908535.0,88180.0,87785.0,93658.33333333333,48.162678863812076,-1868.3574262513139,-2534.992339138843,666.634912887529,95005.32547742817,87785.0,80564.67452257183,0.1645002102279015,2830.1716302357186,967435.4,0.9391169684301401,0.007031072805624872,0.011562339807484223,-0.051872942432600766,0.0044996297772967875,-0.013333333333333308,0.009090909090909038,0.04470588235294115,-0.006756756756756799,1
2025-04-25,000270,89500.0,89700.0,87500.0,88200.0,1356631.0,88360.0,87430.0,93433.33333333333,46.966371750773476,-1686.7545219360472,-2365.3447756982837,678.5902537622364,93783.61314528972,87430.0,81076.38685471028,0.1453417166942634,2785.1593709331673,970572.7,1.3977634029887716,-0.001810774105930335,0.008807045636509248,-0.05601141633963602,0.010637081093446188,-0.006756756756756799,0.016129032258064502,0.010309278350515427,0.005668934240362855,1
2025-04-28,000270,88500.0,89200.0,87700.0,88700.0,572742.0,88500.0,87250.0,93211.66666666667,48.122782608352374,-1485.3647305558843,-2189.348766669804,703.9840361139195,93234.81411574314,87250.0,81265.18588425686,0.13718771612018654,2693.36227300937,937674.8,0.610810912269371,0.002259887005649608,0.0166189111747852,-0.04840238167611355,0.014326647564469885,0.005668934240362855,-0.014444444444444482,0.007954545454545547,0.021420518602029315,2
2025-04-29,000270,90600.0,90900.0,89500.0,90600.0,808315.0,89260.0,87120.0,93120.0,52.37274109447765,-1159.0865210066695,-1983.296317537177,824.2097965305074,92680.07194198045,87120.0,81559.92805801955,0.12764168829156225,2658.1221106515577,945266.9,0.8551182740028239,0.015012323549182138,0.03994490358126712,-0.027061855670103108,0.024563820018365545,0.021420518602029315,0.020270270270270174,0.04377880184331806,-0.002207505518763808,1
2025-04-30,000270,91000.0,91400.0,89600.0,90400.0,1023836.0,89340.0,87035.0,93015.0,51.89083793187891,-906.2008979010861,-1767.877233609959,861.6763357088728,92333.78287911463,87035.0,81736.21712088537,0.12176211591002772,2596.827674176446,949863.0,1.07787754655145,0.011864786209984324,0.038662606997184934,-0.028113745094877185,0.026483598552306642,-0.002207505518763808,0.024943310657596474,0.004444444444444473,-0.011061946902654829,0
2025-05-02,000270,91000.0,91000.0,88600.0,89400.0,768903.0,89460.0,86965.0,92870.0,49.44122007668167,-777.5161402211961,-1569.8050149322064,792.2888747110103,92097.35813247655,86965.0,81832.64186752345,0.1180327288558973,2582.768554592414,935567.2,0.8218575854305282,-0.0006706908115359234,0.02799977002242282,-0.03736405728437597,0.028689702753981416,-0.011061946902654829,0.007891770011273946,0.006756756756756799,-0.014541387024608499,0
2025-05-07,000270,90200.0,90400.0,87500.0,88100.0,1093539.0,89440.0,86885.0,92691.66666666667,46.37621636741517,-771.5378697857232,-1410.15158590291,638.6137161171869,91892.70406473847,86885.0,81877.29593526153,0.11527200471286116,2605.427943550099,942891.75,1.159771522022544,-0.014982110912343471,0.013984001841514715,-0.04953699541490608,0.029406687000057552,-0.014541387024608499,-0.02759381898454749,-0.0011337868480725266,-0.0034052213393870323,1
2025-05-08,000270,88100.0,88700.0,87800.0,87800.0,1161546.0,89260.0,87045.0,92546.66666666667,45.67256136616438,-781.9932092475647,-1284.5199105718411,502.5267013242765,91953.96119357225,87045.0,82136.03880642775,0.11279134226141076,2483.611661867949,947649.35,1.225712865206946,-0.01635671073269096,0.008673674536159526,-0.05128943956202281,0.025446608076282295,-0.0034052213393870323,-0.028761061946902644,-0.01014656144306647,0.017084282460136713,2
2025-05-09,000270,89400.0,90700.0,89200.0,89300.0,967229.0,89000.0,87295.0,92458.33333333333,49.77584721483754,-661.6149913416011,-1159.9389267257932,498.32393538419205,92128.0011380092,87295.0,82461.9988619908,0.11072801736661214,2513.353686020238,948380.05,1.019874890873126,0.003370786516853963,0.022968096683658956,-0.034159531320414604,0.019531473738473082,0.017084282460136713,-0.0011185682326622093,-0.014348785871964642,0.034714445688689866,2
2025-05-12,000270,90200.0,92400.0,89800.0,92400.0,813230.0,89400.0,87725.0,92435.0,57.00354964186142,-312.4683534797514,-990.4448120765849,677.9764585968335,92763.60099630823,87725.0,82686.39900369177,0.11487263599448806,2555.25699416165,938894.2,0.8661572304951932,0.033557046979865834,0.053291536050156685,-0.00037864445285873405,0.01909375890567122,0.034714445688689866,0.04880817253121461,0.022123893805309658,0.01406926406926412,2
2025-05-13,000270,94000.0,94800.0,92700.0,93700.0,1369914.0,90260.0,88000.0,92468.33333333333,59.62740931565274,68.34417878781096,-778.6870139037057,847.0311926915167,93672.74184147299,88000.0,82327.25815852701,0.12892595094256798,2544.167208864389,938664.6,1.4594286393670328,0.038112120540660266,0.0647727272727272,0.0133198752726158,0.02568181818181814,0.01406926406926412,0.06719817767653757,0.04809843400447433,-0.0138740661686233,0
2025-05-14,000270,93600.0,94000.0,91800.0,92400.0,878937.0,91120.0,88520.0,92436.66666666667,55.95039085845857,262.2190211195266,-570.5058068990593,832.7248280185859,93789.762803011,88520.0,83250.237196989,0.11906377774539101,2519.5838368026466,870972.5,1.0091443759705387,0.014047410008779737,0.04383190239493895,-0.0003966679888933733,0.0293718933574334,-0.0138740661686233,0.034714445688689866,0.04880817253121461,-0.012987012987012991,0
2025-05-15,000270,91900.0,92500.0,90900.0,91200.0,761239.0,91800.0,88930.0,92373.33333333333,52.71864861268553,315.4005184321868,-393.32454183281004,708.7250602649968,93667.1299327756,88930.0,84192.8700672244,0.10653615051783648,2453.8992770310288,869174.85,0.8758180244170664,-0.006535947712418277,0.025525694366355545,-0.012702078521939941,0.03227257393455529,-0.012987012987012991,-0.012987012987012991,0.03872437357630987,0.00877192982456143,1
2025-05-16,000270,91300.0,92300.0,91300.0,92000.0,500754.0,92340.0,89240.0,92335.0,54.601302177972805,417.2902896209416,-231.20157554205974,648.4918651630014,93928.45390294056,89240.0,84551.54609705944,0.10507516591081481,2357.1921858145265,837790.6,0.5977078281852292,-0.0036820446177171506,0.030927835051546282,-0.003628093355715567,0.03473778574630204,0.00877192982456143,-0.018143009605122717,0.03023516237402024,-0.005434782608695676,1
2025-05-19,000270,91300.0,91900.0,90800.0,91500.0,555859.0,92160.0,89580.0,92295.0,53.17614718508005,452.4769731492124,-94.4658658038053,546.9428389530177,93871.6663430419,89580.0,85288.3336569581,0.09581751156601695,2274.535601113489,836419.2,0.6645698711842101,-0.00716145833333337,0.021433355659745468,-0.008613684381602482,0.028801071667782896,-0.005434782608695676,-0.009740259740259716,-0.009740259740259716,-0.003278688524590123,1
2025-05-20,000270,92300.0,92800.0,90900.0,91200.0,710012.0,91660.0,89890.0,92231.66666666667,52.294188062872664,450.9568309203896,14.618673541033687,436.33815737935595,93679.9340363651,89890.0,86100.0659636349,0.08432381880887972,2247.783058176811,850396.15,0.8349191138741632,-0.005018546803403856,0.014573367449104424,-0.011185601474547835,0.019690733118255643,-0.003278688524590123,0.0,-0.026680896478121663,0.0,1
2025-05-21,000270,92700.0,92700.0,90900.0,91200.0,748573.0,91420.0,90085.0,92176.66666666667,52.294188062872664,444.62672711237974,100.6202842553029,344.0064428570768,93719.98280601142,90085.0,86450.01719398858,0.08070117791000551,2215.7985540213244,859353.2,0.8710888607850649,-0.0024064756070881765,0.012377199311761178,-0.010595595414602421,0.014819337292557133,0.0,-0.008695652173912993,-0.012987012987012991,-0.021929824561403466,0
2025-05-22,000270,90500.0,91100.0,88400.0,89200.0,1103198.0,91020.0,90145.0,92086.66666666667,46.35040160868094,275.05611327862425,135.5074500599672,139.54866321865705,93678.53930217263,90145.0,86611.46069782737,0.0783967896649317,2257.527228734087,893711.25,1.2344009320683833,-0.019995605361459057,-0.01048311054412332,-0.031347281546369454,0.009706583837151284,-0.021929824561403466,-0.025136612021857907,-0.021929824561403466,-0.023542600896861,0
2025-05-23,000270,89200.0,89500.0,86900.0,87100.0,879529.0,90040.0,90160.0,91956.66666666667,41.07170730326586,-28.454266372093116,102.71510677355514,-131.16937314564825,93638.73540241258,90160.0,86681.26459758742,0.07716804353177865,2281.9895695387954,909760.1,0.9667702507507199,-0.03265215459795645,-0.033939662821650396,-0.05281473157646721,-0.001330967169476449,-0.023542600896861,-0.04495614035087714,-0.05326086956521736,0.01148105625717566,2
2025-05-26,000270,87000.0,88400.0,86200.0,88100.0,760388.0,89360.0,90065.0,91871.66666666667,44.32341139095908,-186.1509539460385,44.941894629636415,-231.0928485756749,93657.92360063481,90065.0,86472.07639936519,0.07978512409115211,2276.133171714596,887145.45,0.8571176237222431,-0.01410026857654434,-0.021817576194970267,-0.04105364366961162,-0.007827680008882454,0.01148105625717566,-0.033991228070175405,-0.03715846994535521,0.0011350737797957144,1
2025-05-27,000270,87300.0,88500.0,87100.0,88200.0,607447.0,88760.0,90035.0,91773.33333333333,44.65231700504598,-299.6039034248097,-23.967264981252804,-275.6366384435569,93679.3243543898,90035.0,86390.6756456102,0.08095350373498748,2213.552230877839,872091.05,0.6965408027063229,-0.006309148264984188,-0.02038096295884939,-0.038936510242626676,-0.014161159549064273,0.0011350737797957144,-0.011210762331838597,-0.03289473684210531,0.009070294784580435,1
2025-05-28,000270,88500.0,90000.0,88500.0,89000.0,842967.0,88320.0,90075.0,91680.0,47.33280301345823,-321.2595885899791,-83.42572970299807,-237.83385888698103,93654.874299469,90075.0,86495.125700531,0.07948652344088807,2184.0127858151363,846407.85,0.9959347612383321,0.007699275362318847,-0.011934499028587342,-0.029232111692844676,-0.019483763530391385,0.009070294784580435,0.021814006888633664,-0.02412280701754388,0.04719101123595504,2
2025-05-29,000270,90700.0,93700.0,90000.0,93200.0,1583303.0,89120.0,90300.0,91680.0,58.653984442373236,0.4775194839312462,-66.6450798656122,67.12259934954345,94066.69616507605,90300.0,86533.30383492395,0.08342627165173974,2363.726158256912,896935.9,1.765235397535097,0.04578096947935362,0.032115171650055396,0.016579406631762605,-0.013067552602436305,0.04719101123595504,0.057888762769580104,0.04484304932735417,-0.04077253218884125,0
2025-05-30,000270,91000.0,91200.0,89400.0,89400.0,1535385.0,89580.0,90240.0,91615.0,48.49660122679519,-50.588592646003235,-63.43378242169041,12.845189775687174,94023.86046254334,90240.0,86456.13953745666,0.08386215564147466,2466.317146952847,933289.4,1.6451327958937496,-0.002009377093101117,-0.009308510638297851,-0.024177263548545547,-0.00731382978723405,-0.04077253218884125,0.013605442176870763,0.02640642939150406,-0.01118568232662187,0
2025-06-02,000270,88400.0,89600.0,88100.0,88400.0,663587.0,89640.0,90140.0,91490.0,46.22783893018003,-169.79322644985223,-84.70567122732278,-85.08755522252945,94006.47125943005,90140.0,86273.52874056995,0.08578813533237299,2397.294493599072,915276.95,0.7250122490247352,-0.013833110218652411,-0.0193033059684935,-0.03377418297081647,-0.005546927002440638,-0.01118568232662187,-0.006741573033707815,0.0034052213393871433,0.013574660633484115,2
2025-06-04,000270,89200.0,90400.0,88600.0,89600.0,862750.0,89920.0,90150.0,91350.0,49.29338762811407,-165.52570904318418,-100.86967879049507,-64.6560302526891,94009.7927405495,90150.0,86290.2072594505,0.08563045458789793,2368.916315484853,919969.3,0.9378030332099125,-0.003558718861209953,-0.006100942872989457,-0.019157088122605415,-0.0025513033832501586,0.013574660633484115,-0.03862660944206009,0.015873015873015817,0.0390625,2
2025-06-05,000270,89100.0,93500.0,89100.0,93100.0,1416289.0,90740.0,90400.0,91288.33333333333,56.99439098291828,118.9063995693723,-56.91446311852161,175.8208626878939,94343.09523090663,90400.0,86456.90476909337,0.08723662015280165,2513.993721521649,936106.8,1.5129566412721283,0.02600837557857605,0.02986725663716805,0.019845544337538712,0.003761061946902622,0.0390625,0.04138702460850108,0.046067415730337125,0.023630504833512367,2
2025-06-09,000270,94400.0,96200.0,93800.0,95300.0,1449046.0,91160.0,90775.0,91243.33333333333,61.00349832307335,515.8955855242966,57.64754661004204,458.2480389142546,95068.65811400939,90775.0,86481.34188599061,0.09460001352816065,2555.8513128415316,950481.8,1.5245383972633668,0.04541465555068003,0.04984852657670058,0.04445986921418932,0.004241255852382331,0.023630504833512367,0.07805429864253388,0.022532188841201783,-0.008394543546694666,1
2025-06-10,000270,96200.0,96400.0,94100.0,94500.0,1077370.0,92180.0,91035.0,91178.33333333333,58.85489061974708,757.2301832322846,197.56407393449055,559.666109297794,95563.25573482757,91035.0,86506.74426517243,0.09948384104635741,2537.5762190671367,955988.85,1.1269692109902747,0.025168149273161244,0.03806228373702414,0.036430438517922825,0.012577580051628567,-0.008394543546694666,0.0546875,0.057046979865771785,0.025396825396825307,2
2025-06-11,000270,95100.0,96900.0,95100.0,96900.0,992153.0,93880.0,91260.0,91141.66666666667,63.05850433688421,1129.1335839068342,383.8779759289593,745.2556079778749,96437.7987600909,91260.0,86082.2012399091,0.11347356476201834,2527.7493462766265,964935.0,1.0282070813059947,0.03216872603323395,0.06180144641683105,0.06318003108713532,0.0287091825553365,0.025396825396825307,0.04081632653061229,0.09615384615384626,0.015479876160990669,2
2025-06-12,000270,96900.0,99000.0,96800.0,98400.0,1768683.0,95640.0,91495.0,91108.33333333333,65.43535236210502,1527.301392595953,612.562659262358,914.7387333335951,97461.06235300963,91495.0,85528.93764699037,0.1304128608778542,2504.338678685439,984873.45,1.7958479843273265,0.028858218318695172,0.07546860484179474,0.08003292783316573,0.04530302202306147,0.015479876160990669,0.03252885624344182,0.09821428571428581,-0.012195121951219523,0
2025-06-13,000270,98000.0,98100.0,95600.0,97200.0,1506724.0,96460.0,91735.0,91070.0,61.9986355966094,1726.1245886618271,835.2750451422519,890.8495435195753,98193.25827913369,91735.0,85276.74172086631,0.1408024915056127,2525.457344493622,1016262.8,1.4826125683238627,0.007671573709309598,0.05957377227884675,0.06731085977819262,0.05150705837466618,-0.012195121951219523,0.02857142857142847,0.04403866809881851,0.0030864197530864335,1
2025-06-16,000270,96500.0,97900.0,95100.0,97500.0,809768.0,96900.0,92050.0,91048.33333333333,62.52849076346809,1886.1584364209848,1045.4517233979986,840.7067130229862,98971.1270758453,92050.0,85128.8729241547,0.15037755732417823,2545.0675341726487,1018689.25,0.7949116965747897,0.006191950464396356,0.059206952743074526,0.07085979974006484,0.052688756110809365,0.0030864197530864335,0.006191950464396356,0.023084994753410193,0.021538461538461506,2
2025-06-17,000270,98000.0,99800.0,97800.0,99600.0,1332802.0,97920.0,92430.0,91101.66666666667,66.0924825995508,2157.5677651619626,1267.8749317507916,889.692833411171,100093.18471655218,92430.0,84766.81528344782,0.16581596270804233,2527.562710303174,1060291.65,1.2570145204859438,0.017156862745097978,0.07757221681272308,0.09328405993304179,0.05939629990262896,0.021538461538461506,0.012195121951219523,0.053968253968254,-0.007028112449799173,1
2025-06-18,000270,98500.0,99400.0,97200.0,98900.0,1018716.0,98320.0,92800.0,91131.66666666667,63.91040343370294,2289.782278960047,1472.2564011926427,817.5258777674042,100947.14673981014,92800.0,84652.85326018986,0.17558505904763227,2518.451088138662,1083434.5,0.9402654244442096,0.005899104963384971,0.06573275862068972,0.08524296347775184,0.059482758620689635,-0.007028112449799173,0.017489711934156382,0.02063983488132104,-0.00707785642062686,1
2025-06-19,000270,99400.0,99800.0,97500.0,98200.0,691399.0,98280.0,93150.0,91168.33333333333,61.71607603322467,2311.4343079590035,1640.091982545915,671.3423254130885,101588.36477049901,93150.0,84711.63522950099,0.18117798755768147,2502.8474389859,1082503.85,0.6387035020706854,-0.0008140008140008481,0.05421363392377887,0.077128388877717,0.05507246376811592,-0.00707785642062686,0.007179487179487243,-0.002032520325203291,0.005091649694501044,1
2025-06-20,000270,98000.0,98900.0,97200.0,98700.0,998377.0,98580.0,93525.0,91218.33333333333,62.70117898225073,2341.9430565141956,1780.4621973395713,561.4808591746244,102245.29242628932,93525.0,84804.70757371068,0.1864804581938374,2445.5011933440505,1094994.05,0.9117647716898553,0.00121728545343891,0.05533279871692054,0.08201933090935665,0.05404971932638336,0.005091649694501044,-0.009036144578313254,0.015432098765432167,-0.028368794326241176,0
2025-06-23,000270,97000.0,97000.0,94400.0,95900.0,867116.0,98260.0,93860.0,91171.66666666667,54.27824021909738,2115.795289068672,1847.5288156853917,268.2664733832803,102402.92689890292,93860.0,85317.07310109708,0.18203551883449653,2577.965393819475,1083189.95,0.8005207212271496,-0.0240179116629351,0.021734498188791918,0.051861872292195965,0.04687832942680581,-0.028368794326241176,-0.030333670374115274,-0.016410256410256396,0.010427528675703845,2
2025-06-24,000270,95700.0,98500.0,95700.0,96900.0,911752.0,97720.0,94350.0,91106.66666666667,56.52449602868351,1994.2744423342083,1876.877941015155,117.39650131905319,102395.49563420421,94350.0,86304.50436579579,0.1705457474129139,2593.8250085466557,1084801.1,0.8404784987773334,-0.00839132214490379,0.027027027027026973,0.06358846773013305,0.03571807101218871,0.010427528675703845,-0.013238289205702691,-0.027108433734939763,0.04334365325077405,2
2025-06-25,000270,97500.0,104500.0,97000.0,101100.0,2778238.0,98160.0,95000.0,91101.66666666667,64.42887643241403,2211.3817625014053,1943.7787053124052,267.6030571890001,103021.22185206214,95000.0,86978.77814793786,0.16886782846446607,2951.4089365076093,1185693.6,2.3431331669497077,0.029951100244498763,0.0642105263157895,0.1097491813175755,0.03326315789473688,0.04334365325077405,0.024316109422492405,0.022244691607684608,-0.01978239366963408,0
2025-06-26,000270,100700.0,102500.0,98700.0,99100.0,1157512.0,98340.0,95545.0,91121.66666666667,58.93403952776689,2196.7349989571667,1994.3699640413577,202.36503491580902,103112.42360384294,95545.0,87977.57639615706,0.15840543416909178,3012.0225838999227,1213196.85,0.9541007298197319,0.007728289607484173,0.03720759851378941,0.08755692938013282,0.02925323146161496,-0.01978239366963408,0.033368091762252305,0.009164969450101923,-0.014127144298688221,0
2025-06-27,000270,99700.0,99700.0,97400.0,97700.0,574885.0,98140.0,95980.0,91161.66666666667,55.373938010417724,2048.5446856509225,2005.2049083632708,43.339777287651714,102970.73672798506,95980.0,88989.26327201494,0.14567069656147236,2961.163827907071,1199792.75,0.4791535871507808,-0.004483391073975995,0.017920400083350607,0.07172239793772972,0.0225046884767659,-0.014127144298688221,0.008255933952528327,-0.010131712259371817,-0.008188331627430934,1
2025-06-30,000270,96900.0,98200.0,96600.0,96900.0,693015.0,98340.0,96165.0,91238.33333333333,53.38923069783581,1845.2782614292082,1973.2195789764585,-127.94131754725026,103046.6495115633,96165.0,89283.3504884367,0.14312170772242086,2863.937840199423,1155278.35,0.5998684213202817,-0.014643075045759568,0.007643113398845713,0.06205359589353887,0.02261737638433936,-0.008188331627430934,-0.041543026706231445,0.010427528675703845,0.018575851393188847,2
2025-07-01,000270,97000.0,100500.0,97000.0,98700.0,1019849.0,98700.0,96630.0,91330.0,57.11379817108279,1808.584871951476,1940.2926375714621,-131.70776561998605,102844.85317606131,96630.0,90415.14682393869,0.12863196059321766,2916.5137087566072,1129501.55,0.9029195223326608,0.0,0.02142191865880161,0.080696375780138,0.02142191865880161,0.018575851393188847,-0.004036326942482349,0.018575851393188847,0.01317122593718345,2
2025-07-02,000270,100200.0,100700.0,98750.0,100000.0,1023366.0,98480.0,97210.0,91461.66666666667,59.62323695067124,1862.9295397743263,1924.820018012035,-61.89047823770875,102309.37251041728,97210.0,92110.62748958272,0.1049145666169587,2851.0484438454214,1147490.5,0.8918296055610047,0.015434606011372809,0.028700750951548226,0.09335422854747888,0.013064499537084773,0.01317122593718345,0.023541453428863823,-0.010880316518298683,0.0009999999999998899,1
2025-07-03,000270,100400.0,101500.0,99300.0,100100.0,774595.0,98680.0,97735.0,91616.66666666667,59.818011307147366,1892.2545126865152,1918.3069169469313,-26.052404260416097,101606.5759065269,97735.0,93863.4240934731,0.07922598672997173,2804.544983570748,1143082.75,0.6776368552495434,0.014389947304418227,0.024198086662915008,0.09259596143350923,0.009669002916048441,0.0009999999999998899,0.03302373581011353,0.010090817356205761,-0.009990009990009985,1
2025-07-04,000270,100500.0,101500.0,99100.0,99100.0,470300.0,98960.0,98035.0,91773.33333333333,56.86393394886329,1813.893685051502,1897.4242705678455,-83.53058551634354,101306.86491163672,98035.0,94763.13508836328,0.06674891440070824,2775.6489133156947,1095783.3,0.4291906985623891,0.0014147130153596699,0.01086346712908659,0.07983437454598286,0.009435405722446166,-0.009990009990009985,0.004052684903748771,0.014329580348004134,-0.005045408678102881,1
2025-07-07,000270,98900.0,100000.0,98300.0,98600.0,430089.0,99300.0,98200.0,92006.66666666667,55.390998299203055,1691.9426812342863,1856.3279527011337,-164.38527146684737,101227.20993655868,98200.0,95172.79006344132,0.06165397019467773,2698.8168480788595,1044835.45,0.4116332385161702,-0.007049345417925457,0.004073319755600879,0.07166147380624577,0.011201629327902252,-0.005045408678102881,-0.014000000000000012,0.01754385964912286,0.005070993914807254,1
2025-07-08,000270,98600.0,99800.0,97500.0,99100.0,643120.0,99380.0,98430.0,92253.33333333333,56.6016108310433,1617.0016647822486,1808.4626951173568,-191.46103033510826,100955.15346068305,98430.0,95904.84653931695,0.05130861446069397,2670.329930358941,1023122.95,0.6285852545874374,-0.0028174683034816184,0.006806867824850071,0.07421592715710368,0.009651529005384463,0.005070993914807254,-0.009990009990009985,0.004052684903748771,0.005045408678102881,1
2025-07-09,000270,98300.0,99800.0,97400.0,99600.0,1037777.0,99300.0,98565.0,92516.66666666667,57.83395003113516,1579.7458636898227,1762.7193288318501,-182.9734651420274,101036.65936164343,98565.0,96093.34063835657,0.05015288107631361,2651.020649619017,1025404.15,1.0120663155108158,0.0030211480362538623,0.01050068482727129,0.0765627814808143,0.007457008065743453,0.005045408678102881,0.005045408678102881,-0.0040000000000000036,0.005020080321285203,1
2025-07-10,000270,99900.0,101200.0,99300.0,100100.0,1142761.0,99300.0,98650.0,92715.0,59.08513763052111,1572.44008376055,1724.6634798175903,-152.22339605704042,101208.51519440468,98650.0,96091.48480559532,0.05187055639948669,2597.3763175033732,994108.05,1.149533996832638,0.00805639476334341,0.014698428788646689,0.07965269913174788,0.006588950836289964,0.005020080321285203,0.015212981744421983,0.0,0.006993006993007089,1
2025-07-11,000270,100100.0,102100.0,99800.0,100800.0,1087429.0,99640.0,98830.0,93028.33333333333,60.83718611445189,1604.6370928329416,1700.6582024206607,-96.02110958771914,101460.66531508659,98830.0,96199.33468491341,0.05323616948470281,2576.135151967418,973143.3,1.1174397439719308,0.011641910879164996,0.01993321865830211,0.08354085672823697,0.00819589193564707,0.006993006993007089,0.017154389505549927,0.017154389505549927,0.021825396825396748,2
2025-07-14,000270,100200.0,103300.0,99600.0,103000.0,1173952.0,100520.0,99105.0,93361.66666666667,65.79473802754205,1787.0747826436855,1717.9415184652657,69.13326417841972,102226.20169165655,99105.0,95983.79830834345,0.0629877744141375,2656.411212541174,991352.5,1.1841923029396708,0.024671707122960518,0.03930175066848296,0.10323651748576324,0.014277786186368102,0.021825396825396748,0.034136546184738936,0.04462474645030423,-0.029126213592232997,0
2025-07-15,000270,102100.0,102300.0,99800.0,100000.0,1241921.0,100700.0,99125.0,93598.33333333333,55.48090340706553,1670.3285306989128,1708.4189209119952,-38.0903902130824,102263.7099260683,99125.0,95986.2900739317,0.06332832133303007,2695.2389830739476,986808.45,1.2585228673305342,-0.006951340615690138,0.008827238335435084,0.06839509250520859,0.015889029003783195,-0.029126213592232997,-0.0009990009990009652,0.00908173562058523,-0.0050000000000000044,1
2025-07-16,000270,99700.0,100500.0,99100.0,99500.0,668896.0,100680.0,99155.0,93845.0,53.96261110496186,1519.9395466316491,1670.723046055926,-150.7834994242769,102296.00302451297,99155.0,96013.99697548703,0.0633554137363315,2602.7219128543798,969317.45,0.6900690790205005,-0.01172030194676199,0.0034794009379255364,0.06025893760988854,0.015379960667641468,-0.0050000000000000044,-0.012896825396825351,-0.0010040160642570406,0.007035175879396949,1
2025-07-17,000270,100000.0,100700.0,98500.0,100200.0,687922.0,100700.0,99255.0,94098.33333333333,55.786827133155825,1440.63262695921,1624.704962236583,-184.07233527737299,102395.36622068187,99255.0,96114.63377931813,0.06327875110940244,2573.9560619362096,969143.6,0.709824632799515,-0.0049652432969214955,0.009520930935469352,0.06484351476292538,0.014558460530955664,0.007035175879396949,-0.027184466019417486,0.0009990009990010762,-0.003992015968063867,1
2025-07-18,000270,100500.0,101400.0,99400.0,99800.0,586973.0,100500.0,99310.0,94306.66666666667,54.45887958835205,1330.1712781906535,1565.798225427397,-235.6269472367435,102448.08859020896,99310.0,96171.91140979104,0.06319783687864193,2532.9592003693374,948573.4,0.6187955512984024,-0.006965174129353269,0.004934044909878255,0.05824968188887314,0.011982680495418396,-0.003992015968063867,-0.0020000000000000018,-0.009920634920634885,-0.00501002004008011,1
2025-07-21,000270,99700.0,100200.0,99100.0,99300.0,422784.0,99760.0,99480.0,94495.0,52.767992804106676,1188.582799489479,1490.3551402398136,-301.7723407503347,102201.4701909078,99480.0,96758.5298090922,0.05471391618230397,2430.6049717715277,926356.8,0.45639433963241804,-0.004611066559743415,-0.001809408926417344,0.050849251283136665,0.0028146361077603377,-0.00501002004008011,-0.0020100502512563345,-0.03592233009708734,-0.015105740181268867,0
2025-07-22,000270,99200.0,99700.0,97600.0,97800.0,646392.0,99320.0,99525.0,94678.33333333333,47.9573114268784,944.4484324217337,1381.1737986761977,-436.725366254464,102100.1698973077,99525.0,96949.8301026923,0.0517492066778739,2406.9903309307047,913088.8,0.7079180031558814,-0.015304067660088627,-0.017332328560663135,0.03297128874962607,-0.0020597839738759616,-0.015105740181268867,-0.0239520958083832,-0.02200000000000002,0.0848670756646217,2
2025-07-23,000270,100800.0,106100.0,100500.0,106100.0,3318750.0,100640.0,99775.0,94946.66666666667,66.27742781525026,1404.5203849194077,1385.8431159248398,18.67726899456784,103587.02046164495,99775.0,95962.97953835505,0.07641233699112901,2827.9195930070828,940114.4,3.5301554789502214,0.05425278219395868,0.06339263342520662,0.11746945653700314,0.008669506389376025,0.0848670756646217,0.06312625250501003,0.06633165829145726,-0.010367577756833168,0
2025-07-24,000270,107200.0,109000.0,104000.0,105000.0,2027261.0,101600.0,100070.0,95216.66666666667,63.10680922137258,1661.2204002959916,1440.9185727990703,220.3018274969213,104491.80958432176,100070.0,95648.19041567824,0.08837432965567622,2983.068193506577,983601.85,2.0610585472160308,0.0334645669291338,0.04926551414010194,0.10274811832662345,0.015289297491755782,-0.010367577756833168,0.05740181268882183,0.0479041916167664,-0.008571428571428563,1
2025-07-25,000270,105000.0,107000.0,102400.0,104100.0,1395349.0,102460.0,100390.0,95481.66666666667,60.55435339089937,1771.6124875534879,1507.0573557499538,264.5551318035341,105001.68082156601,100390.0,95778.31917843399,0.09187530275059295,3098.5633225418214,1024625.05,1.3618142558587651,0.016006246340035224,0.03695587209881457,0.09026165581525247,0.020619583623866955,-0.008571428571428563,0.0644171779141105,0.043086172344689366,0.01344860710854956,2
2025-07-28,000270,106300.0,107500.0,104500.0,105500.0,1045072.0,103700.0,100820.0,95761.66666666667,63.05745799352636,1949.59361019051,1595.564606638065,354.0290035524449,105648.49873148993,100820.0,95991.50126851007,0.09578454139039741,3120.0945137888343,1042227.9,1.002728865730806,0.017357762777242103,0.04641936123784962,0.10169344031188543,0.028565760761753545,0.01344860710854956,-0.005655042412818112,0.06243705941591138,0.0018957345971564177,1
2025-07-29,000270,104300.0,106400.0,103500.0,105700.0,1196086.0,105280.0,101170.0,96013.33333333333,63.4146272313099,2082.774334647547,1693.0065522399616,389.7677824075856,106336.08168731388,101170.0,96003.91831268612,0.10212675076235807,3104.373477089632,1051039.75,1.1380026302525665,0.003989361702127603,0.04477611940298498,0.10088876544924319,0.04062469111396649,0.0018957345971564177,0.006666666666666599,0.08077709611451933,0.04446546830652798,2
2025-07-30,000270,105000.0,112400.0,105000.0,110400.0,1917384.0,106140.0,101690.0,96346.66666666667,70.60662138407969,2538.3116619611974,1862.0675741842088,676.2440877769886,108199.3471254804,101690.0,95180.6528745196,0.12802334792959785,3411.2039430118016,1095740.65,1.7498520293100381,0.04013566986998307,0.0856524732028714,0.1458621644063105,0.043760448421673814,0.04446546830652798,0.060518731988472574,0.04052780395852973,-0.07336956521739135,0
2025-07-31,000270,112700.0,113200.0,102300.0,102300.0,3132736.0,105600.0,101800.0,96561.66666666667,51.732168580929766,2220.1336516005395,1933.680789667475,286.45286193306447,108272.40295408128,101800.0,95327.59704591872,0.12715919359688166,3946.117947082387,1213647.7,2.5812564881884588,-0.03125,0.004911591355599265,0.05942661856844489,0.037328094302554016,-0.07336956521739135,-0.03033175355450235,-0.02571428571428569,-0.014662756598240456,0
2025-08-01,000270,101300.0,104100.0,100800.0,100800.0,1374554.0,104940.0,101885.0,96773.33333333333,49.113842246807145,1825.8900975960278,1912.1226512531857,-86.23255365715795,108257.21311633564,101885.0,95512.78688366436,0.125086383988529,3899.966665147931,1258860.4,1.09190343901516,-0.03945111492281306,-0.010649261422191691,0.041609258748966704,0.029984786769396976,-0.014662756598240456,-0.04635761589403975,-0.03170028818443804,0.01984126984126977,2
2025-08-04,000270,100700.0,103700.0,100500.0,102800.0,775610.0,104400.0,102095.0,97023.33333333333,52.561450494464474,1655.7461154261691,1860.8473440877826,-205.1012286616135,108294.83064284823,102095.0,95895.16935715177,0.12145218948720764,3849.9690462087933,1276136.45,0.6077798342018991,-0.01532567049808431,0.0069053332680346635,0.059538942522417315,0.022577011606836672,0.01984126984126977,-0.0688405797101449,-0.025592417061611417,-0.013618677042801508,0
2025-08-05,000270,103000.0,104200.0,101300.0,101400.0,891875.0,103540.0,102210.0,97225.0,50.00736771340928,1391.8926124107384,1767.0563977523739,-375.1637853416355,108267.02897467067,102210.0,96152.97102532933,0.11852125965503707,3782.1141143367363,1288574.2,0.69214097255711,-0.020668340737879043,-0.00792486058115649,0.04294163023913611,0.013012425398688965,-0.013618677042801508,-0.008797653958944274,-0.04068117313150421,0.0039447731755424265,1
2025-08-06,000270,101300.0,102700.0,101200.0,101800.0,780400.0,101820.0,102320.0,97381.66666666667,50.74382063380439,1201.216590248674,1653.888436251634,-452.6718460029599,108262.2554640473,102320.0,96377.7445359527,0.11615041954744518,3619.1059633126833,1275705.35,0.6117400072046417,-0.00019642506383810154,-0.0050820953870210905,0.04537130534494849,-0.004886630179828044,0.0039447731755424265,0.009920634920634885,-0.0778985507246377,0.0,1
2025-08-07,000270,103000.0,103300.0,101500.0,101800.0,649320.0,101720.0,102405.0,97516.66666666667,50.74382063380439,1038.1374664436444,1530.7382422900362,-492.6007758463918,108265.87877369938,102405.0,96544.12122630062,0.11446469945216314,3489.169823076063,1251033.3,0.5190269515607618,0.0007864726700748115,-0.005907914652604873,0.043924115535805885,-0.006689126507494758,0.0,-0.009727626459143934,-0.004887585532746819,0.0009823182711199419,1
2025-08-08,000270,102300.0,102400.0,101400.0,101900.0,664464.0,101940.0,102460.0,97675.0,50.95330811737286,906.515503730945,1405.8936945782182,-499.3781908472731,108280.10309187045,102460.0,96639.89690812955,0.11360732172302263,3311.3719785706303,1229885.05,0.5402651247773115,-0.0003923876790268288,-0.005465547530743686,0.04325569490657788,-0.00507515127854774,0.0009823182711199419,0.004930966469427922,0.010912698412698374,-0.0029440628066732533,1
2025-08-11,000270,101600.0,102750.0,101300.0,101600.0,536398.0,101700.0,102390.0,97848.33333333333,50.2626726559953,769.130598429183,1278.5410753484111,-509.41047691922813,108216.11362745355,102390.0,96563.88637254645,0.11380239530136835,3178.416837244157,1198007.35,0.44774182729346357,-0.000983284169124854,-0.0077155972262916706,0.038341651194876425,-0.006738939349545836,-0.0029440628066732533,-0.0019646365422396617,-0.011673151750972721,0.0019685039370078705,1
2025-08-12,000270,101100.0,103700.0,101000.0,101800.0,655429.0,101780.0,102480.0,98011.66666666667,50.74201583017141,668.6822469998442,1156.569309678698,-487.8870626788537,108210.47991009479,102480.0,96749.52008990521,0.11183606381918004,3144.2442060124313,1168682.75,0.5608271363635683,0.00019650225977607683,-0.006635441061670577,0.03865186117298958,-0.006830601092896127,0.0019685039370078705,0.0,0.0039447731755424265,0.013752455795677854,2
2025-08-13,000270,102800.0,103300.0,102100.0,103200.0,534661.0,102060.0,102665.0,98206.66666666667,54.07831252232836,694.043997338682,1064.0642472106947,-370.02024987201276,108235.37700698974,102665.0,97094.62299301026,0.10851559941537513,3026.7981912972577,1161971.0,0.46013282603438466,0.01116990005878904,0.005211123557200548,0.05084515647274457,-0.005892952807675433,0.013752455795677854,0.012757605495583801,0.013752455795677854,0.004844961240310086,1
2025-08-14,000270,103600.0,104700.0,103100.0,103700.0,574716.0,102440.0,102840.0,98415.0,55.244219279829046,745.8910211387556,1000.4296019963069,-254.53858085755132,108308.6012836922,102840.0,97371.3987163078,0.10635163912275772,2924.8840347760247,1156310.7,0.49702558317587137,0.01229988285825856,0.00836250486192136,0.05370116344053244,-0.00388953714507978,0.004844961240310086,0.02066929133858264,0.01866404715127712,-0.014464802314368419,0
2025-08-18,000270,102100.0,103400.0,102100.0,102200.0,539476.0,102500.0,102960.0,98598.33333333333,51.05627366184013,658.35360649621,932.0144028962876,-273.66079640007763,108259.20748791742,102960.0,97660.79251208258,0.10293720839000424,2830.2494608634515,1153935.85,0.46750952403463325,-0.0029268292682926855,-0.007381507381507335,0.03652867695532391,-0.004467754467754492,-0.014464802314368419,0.003929273084479323,0.0029440628066732533,0.017612524461839474,2
2025-08-19,000270,102500.0,104000.0,101900.0,104000.0,627551.0,102980.0,103195.0,98845.0,55.42332038606924,725.85730036319,890.7829823896682,-164.92568202647817,108234.63292314035,103195.0,98155.36707685965,0.09767203688435197,2778.0887850874906,1164174.2,0.5390524888801006,0.009904835890464092,0.0078007655409662036,0.052152359755172295,-0.002083434274916418,0.017612524461839474,0.007751937984496138,0.023622047244094446,0.01057692307692304,2
2025-08-20,000270,104200.0,105500.0,103300.0,105100.0,713124.0,103640.0,103560.0,99145.0,57.8957374688173,858.2222194856004,884.2708298088546,-26.048610323254252,108006.30183410889,103560.0,99113.69816589111,0.0858690968348569,2736.7967290098127,1167510.8,0.6108071976721757,0.014087225009648874,0.014870606411742093,0.060063543295173716,0.0007724990343762617,0.01057692307692304,0.013500482160077043,0.03241650294695475,-0.011417697431018059,0
2025-08-21,000270,105700.0,105800.0,103900.0,103900.0,433907.0,103780.0,103450.0,99408.33333333333,54.35398156437453,856.4201222796983,878.7006883030234,-22.28056602332515,107745.81191394597,103450.0,99154.18808605403,0.08305097948663072,2677.0255340805406,1023268.65,0.4240401579780637,0.0011562921564849393,0.004349927501208217,0.04518400536507672,0.0031899468342193593,-0.011417697431018059,0.016634050880626194,0.006782945736434121,0.008662175168431263,1
2025-08-22,000270,104200.0,105500.0,104200.0,104800.0,553097.0,104000.0,103440.0,99685.0,56.503175164748704,917.0433210809861,886.369214858616,30.67410622237003,107722.24240322756,103440.0,99157.75759677244,0.082796643527215,2600.0951387890736,949560.45,0.5824768712723871,0.007692307692307665,0.01314771848414531,0.0513116316396649,0.005413766434648082,0.008662175168431263,0.007692307692307665,0.01060752169720347,-0.000954198473282486,1
2025-08-25,000270,105000.0,105300.0,103200.0,104700.0,440278.0,104500.0,103470.0,99946.66666666667,56.186621221417575,946.112285143754,898.3178289156436,47.794456228110334,107778.64247762566,103470.0,99161.35752237434,0.08328293181841424,2564.3740574469966,901806.9,0.48821759957702693,0.00191387559808609,0.01188750362423896,0.04755869797225176,0.009954576205663423,-0.000954198473282486,-0.0038058991436726863,0.024461839530332652,-0.01623686723973261,0
2025-08-26,000270,104300.0,104600.0,103000.0,103000.0,606440.0,104300.0,103345.0,100110.0,50.95981584519783,822.4926725417172,883.1527976408585,-60.66012509914128,107554.73870923127,103345.0,99135.26129076873,0.08146961554465666,2502.63305334364,879875.3,0.6892340312314711,-0.012464046021092967,-0.0033383327688809583,0.02886824493057638,0.009240892157337033,-0.01623686723973261,-0.008662175168431152,-0.009615384615384581,0.004854368932038833,1
2025-08-27,000270,103100.0,104000.0,102900.0,103500.0,383772.0,103980.0,103235.0,100345.0,52.363436036654285,756.1526037219737,857.7527588570816,-101.60015513510791,107305.51593781429,103235.0,99164.48406218571,0.07885922289561263,2402.444978104809,839259.6,0.45727448336605264,-0.004616272360069229,0.0025669588802246235,0.031441526732771896,0.0072165447764809265,0.004854368932038833,-0.012404580152671763,-0.015223596574690745,0.021256038647343045,2
2025-08-28,000270,104500.0,107200.0,103300.0,105700.0,974330.0,104340.0,103000.0,100633.33333333333,58.052501621627975,871.0582181370264,860.4138507130706,10.644367423955828,105701.11088258147,103000.0,100298.88911741853,0.05244875500158201,2509.4131939544654,792106.9,1.2300486209626504,0.013034310906651303,0.026213592233009786,0.050347797283868845,0.013009708737864,0.021256038647343045,0.009551098376313183,0.017324350336862304,0.0009460737937558861,1
2025-08-29,000270,105900.0,107800.0,105500.0,105800.0,704357.0,104540.0,103175.0,100903.33333333333,58.296303510517845,959.1346030133573,880.158001173128,78.97660184022925,106114.9829931481,103175.0,100235.0170068519,0.05699022036633113,2494.4551086720035,670687.95,1.0502007677340857,0.012052802754926262,0.02544220983765455,0.04852829440718853,0.013229949115580286,0.0009460737937558861,0.027184466019417375,0.009541984732824416,0.006616257088846833,1
2025-09-01,000270,106800.0,107900.0,106000.0,106500.0,496884.0,104900.0,103460.0,101126.66666666667,60.0468156338844,1073.0504646342597,918.7364938653544,154.31397076890528,106526.20286347791,103460.0,100393.79713652209,0.059273204397407936,2466.27974376686,626804.45,0.7927257057603851,0.015252621544327827,0.02938333655519032,0.053134682576306824,0.013918422578774514,0.006616257088846833,0.02898550724637672,0.017191977077363862,0.00657276995305156,1
2025-09-02,000270,106200.0,107200.0,105750.0,107200.0,400273.0,105740.0,103680.0,101325.0,61.774743708617166,1205.9127440849988,976.1717439092834,229.7410001757155,107132.30357877174,103680.0,100227.69642122826,0.0665953622448252,2393.6883334977983,608037.6,0.6583030391541576,0.013807452241346718,0.033950617283950546,0.05798174191956584,0.019868827160493874,0.00657276995305156,0.014191106906338735,0.040776699029126284,-0.001865671641791078,1
2025-09-03,000270,106100.0,107800.0,106100.0,107000.0,544535.0,106440.0,103960.0,101533.33333333333,60.96348257695101,1280.3101112434379,1036.9994173761143,243.3106938673236,107533.45770927826,103960.0,100386.54229072174,0.06874678163290221,2344.1391668193837,590670.6,0.9218928451830851,0.005261180007515964,0.0292420161600615,0.05384110308601442,0.023855328972681722,-0.001865671641791078,0.011342155009451904,0.033816425120772875,0.0,1
2025-09-04,000270,106000.0,107200.0,105800.0,107000.0,563510.0,106700.0,104220.0,101701.66666666667,60.96348257695101,1324.0082181482867,1094.4011775305487,229.607040617738,107882.56740552309,104220.0,100557.43259447691,0.07028530810829192,2276.7006549037133,579826.1,0.9718603560619297,0.00281162136832247,0.026674342736518808,0.052096819127841254,0.023795816541930526,0.0,0.0046948356807512415,0.012298959318826963,-0.0037383177570093906,1
2025-09-05,000270,106200.0,107000.0,106100.0,106600.0,442357.0,106860.0,104460.0,101838.33333333333,59.1613483196702,1311.247382040703,1137.7704184325796,173.47696360812347,108085.68614195993,104460.0,100834.31385804007,0.06941769370017098,2178.3648938391625,569477.95,0.7767763440182364,-0.0024330900243308973,0.02048631054949257,0.04675711503526836,0.02297530155083294,-0.0037383177570093906,-0.005597014925373123,0.007561436672967936,-0.015947467166979368,0
2025-09-08,000270,106100.0,106100.0,104100.0,104900.0,713309.0,106540.0,104610.0,101966.66666666667,52.11085956422126,1150.694050252263,1140.3551447965162,10.338905455746726,108042.7248651764,104610.0,101177.2751348236,0.06562900038574505,2201.338829993508,571920.2,1.247217706246431,-0.01539327951942937,0.002772201510371941,0.028767571101667055,0.018449479017302428,-0.015947467166979368,-0.01962616822429908,-0.015023474178403773,0.0057197330791229906,1
2025-09-09,000270,105500.0,105900.0,104700.0,105500.0,599237.0,106200.0,104805.0,102100.0,54.18608635896621,1059.6543281929044,1124.2149814757938,-64.56065328288946,107963.78141060763,104805.0,101646.21858939237,0.06027921207208865,2129.814627851115,575062.15,1.042038673559023,-0.006591337099811634,0.006631363007490121,0.033300685602350555,0.013310433662516052,0.0057197330791229906,-0.014018691588784993,-0.01585820895522383,0.004739336492890933,1
2025-09-10,000270,104900.0,107000.0,104900.0,106000.0,704159.0,106000.0,105015.0,102206.66666666667,55.9010701214521,1016.1371177111432,1102.5994087228637,-86.46229101172048,107892.6900458528,105015.0,102137.3099541472,0.05480531439990089,2127.6850115760353,577498.65,1.2193257940949298,0.0,0.009379612436318574,0.037114343487052226,0.009379612436318574,0.004739336492890933,-0.0056285178236398226,-0.009345794392523366,0.005660377358490676,1
2025-09-11,000270,105900.0,106800.0,105400.0,106600.0,1118881.0,105920.0,105185.0,102335.0,57.93595382868743,1018.325774824174,1085.744681943126,-67.41890711895189,108015.0353354685,105185.0,102354.9646645315,0.05381062576353105,2075.7075107491755,606709.65,1.8441786775601805,0.006419939577039235,0.013452488472690982,0.041676845653979555,0.006987688358606192,0.005660377358490676,0.01620591039084851,-0.0037383177570093906,-0.0065666041275797005,1
2025-09-12,000270,106100.0,106600.0,105400.0,105900.0,906762.0,105780.0,105295.0,102463.33333333333,54.76115911263706,952.5952266953682,1059.1147908935745,-106.51956419820635,108055.77887560744,105295.0,102534.22112439256,0.05243893585844426,2013.1569742670915,623311.95,1.4547483005900979,0.0011344299489506326,0.005745761907023139,0.03354045349555945,0.00460610665273764,-0.0065666041275797005,0.0037914691943128354,-0.0065666041275797005,-0.03966005665722383,0
2025-09-15,000270,104800.0,105100.0,101300.0,101700.0,2334779.0,105140.0,105270.0,102513.33333333333,40.441548768665356,555.1984128999175,958.3315152948431,-403.1331023949257,108148.95814488511,105270.0,102391.04185511489,0.05469664947060149,2197.9314761051564,713077.1,3.2742307949589184,-0.03271828038805402,-0.03391279566828154,-0.007933927294010434,-0.0012349197302174986,-0.03966005665722383,-0.0405660377358491,-0.030505243088655876,-0.002949852507374673,1
2025-09-16,000270,101700.0,101900.0,100500.0,101400.0,1317017.0,104320.0,105140.0,102605.0,39.64411622292784,213.5889614886546,809.3830045336056,-595.794043044951,108440.54540947407,105140.0,101839.45459052593,0.06278381984923094,2140.9363706690738,747550.4,1.7617768648107204,-0.027990797546012303,-0.03557161879398896,-0.011744067053262475,-0.007799124976222149,-0.002949852507374673,-0.04878048780487809,-0.03886255924170612,-0.0039447731755424265,1
2025-09-17,000270,101200.0,101500.0,100500.0,101000.0,1005177.0,103320.0,104935.0,102673.33333333333,38.552568043176464,-88.39666524650238,629.8270705775841,-718.2237358240865,108697.06060557246,104935.0,101172.93939442754,0.07170268462519586,2059.440915621283,762153.05,1.3188650232390986,-0.02245451025938827,-0.03749940439319577,-0.016297643010194096,-0.015390479820841518,-0.0039447731755424265,-0.04627006610009443,-0.047169811320754707,0.0108910891089109,2
2025-09-18,000270,101500.0,102200.0,101100.0,102100.0,1143276.0,102420.0,104845.0,102690.0,43.18535021103242,-236.23843359746388,456.6139697425745,-692.8524033400383,108783.76884317934,104845.0,100906.23115682066,0.07513508213418543,1998.0522787911912,797621.5,1.4333565481873294,-0.0031243897676235255,-0.026181506032714963,-0.005745447463238906,-0.023129381467881127,0.0108910891089109,0.003933136676499416,-0.04221388367729828,-0.004897159647404559,1
2025-09-19,000270,102300.0,102500.0,100500.0,101600.0,1545375.0,101560.0,104685.0,102731.66666666667,41.64826801890773,-389.2627428912674,287.43862721580615,-676.7013701070736,108870.34347455502,104685.0,100499.65652544498,0.0799607102174145,1998.1914017346774,847235.4,1.8240208093287886,0.0003938558487592836,-0.02946936046233939,-0.011015753013514207,-0.029851459139322745,-0.004897159647404559,0.0019723865877712132,-0.04060434372049104,0.0029527559055118058,1
2025-09-22,000270,101500.0,102500.0,101200.0,101900.0,737975.0,101600.0,104545.0,102801.66666666667,42.96009149652834,-480.78591692041664,133.7937183885616,-614.5796353089783,108902.7402400786,104545.0,100187.2597599214,0.0833658279224945,1948.3205873250574,862120.25,0.8560000765554457,0.0029527559055118058,-0.02530011000047827,-0.008770934323373503,-0.028169687694294288,0.0029527559055118058,0.008910891089108919,0.001966568338249708,0.008832188420019538,1
2025-09-23,000270,101300.0,102900.0,101300.0,102800.0,597793.0,101880.0,104535.0,102900.0,46.822477595143134,-475.2181938159629,11.991335947656694,-487.20952976361957,108907.76800207834,104535.0,100162.23199792166,0.08366131921515942,1923.4405453732675,861687.9,0.6937465409459735,0.00903023164507255,-0.016597311905103607,-0.0009718172983479434,-0.02539819199311233,0.008832188420019538,0.006856023506366382,0.013806706114398493,0.0019455252918287869,1
2025-09-24,000270,102900.0,103600.0,102500.0,103000.0,680285.0,102280.0,104510.0,102971.66666666667,47.6704775058842,-449.48600968779647,-80.30413317943395,-369.1818765083625,108911.77237030724,104510.0,100108.22762969276,0.08423638638038926,1864.6233635608912,876513.55,0.7761260507609951,0.0070394994133751165,-0.014448378145632046,0.0002751565964747016,-0.021337671036264494,0.0019455252918287869,0.013779527559055094,0.01980198019801982,-0.009708737864077666,1
2025-09-25,000270,103000.0,103000.0,101400.0,102000.0,775758.0,102260.0,104325.0,103005.0,43.90087488887357,-503.97519865076174,-165.03834627369952,-338.9368523770622,108821.16503255833,104325.0,99828.83496744167,0.08619535169055034,1845.7216947351133,866584.95,0.8951897906835331,-0.002542538627029134,-0.022286125089863384,-0.009756807921945554,-0.019793913251857198,-0.009708737864077666,0.0009813542688910104,-0.0009794319294809117,-0.01764705882352946,0
2025-09-26,000270,101200.0,101300.0,100200.0,100200.0,700206.0,101980.0,104045.0,103006.66666666667,38.065895718143366,-684.5125951470982,-268.9331960483793,-415.5793990987189,108827.24842516574,104045.0,99262.75157483426,0.09192653996185773,1842.455859396891,866377.4,0.8081997522096028,-0.01745440282408317,-0.03695516363112117,-0.027247427350980513,-0.019847181508001355,-0.01764705882352946,-0.02529182879377434,-0.013779527559055094,0.004990019960079861,1
2025-09-29,000270,100600.0,101200.0,100000.0,100700.0,639908.0,101740.0,103755.0,103033.33333333333,40.434240888987745,-778.2725200926943,-370.8010608572423,-407.471459235452,108609.47216492175,103755.0,98900.52783507825,0.09357567664058125,1796.566155154256,873528.6,0.7325552935530675,-0.010222134853548281,-0.02944436412703,-0.022646392753154276,-0.019420750807189968,0.004990019960079861,-0.022330097087378653,-0.011776251226692791,0.0,1
2025-09-30,000270,100200.0,101800.0,100200.0,100700.0,885167.0,101320.0,103430.0,103068.33333333333,40.434240888987745,-842.8619482398935,-465.21323833377255,-377.648709906121,108187.77258809205,103430.0,98672.22741190795,0.09199985667779267,1782.5257155003806,897773.3,0.9859582591730005,-0.006119226213975537,-0.02639466305714011,-0.022978283016121925,-0.020400270714492907,0.0,-0.012745098039215641,-0.020428015564202373,-0.0009930486593843213,1
2025-10-01,000270,100500.0,101500.0,100200.0,100600.0,580310.0,100840.0,103110.0,103093.33333333333,40.07874984327709,-891.8381446715794,-550.5382196013339,-341.2999250702454,107722.98168216611,103110.0,98497.01831783389,0.08947690199138993,1748.059592964639,899562.05,0.6451028030806768,-0.0023800079333597957,-0.024342934729900123,-0.024185204345576805,-0.022015323440985335,-0.0009930486593843213,0.003992015968063978,-0.023300970873786353,0.035785288270377746,2
2025-10-02,000270,100700.0,105000.0,100700.0,104200.0,1580346.0,101280.0,102970.0,103170.0,55.31108185255189,-632.8669237029826,-567.0039604216637,-65.86296328131891,107260.96725692472,102970.0,98679.03274307528,0.0833440275211172,1937.483907752879,950403.85,1.6628152337556292,0.028830963665086973,0.011945226765077255,0.009983522341765916,-0.01641254734388653,0.035785288270377746,0.0347567030784508,0.021568627450980316,-0.03454894433781186,0
2025-10-10,000270,101100.0,102500.0,100600.0,100600.0,1354370.0,101360.0,102670.0,103178.33333333333,43.42346733739789,-709.936571961749,-595.5904827296808,-114.34608923206815,106736.98905825919,102670.0,98603.01094174081,0.07922448735286239,2056.235057199102,996004.5,1.3598030932591167,-0.007498026835043414,-0.0201616830622382,-0.024989096548047818,-0.012759325995909232,-0.03454894433781186,-0.0009930486593843213,0.003992015968063978,0.00497017892644136,1
2025-10-13,000270,100900.0,101700.0,100100.0,101100.0,564201.0,101440.0,102480.0,103183.33333333333,45.18556387690929,-722.3422898629215,-620.9408441563289,-101.40144570659254,106466.77814782814,102480.0,98493.22185217186,0.07780597478196993,2023.6468388277374,988549.1,0.5707364459691481,-0.0033517350157729053,-0.013466042154566704,-0.020190599256985853,-0.010148321623731471,0.00497017892644136,0.00497017892644136,0.003972194637537285,0.013847675568743778,2
2025-10-14,000270,100600.0,103900.0,100500.0,102500.0,971824.0,101800.0,102330.0,103175.0,49.891514457868176,-612.149136767126,-619.1825026784884,7.033365911362353,106069.03730925488,102330.0,98590.96269074512,0.07307802812967622,2121.9577789114705,1007178.45,0.9648975313163224,0.006876227897838927,0.0016612918987588543,-0.006542282529682586,-0.0051793218020130816,0.013847675568743778,-0.016314779270633406,0.01787487586891756,0.012682926829268304,2
2025-10-15,000270,102100.0,103800.0,101800.0,103800.0,598957.0,102440.0,102220.0,103238.33333333333,53.853317626595256,-415.1357075693668,-578.3731436566641,163.23743608729728,105636.19671564738,102220.0,98803.80328435262,0.06684008443841487,2113.2465089892225,1001918.35,0.5978101908204396,0.01327606403748538,0.015456857757777387,0.005440485607736134,0.0021522207004500693,0.012682926829268304,0.031809145129224614,0.031809145129224614,0.07225433526011571,2
2025-10-16,000270,109300.0,112100.0,108200.0,111300.0,2290270.0,103860.0,102455.0,103435.0,69.05460203824319,342.2410327715479,-394.2503083710217,736.4913411425696,107364.36859483988,102455.0,97545.63140516012,0.09583463168883662,2555.1574726328495,1060487.8,2.1596382344049596,0.07163489312536098,0.08633058415889905,0.0760380915550829,0.01371333756283244,0.07225433526011571,0.10089020771513346,0.06813819577735125,0.007187780772686336,1
2025-10-17,000270,110800.0,113400.0,110100.0,112100.0,1054766.0,106160.0,102765.0,103633.33333333333,70.18288699833673,995.5448489044938,-116.29127691591859,1111.8361258204125,109085.5300410646,102765.0,96444.4699589354,0.12300939115583324,2608.3605103019318,1067888.0,0.9877121945372549,0.0559532780708365,0.09083832043983842,0.08169829527179173,0.033036539677905985,0.007187780772686336,0.09365853658536594,0.11431411530815105,0.02140945584299736,2
2025-10-20,000270,117000.0,118000.0,111200.0,114500.0,1188885.0,108840.0,103405.0,103878.33333333333,73.3250730976961,1687.5003191065916,244.46704228858346,1443.0332768180083,111505.98142202536,103405.0,95304.01857797464,0.15668452051690657,2907.763330994651,1010593.3,1.1764228003490622,0.05200294009555306,0.1072965523910836,0.10225103085340237,0.05256032106764663,0.02140945584299736,0.10308285163776487,0.13254203758654803,0.011353711790393017,2
2025-10-21,000270,115200.0,119800.0,115200.0,115800.0,1725109.0,111500.0,104125.0,104153.33333333333,74.86989161797274,2314.103604089949,658.3943546488566,1655.7092494410922,113793.2728550657,104125.0,94456.7271449343,0.18570512086560778,3078.637378780747,1030997.9,1.6732420114531756,0.0385650224215246,0.11212484993997607,0.11182231325609693,0.07082833133253308,0.011353711790393017,0.040431266846361114,0.1297560975609755,0.01986183074265968,2
2025-10-22,000270,118400.0,118600.0,115300.0,118100.0,1259947.0,114360.0,104980.0,104491.66666666667,77.36724923734772,2962.1363361528056,1119.1427509496466,1842.993585203159,116278.60168339428,104980.0,93681.39831660572,0.21525246110486349,3094.4489945821224,1043736.4,1.2071505793991664,0.03270374256733133,0.12497618594017901,0.1302336709466465,0.08935035244808542,0.01986183074265968,0.0535236396074934,0.13776493256262046,-0.026248941574936513,0
2025-10-23,000270,116300.0,117500.0,114700.0,115000.0,1129493.0,115100.0,105625.0,104640.0,67.61415261981418,3188.8043018869357,1533.0750611371045,1655.7292407498312,117642.30002954075,105625.0,93607.69997045925,0.22754650943509122,3116.274066397685,1043047.25,1.0828780767122486,-0.0008688097306689402,0.08875739644970415,0.09900611620795097,0.0897041420118343,-0.026248941574936513,0.004366812227074135,0.03324348607367478,-0.0008695652173913437,1
2025-10-24,000270,115900.0,116200.0,113700.0,114900.0,738758.0,115660.0,106290.0,104805.0,67.3193385539775,3322.0763057881704,1890.8753100673177,1431.2009957208527,118804.45564137731,106290.0,93775.54435862269,0.2354775734570949,3072.254490226422,1002716.4,0.7367566741702838,-0.006570983918381512,0.08100479819362127,0.09632174037498209,0.08815504751152514,-0.0008695652173913437,-0.007772020725388629,0.024977698483496846,-0.0008703220191470518,1
2025-10-27,000270,115400.0,117500.0,114800.0,114800.0,916818.0,115720.0,106935.0,104983.33333333333,67.00470821775497,3380.6560660436808,2188.8314612625904,1191.8246047810903,119802.6765579494,106935.0,94067.3234420506,0.24066351630335053,3045.664883781678,1011658.55,0.9062524109542691,-0.00795022468026274,0.07354935241034277,0.09350690585807286,0.08215270958993792,-0.0008703220191470518,-0.02794242167654526,0.0026200873362445254,-0.010452961672473893,0
2025-10-28,000270,114100.0,114200.0,112800.0,113600.0,872146.0,115280.0,107475.0,105118.33333333333,63.18822928824981,3292.2993988245726,2409.525048774987,882.7743500495853,120508.6295789009,107475.0,94441.3704210991,0.2425425369416311,2970.9745349401296,1025376.2,0.8505619693532969,-0.014573213046495503,0.05698999767387769,0.08068684498422418,0.07262153989299835,-0.010452961672473893,-0.012173913043478257,-0.01899827288428324,0.01936619718309851,2
2025-10-29,000270,115300.0,116600.0,113100.0,115800.0,1165316.0,114820.0,108115.0,105286.66666666667,66.90946712200035,3361.05358378026,2599.8307557760418,761.2228280042182,121460.1526780326,108115.0,94769.8473219674,0.24686958660745678,3008.762068158692,1049627.75,1.1102183607474174,0.008535098414910403,0.0710817185404431,0.09985436585829155,0.06201729639735465,0.01936619718309851,0.007832898172323688,-0.019475021168501305,0.003454231433505983,1
2025-10-30,000270,126100.0,126200.0,116100.0,116200.0,2737130.0,115060.0,108825.0,105383.33333333333,67.55173208732813,3408.527049671131,2761.57001455506,646.957035116071,122303.55704443176,108825.0,95346.44295556824,0.24771067391558477,3536.7076347187854,1147696.35,2.384890393700389,0.009907874152615959,0.06776935446818277,0.1026411513522063,0.057293820353778946,0.003454231433505983,0.012195121951219523,0.01043478260869568,0.03184165232358005,2
2025-10-31,000270,117000.0,122600.0,116000.0,119900.0,3039559.0,116060.0,109810.0,105676.66666666667,72.80901986321877,3702.0344426093216,2949.6629001659126,752.371542443409,123501.00434592002,109810.0,96118.99565407998,0.2493580611223026,3755.514232238872,1264664.0,2.403451825939538,0.03308633465448896,0.09188598488297961,0.13459294073116101,0.0569164921227574,0.03184165232358005,0.05545774647887325,0.04351610095735414,-0.01834862385321101,0
2025-11-03,000270,120700.0,121100.0,117500.0,117700.0,1371107.0,116640.0,110660.0,105958.33333333333,65.96531157749183,3714.3033750525356,3102.5909951432373,611.7123799092983,124091.51517886203,110660.0,97228.48482113797,0.24275284978966252,3744.4060727932383,1301223.95,1.0537056284584987,0.009087791495199005,0.06361829025844923,0.1108139992135273,0.05403939996385332,-0.01834862385321101,0.016407599309153698,0.025261324041811806,-0.028037383177570097,0
2025-11-04,000270,116600.0,119000.0,113500.0,114400.0,1179087.0,116800.0,111345.0,106151.66666666667,57.2695779164793,3418.339679672674,3165.7407320491247,252.59894762354907,124052.71025794974,111345.0,98637.28974205026,0.2282583009196595,3869.805639022293,1315919.95,0.896017269135558,-0.020547945205479423,0.02743724460011676,0.07770328617858091,0.04899187210921019,-0.028037383177570097,-0.015490533562822706,0.007042253521126751,-0.029720279720279685,0
2025-11-05,000270,114400.0,114600.0,109400.0,111000.0,1290707.0,115840.0,111865.0,106311.66666666667,49.961902643545095,2876.2787823844847,3107.8483421161973,-231.56955973171262,123584.09126169777,111865.0,100145.90873830223,0.20952203569834663,3964.8195219492723,1351439.8,0.9550606693690684,-0.04178176795580113,-0.007732534751709652,0.044099894962923436,0.035533902471729384,-0.029720279720279685,-0.07422852376980815,-0.041450777202072575,0.009009009009008917,1
2025-11-06,000270,112500.0,113200.0,110250.0,112000.0,865031.0,115000.0,112255.0,106481.66666666667,51.905715682756195,2498.5811701799685,2985.9949077289516,-487.41373754898314,123434.5304015867,112255.0,101075.4695984133,0.19918097904924859,3892.33241323861,1315674.05,0.6574812355689466,-0.02608695652173909,-0.0022716137365819122,0.05182425769694299,0.024453253752616755,0.009009009009008917,-0.048428207306711935,-0.03614457831325302,-0.016964285714285765,0
2025-11-07,000270,110200.0,111600.0,108900.0,110100.0,536664.0,113040.0,112730.0,106620.0,48.083721182149404,2022.6234264849045,2793.3206114801424,-770.6971849952379,122621.4306346454,112730.0,102838.5693653546,0.17548887846439096,3835.7372408644237,1274788.75,0.4209826922303794,-0.026008492569002173,-0.023330080723853452,0.03263927968486202,0.0027499334693514843,-0.016964285714285765,-0.037587412587412605,-0.08173477898248538,0.032697547683923744,2
2025-11-10,000270,111500.0,114800.0,111400.0,113700.0,699593.0,112240.0,113360.0,106816.66666666667,54.865139865711306,1913.8517079034937,2617.4268307648126,-703.575122861319,121690.04201670084,113360.0,105029.95798329916,0.14696616119796826,3897.4702950883934,1281558.35,0.5458924285421729,0.0130078403421241,0.0029992942836980507,0.06444063036355119,-0.009880028228652082,0.032697547683923744,0.024324324324324298,-0.03398470688190314,0.020228671943711474,2
2025-11-11,000270,114100.0,116000.0,113800.0,116000.0,959520.0,112560.0,114035.0,107056.66666666667,58.58702881710702,1990.2972080701584,2492.000906225882,-501.7036981557235,120770.95575994984,114035.0,107299.04424005016,0.11813839189634474,3783.3652740106513,1280943.15,0.7490730560524876,0.03056147832267242,0.017231551716578197,0.0835383130429368,-0.01293462533432721,0.020228671943711474,0.03571428571428581,0.013986013986013957,0.022413793103448265,2
2025-11-12,000270,115700.0,119900.0,115300.0,118600.0,1238570.0,114080.0,114775.0,107336.66666666667,62.36511688354018,2234.916363949218,2440.583997770549,-205.66763382133104,119913.0443750518,114775.0,109636.9556249482,0.08953246569465131,3841.6963258670335,1312923.8,0.9433677719910325,0.03962131837307159,0.03332607275103472,0.1049346293593365,-0.006055325637116082,0.022413793103448265,0.07720254314259756,0.06846846846846844,-0.005059021922428353,1
2025-11-13,000270,117200.0,118700.0,116700.0,118000.0,783292.0,115280.0,115110.0,107583.33333333333,60.98249489089534,2353.2371685387916,2423.1146319241975,-69.87746338540592,120171.18563184571,115110.0,110048.81436815429,0.0879365065041389,3710.1465883051023,1237574.9,0.6329249243823546,0.02359472588480216,0.02510641994613838,0.09682416731216126,0.0014768482321256826,-0.005059021922428353,0.03781882145998239,0.0535714285714286,-0.008474576271186418,1
2025-11-14,000270,116500.0,119500.0,115800.0,117000.0,667473.0,116660.0,115355.0,107805.0,58.64874724463014,2339.349056253821,2406.361516790122,-67.0124605363012,120282.26090236772,115355.0,110427.73909763228,0.08542778210511415,3709.421831997595,1218210.25,0.547912808975298,0.0029144522544144458,0.01426032681721634,0.0852928899401697,0.011312903645269046,-0.008474576271186418,0.008620689655172376,0.06267029972752036,0.0034188034188034067,1
2025-11-17,000270,118100.0,118900.0,116800.0,117400.0,619912.0,117400.0,115500.0,108058.33333333333,59.319374198682524,2333.717640004892,2391.832741433076,-58.11510142818406,120488.3865126914,115500.0,110511.6134873086,0.08637898723275156,3594.4631297120527,1189761.6,0.5210388366879549,0.0,0.016450216450216493,0.0864502197886945,0.016450216450216493,0.0034188034188034067,-0.010118043844856706,0.03254177660510105,-0.024701873935264018,0
2025-11-18,000270,116300.0,117300.0,114500.0,114500.0,514941.0,117100.0,115435.0,108233.33333333333,52.65233975930954,2071.3714575875783,2327.7404846639765,-256.3690270763982,120439.90759155467,115435.0,110430.09240844533,0.08671386653189538,3544.858620446906,1129253.2,0.4560013644415619,-0.02220324508966698,-0.008099796422228911,0.05789959963042812,0.014423701650279286,-0.024701873935264018,-0.029661016949152574,-0.012931034482758674,0.0,1
2025-11-19,000270,115700.0,116400.0,114100.0,114500.0,615044.0,116280.0,115255.0,108390.0,52.65233975930954,1842.2242040402489,2230.637228539231,-388.41302449898194,120120.58321273015,115255.0,110389.41678726985,0.0844316205410638,3455.9401475578416,1097008.05,0.5606558675663319,-0.015307877536979708,-0.006550691943950415,0.05637051388504477,0.008893323500064998,0.0,-0.021367521367521403,-0.03456998313659354,-0.009606986899563297,1
2025-11-20,000270,115400.0,116200.0,113400.0,113400.0,651240.0,115360.0,115175.0,108548.33333333333,50.17172553542239,1553.9495842633914,2095.299699684063,-541.3501154206715,120106.88604896763,115175.0,110243.11395103237,0.08564160710167362,3409.0872798751384,1073095.4,0.606879872935808,-0.016990291262135915,-0.0154113305838941,0.044695911191635185,0.001606251356631283,-0.009606986899563297,-0.03407155025553665,-0.03898305084745768,0.005291005291005346,1
2025-11-21,000270,111900.0,114700.0,111500.0,114000.0,680023.0,114760.0,115130.0,108701.66666666667,51.51357851707306,1358.2478213697032,1947.889324021191,-589.6415026514878,120087.45902655802,115130.0,110172.54097344198,0.08611932644068478,3394.1524741697713,1070158.65,0.6354412964844045,-0.0066225165562914245,-0.009814991748458235,0.048741969611014735,-0.003213758360114616,0.005291005291005346,-0.004366812227074246,-0.02564102564102566,-0.025438596491228038,0
2025-11-24,000270,114900.0,115000.0,111100.0,111100.0,1566600.0,113500.0,114945.0,108808.33333333333,45.18054247608676,958.1025903689879,1749.9319772907506,-791.8293869217628,120204.83840055962,114945.0,109685.16159944038,0.09151922050649644,3430.2844403005015,1102647.75,1.4207619795170308,-0.02114537444933917,-0.03345078080821262,0.021061499578770126,-0.012571229718561061,-0.025438596491228038,-0.029694323144104806,-0.053662691652470174,0.0009000900090008201,1
2025-11-25,000270,112200.0,113200.0,111000.0,111200.0,632037.0,112840.0,114825.0,108945.0,45.42967673442228,641.6571519454301,1528.2770122216866,-886.6198602762565,120306.92484443205,114825.0,109343.07515556795,0.09548312378719015,3342.406980279037,1090642.3,0.5795089737487716,-0.014533853243530626,-0.031569780100152434,0.020698517600624244,-0.01728717613760067,0.0009000900090008201,-0.01940035273368612,-0.02882096069869,0.017985611510791477,2
2025-11-26,000270,113200.0,113200.0,111600.0,113200.0,527546.0,112580.0,114695.0,109106.66666666667,50.29501809752203,545.9616414774355,1331.8139380728364,-785.852296595401,120201.532484241,114695.0,109188.467515759,0.09602044525464937,3246.5207674019625,1058753.8,0.4982707027828377,0.005507194883638267,-0.013034569946379526,0.03751680312843697,-0.018440210994376427,0.017985611510791477,-0.007017543859649145,-0.011353711790393017,0.007067137809187329,1
2025-11-27,000270,113000.0,114000.0,112800.0,114000.0,477958.0,112700.0,114585.0,109245.0,52.13339310759452,528.5824051680247,1171.167631491874,-642.5852263238494,120054.65263979364,114585.0,109115.34736020636,0.09546891198313286,3100.340712587537,945795.2,0.5053504183569552,0.011535048802129522,-0.005105380285377659,0.04352601949745982,-0.016450669808439122,0.007067137809187329,0.026102610261026005,0.005291005291005346,0.0008771929824560321,1
2025-11-28,000270,114000.0,115300.0,112900.0,114100.0,609629.0,112720.0,114295.0,109383.33333333333,52.37053299306721,516.91967124847,1040.3180394431934,-523.3983681947234,119191.72339427106,114295.0,109398.27660572894,0.08568569743682679,3050.3163759741415,824298.7,0.7395729242324415,0.012242725337118454,-0.0017061113784504478,0.04312052415054102,-0.013780130364407839,0.0008771929824560321,0.02607913669064743,0.0008771929824560321,-0.015775635407537236,0
2025-12-01,000270,113900.0,114400.0,111000.0,112300.0,690993.0,112960.0,114025.0,109480.0,47.78181089695117,358.3016355992586,903.9147586744064,-545.6131230751478,118732.81265557598,114025.0,109317.18734442402,0.08257509591012464,3075.293777690274,790293.0,0.8743503991557562,-0.005842776203966005,-0.015128261346196048,0.025758129338691926,-0.009340057005042701,-0.015775635407537236,-0.007950530035335635,0.01080108010801073,0.0418521816562778,2
2025-12-02,000270,113200.0,117000.0,112900.0,117000.0,984373.0,114120.0,114155.0,109643.33333333333,58.10429650825927,604.8738112518768,844.1065691899005,-239.23275793802372,119037.40719317853,114155.0,109272.59280682147,0.0855399622124047,3191.3442221409687,780557.3,1.2611156157273784,0.025236593059936974,0.02492225482896071,0.06709634268689402,-0.00030660067452148443,0.0418521816562778,0.026315789473684292,0.05215827338129486,0.013675213675213627,2
2025-12-03,000270,117300.0,119200.0,116500.0,118600.0,1066553.0,115200.0,114535.0,109836.66666666667,60.93538130264878,918.7993185438099,859.0451190606825,59.75419948312742,119557.06132977302,114535.0,109512.93867022698,0.08769478901249428,3156.2482062737568,769349.6,1.386304743643202,0.02951388888888884,0.035491334526563945,0.0797851355042336,0.005806085476055323,0.013675213675213627,0.039439088518843146,0.04770318021201403,0.014333895446880351,2
2025-12-04,000270,119300.0,120900.0,117700.0,120300.0,1315070.0,116460.0,114950.0,110058.33333333333,63.73910691112097,1289.8942394301557,945.2149431345772,344.6792962955785,120417.5405805537,114950.0,109482.4594194463,0.09512902271515791,3159.37333439706,791851.55,1.6607532055724332,0.03297269448737761,0.046541974771639794,0.09305671234951163,0.013136146150500183,0.014333895446880351,0.0712377560106856,0.0552631578947369,0.027431421446383997,2
2025-12-05,000270,118700.0,123800.0,118200.0,123600.0,2075345.0,118360.0,115625.0,110341.66666666667,68.4698338403644,1829.1863371111394,1122.0092219298897,707.1771151812497,121816.2438168757,115625.0,109433.7561831243,0.10709178494055277,3333.7038105115557,868785.6,2.388788442165708,0.04427171341669478,0.06897297297297289,0.12015708783324519,0.023654054054053963,0.027431421446383997,0.05641025641025643,0.0832602979842243,0.016181229773462702,2
2025-12-08,000270,125300.0,127250.0,123400.0,125600.0,1464750.0,121020.0,116220.0,110686.66666666667,70.94398470787513,2390.4073670650396,1375.6888509569196,1014.71851610812,123708.28418264168,116220.0,108731.71581735832,0.12886395082845783,3370.5821097607304,907043.45,1.6148620002713212,0.037844984300115625,0.08070900017208738,0.13473468650243925,0.04130098089829626,0.016181229773462702,0.0590219224283306,0.11843276936776492,-0.014331210191082855,0
2025-12-09,000270,124600.0,126100.0,123300.0,123800.0,966759.0,122380.0,116610.0,110991.66666666667,65.92970834812238,2659.279600025344,1632.4070007706046,1026.8725992547393,124792.1513063498,116610.0,108427.8486936502,0.14033361300659974,3329.826244777821,907405.4,1.0654102344993759,0.011603203137767526,0.061658519852499705,0.11539905398303163,0.04948117657147755,-0.014331210191082855,0.029093931837073983,0.058119658119658135,-0.003231017770597755,1
2025-12-10,000270,123800.0,124300.0,122000.0,123400.0,700984.0,123340.0,116850.0,111281.66666666667,64.83307492543528,2807.7204708628997,1867.4696947890639,940.2507760738358,125518.67925349656,116850.0,108181.32074650344,0.14837277284546965,3256.267227293691,880526.1,0.796096788045238,0.0004864601913410205,0.056054771074026455,0.10889784181281725,0.0555412922550278,-0.003231017770597755,-0.0016181229773463146,0.0404721753794266,-0.004051863857374438,1
2025-12-11,000270,124600.0,126400.0,122500.0,122900.0,1030322.0,123860.0,117095.0,111553.33333333333,63.41318529190452,2852.137444073378,2064.403244645927,787.7341994274511,126148.2811731439,117095.0,108041.7188268561,0.15463138773037105,3302.2481396298563,892877.6,1.1539342010595854,-0.00775068625867914,0.04957513130364233,0.10171517360903604,0.05777360263034281,-0.004051863857374438,-0.02149681528662417,0.021612635078969156,0.02359641985353944,2
2025-12-12,000270,123400.0,125800.0,123100.0,125800.0,684563.0,124300.0,117535.0,111885.0,67.81582393186613,3085.7731074824696,2268.6772172132355,817.0958902692341,127350.35022299265,117535.0,107719.64977700735,0.1670200403793364,3273.516129656295,893732.1,0.7659599560091889,0.012067578439259874,0.07031947930403715,0.12436877150645742,0.05755732335049135,0.02359641985353944,0.016155088852988664,0.017799352750809128,-0.014308426073131986,0
2025-12-15,000270,124900.0,125300.0,123600.0,124000.0,654771.0,123980.0,117865.0,112256.66666666667,62.76712076253398,3090.0657428316626,2432.9549223369213,657.1108204947413,128075.83248320145,117865.0,107654.16751679855,0.1732631821694557,3196.836406109417,895475.05,0.7311996018202852,0.00016131634134541883,0.05205107538285336,0.10461145588977638,0.05188138972553347,-0.014308426073131986,0.004862236628849326,-0.01273885350318471,-0.02580645161290318,0
2025-12-16,000270,124300.0,125400.0,120200.0,120800.0,971830.0,123380.0,118180.0,112580.0,54.93688272939394,2802.943838984662,2506.9527056664692,295.9911333181926,128344.7626632402,118180.0,108015.2373367598,0.1720217069426332,3339.9195199587443,918319.5,1.0582700247571788,-0.02091100664613388,0.022169571839566693,0.07301474507017236,0.0440006769334913,-0.02580645161290318,-0.0170870626525631,-0.024232633279482996,0.005794701986755024,1
2025-12-17,000270,121900.0,121900.0,120200.0,121500.0,811670.0,123000.0,118530.0,112921.66666666667,56.22340549578995,2601.888856324076,2525.939935797991,75.9489205260852,128645.75009576659,118530.0,108414.24990423341,0.1706867475873887,3222.782411390263,928150.8,0.8745022899296105,-0.012195121951219523,0.02505694760820054,0.07596711584726878,0.03771197165274609,0.005794701986755024,-0.03418124006359302,-0.015397082658022643,-0.009053497942386857,1
2025-12-18,000270,119800.0,121200.0,119100.0,120400.0,658756.0,122500.0,118880.0,113226.66666666667,53.63220381651799,2326.966703455255,2486.1452893294436,-159.17858587418868,128742.77851317782,118880.0,109017.22148682218,0.1659283060763429,3164.0122391481013,928526.6,0.709463789190315,-0.017142857142857126,0.012786002691790088,0.06335374470089494,0.03045087483176312,-0.009053497942386857,-0.029032258064516148,-0.020341741253051215,0.004983388704318914,1
2025-12-19,000270,121200.0,121900.0,118200.0,121000.0,1103568.0,121540.0,119230.0,113550.0,54.85440499649589,2132.9169631340337,2415.499624090362,-282.58266095632825,128869.52280976616,119230.0,109590.47719023384,0.1616962645268164,3202.2970792089513,949703.85,1.1620127685067299,-0.00444298173440838,0.014845257066174566,0.06560986349625719,0.01937431854399052,0.004983388704318914,0.0016556291390728006,-0.038155802861685184,0.0008264462809917106,1
2025-12-22,000270,121700.0,121800.0,119500.0,121100.0,532952.0,120960.0,119730.0,113870.0,55.066986377588286,1964.5541527611786,2325.3105298245255,-360.7563770633469,128640.69020895699,119730.0,110819.30979104301,0.1488464079003924,3137.8472878368834,898021.45,0.5934735746011413,0.0011574074074074403,0.011442412093877863,0.06349345745147983,0.010273114507642234,0.0008264462809917106,-0.003292181069958877,-0.023387096774193594,-0.007431874483897594,1
2025-12-23,000270,121400.0,121900.0,119800.0,120200.0,398278.0,120840.0,120180.0,114160.0,52.663473062141925,1738.4630146882846,2207.9410267972776,-469.47801210899297,128185.14834341014,120180.0,112174.85165658986,0.1332193100916981,3063.715338705678,886333.5,0.4493545601063257,-0.005296259516716306,0.0001664170411050936,0.052908199018920854,0.005491762356465202,-0.007431874483897594,-0.0016611295681062677,-0.004966887417218513,0.006655574043261225,1
2025-12-24,000270,120300.0,122500.0,120000.0,121000.0,423315.0,120740.0,120570.0,114460.0,54.561957313543324,1605.3322026404203,2087.419261965906,-482.0870593254858,127909.23701756539,120570.0,113230.76298243461,0.12174234084043116,3023.449957369558,881121.95,0.4804272552738018,0.0021533874440946565,0.0035663929667413274,0.057137864756246826,0.0014099693124325352,0.006655574043261225,0.0,-0.004115226337448541,-0.00991735537190086,1
2025-12-26,000270,121300.0,121700.0,119100.0,119800.0,425261.0,120620.0,120860.0,114756.66666666667,51.242142701634,1387.0065555643087,1947.3367206855867,-560.330165121278,127569.21754007143,120860.0,114150.78245992857,0.11102461592042749,2993.2035318431613,878487.1,0.4840833747018027,-0.006798209252196985,-0.008770478239285118,0.04394806401951956,-0.0019857686579513034,-0.00991735537190086,-0.01073492981007429,-0.004983388704318914,0.01085141903171949,2
2025-12-29,000270,118600.0,121200.0,118300.0,121100.0,425379.0,120640.0,121210.0,115105.0,54.47384712495148,1303.8510593586398,1818.6395884201975,-514.7885290615577,127159.42013981214,121210.0,115260.57986018786,0.09816715023202932,2986.5461367115067,869274.6,0.48934939546145717,0.003812997347480085,-0.0009075158815279316,0.05208288084792145,-0.004702582295190161,0.01085141903171949,0.0074875207986688785,0.0008264462809917106,0.005780346820809301,1
2025-12-30,000270,119800.0,121800.0,119500.0,121800.0,435122.0,120780.0,121685.0,115456.66666666667,56.158878706679594,1279.6824961278908,1710.8481699617364,-431.16567383384563,126007.62651636737,121685.0,117362.37348363263,0.0710461686545978,2937.5071269463992,856481.05,0.5080345910747237,0.008445106805762492,0.000945063072687713,0.05494124779859688,-0.00743723548506392,0.005780346820809301,0.006611570247933907,0.005780346820809301,-0.009852216748768461,1
2026-01-02,000270,121100.0,122200.0,119500.0,120600.0,645645.0,120860.0,121865.0,115788.33333333333,52.56694958672232,1150.43724007954,1598.7659839852972,-448.32874390575716,125659.87812716064,121865.0,118070.12187283936,0.06228003326895568,2920.5423321645135,839544.65,0.769041884788379,-0.0021512493794473286,-0.010380338899601993,0.041555712291105884,-0.008246830509169967,-0.009852216748768461,0.006677796327211993,0.0033277870216306127,0.016583747927031434,2
2026-01-05,000270,121000.0,123200.0,120700.0,122600.0,858385.0,121180.0,122065.0,116155.0,57.45152442530696,1195.6104754823318,1518.1348822847042,-322.52440680237237,125560.29684004125,122065.0,118569.70315995875,0.05726943579308156,2897.6464512956195,829136.25,1.0352761684222587,0.011718105297903847,0.004382910744275659,0.055486203779432586,-0.007250235530250282,0.016583747927031434,0.012386457473162693,0.013223140495867813,-0.0008156606851549286,1
2026-01-06,000270,124500.0,125800.0,121700.0,122500.0,1302137.0,121720.0,122175.0,116460.0,57.13471327890454,1209.400212900684,1456.3879484079002,-246.98773550721626,125578.45412779464,122175.0,118771.54587220536,0.055714411750270365,2983.5288476316464,828489.6,1.5716998740841166,0.006408149852119571,0.00266011868221816,0.0518633007041045,-0.0037241661551054017,-0.0008156606851549286,0.005747126436781658,0.022537562604340478,0.05551020408163265,2
2026-01-07,000270,121400.0,130500.0,121300.0,129300.0,3038127.0,123360.0,122460.0,116938.33333333333,69.46534869807331,1748.8719420700509,1514.8847471403305,233.98719492972032,127043.18666432018,122460.0,117876.81333567982,0.07485197883913407,3427.562501372243,876628.7,3.4656941986955254,0.0481517509727627,0.05585497305242537,0.10571098727249417,0.007349338559529572,0.05551020408163265,0.07213930348258701,0.06771263418662254,-0.03402938901778807,0
2026-01-08,000270,131000.0,131100.0,123600.0,124900.0,1693240.0,123980.0,122425.0,117335.0,57.86604383823414,1800.6076621648972,1572.0293301452439,228.57833201965332,126921.60983408638,122425.0,117928.39016591362,0.07345901301345939,3718.4508941313684,888053.2,1.9066875723211179,0.00742055170188749,0.020216459056565217,0.06447351600119311,0.012701654073922874,-0.03402938901778807,0.018760195758564358,0.02545155993431858,0.06645316253002398,2
2026-01-09,000270,126400.0,133600.0,125300.0,133200.0,1738639.0,126500.0,122895.0,117846.66666666667,68.53829608808823,2482.7298626703996,1754.1694366502752,728.5604260201244,129389.45147799277,122895.0,116400.54852200723,0.10569106111709622,4074.275830264842,926647.2,1.8762685518285709,0.05296442687747027,0.083852068839253,0.13028228771850414,0.029333984295536908,0.06645316253002398,0.08734693877551014,0.10447761194029859,-0.029279279279279313,0
2026-01-12,000270,136000.0,137500.0,127900.0,129300.0,1768796.0,127840.0,123190.0,118271.66666666667,60.75160736908666,2677.7517592183285,1938.885901163886,738.8658580544425,130259.90806163718,123190.0,116120.09193836282,0.11478055137003294,4468.970413817354,980037.8,1.80482426290088,0.011420525657071412,0.04959818167059016,0.09324577596775785,0.037746570338501595,-0.029279279279279313,0.0,0.05464926590538344,0.051817478731631894,2
2026-01-13,000270,130700.0,136200.0,129500.0,136000.0,2944545.0,130540.0,123845.0,118683.33333333333,67.56843477919605,3334.503937320347,2218.0095083951783,1116.494428925169,132848.88249590155,123845.0,114841.11750409844,0.14540566830960563,4642.615384258971,1075748.95,2.73720462381116,0.04182626015014557,0.09814687714481818,0.1459064738098581,0.05405950987121,0.051817478731631894,0.08887109687750194,0.11020408163265305,0.05147058823529416,2
2026-01-14,000270,139600.0,146300.0,137200.0,143000.0,2992169.0,133280.0,124705.0,119198.33333333333,72.87014326293931,4369.457878143061,2648.299182344755,1721.1586957983059,136982.21059524527,124705.0,112427.78940475473,0.19690005365053959,5046.71428538333,1191129.25,2.5120439280623827,0.07292917166866753,0.1467062266950001,0.1996812035962472,0.06876227897838905,0.05147058823529416,0.07357357357357364,0.10595514307811293,0.06643356643356646,2
2026-01-15,000270,142800.0,152500.0,141400.0,152500.0,3375671.0,138800.0,126130.0,119831.66666666667,78.10206604138519,5888.35959385155,3296.311264646114,2592.048329205436,143364.27979348143,126130.0,108895.72020651856,0.2732780431853078,5479.0918364273775,1327174.25,2.5435024828126376,0.09870317002881834,0.20907000713549517,0.2726185343328835,0.10045191469119152,0.06643356643356646,0.17942768754833716,0.2209767814251402,-0.009180327868852478,1
2026-01-16,000270,158000.0,159500.0,149700.0,151100.0,2624747.0,142380.0,127645.0,120420.0,75.78268072945443,6899.597580872709,4016.9685278914335,2882.6290529812754,147815.71887662914,127645.0,107474.28112337086,0.31604401075841804,5787.728133825422,1409820.1,1.8617602345150277,0.06124455681977814,0.18375181166516508,0.25477495432652386,0.11543734576364129,-0.009180327868852478,0.11102941176470593,0.13438438438438438,0.12177365982792843,2
2026-01-19,000270,151800.0,170700.0,151300.0,169500.0,4040319.0,150420.0,130045.0,121276.66666666667,82.94944791487411,9081.056430181314,5029.78610834941,4051.270321831904,157001.14772180928,130045.0,103088.85227819072,0.4145664611758895,6774.318981409321,1571252.55,2.57140012278739,0.12684483446350225,0.30339497866123266,0.39763076161943767,0.15667653504556123,0.12177365982792843,0.18531468531468542,0.31090487238979114,-0.03303834808259587,0
2026-01-20,000270,174000.0,177000.0,161800.0,163900.0,3225052.0,156000.0,132220.0,122091.66666666667,75.61511324108736,10239.965141973778,6071.821915074284,4168.143226899494,162524.09873267976,132220.0,101915.90126732024,0.4583890293855659,7376.153339880084,1699567.35,1.897572343926235,0.05064102564102568,0.23960066555740434,0.342433963551976,0.17985176221449106,-0.03303834808259587,0.07475409836065583,0.20514705882352935,0.05003050640634532,2
2026-01-21,000270,160100.0,174800.0,160000.0,172100.0,4144416.0,161820.0,134775.0,123045.0,78.59905705594555,11685.378347600607,7194.533201579548,4490.845146021058,169200.7389172695,134775.0,100349.2610827305,0.5108623842295604,7906.428101317221,1851609.75,2.23827726117774,0.06352737609689774,0.2769430532368762,0.3986752814011134,0.2006677796327212,0.05003050640634532,0.13898080741230978,0.2034965034965035,-0.04357931435212081,0
2026-01-22,000270,172900.0,175700.0,163600.0,164600.0,3390188.0,164240.0,136950.0,123875.0,70.1444173501209,12086.367288218811,8172.900018907401,3913.46726931141,173098.49927728678,136950.0,100801.50072271322,0.5279079850644292,8205.968951223134,1994471.55,1.6997926092252356,0.002191914271797435,0.20189850310332247,0.32875882946518664,0.19926980649872217,-0.04357931435212081,-0.028908554572271372,0.07934426229508196,-0.03402187120291611,0
2026-01-23,000270,162200.0,165550.0,157300.0,159000.0,2594922.0,165820.0,138890.0,124631.66666666667,64.56029740371599,11816.072386558197,8901.53449243756,2914.5378941206363,175397.36364077806,138890.0,102382.63635922194,0.5257018308125575,8209.114026135767,2104303.75,1.2331499195398954,-0.0411289349897479,0.1447908416732666,0.2757592372190052,0.1938944488444092,-0.03402187120291611,-0.029896278218425887,0.05228325612177365,-0.023899371069182385,0
2026-01-26,000270,156800.0,158600.0,154100.0,155200.0,1425292.0,162960.0,140600.0,125288.33333333333,61.010941062397194,11166.512878002919,9354.530169550633,1811.9827084522858,176797.8452397377,140600.0,104402.15476026227,0.5149053376918594,7972.748738554641,2154402.6,0.6615717972119045,-0.04761904761904767,0.10384068278805114,0.23874263365836135,0.1590327169274537,-0.023899371069182385,-0.09819872167344568,-0.08436578171091447,-0.010953608247422641,0
2026-01-27,000270,149300.0,153800.0,145900.0,153500.0,1856834.0,160880.0,142285.0,125910.0,59.43663805530078,10394.732489499467,9562.570633540401,832.1618559590661,177579.20774008112,142285.0,106990.79225991886,0.49610581213875155,8067.5524000864525,2225981.25,0.8341642590206004,-0.045872700149179546,0.07882067681062654,0.21912477166229838,0.1306884070703167,-0.010953608247422641,-0.0674362089914945,-0.06345332519829161,-0.024755700325732932,0
2026-01-28,000270,155100.0,156000.0,149100.0,149700.0,1756119.0,156400.0,143715.0,126406.66666666667,55.96061658123224,9368.468851902755,9523.750277212872,-155.2814253101169,177755.22767256416,143715.0,109674.77232743583,0.4737185077766992,7984.155800080277,2292518.25,0.7660218190193252,-0.04283887468030689,0.04164492224193728,0.18427298138283832,0.08826496886198387,-0.024755700325732932,-0.058490566037735836,-0.1301568855316676,0.03473613894455574,2
2026-01-29,000270,154000.0,156500.0,149700.0,154900.0,2518535.0,154460.0,145370.0,127026.66666666667,59.454995509126825,8872.467781399318,9393.49377805016,-521.025996650842,178183.8446391154,145370.0,112556.15536088459,0.4514527707108126,7899.573242931686,2396688.9,1.0508393475682223,0.0028486339505373603,0.06555685492192342,0.2194289912879186,0.0625300956180781,0.03473613894455574,-0.0019329896907216426,-0.05893074119076547,-0.01484828921885084,0
2026-01-30,000270,153400.0,156000.0,151300.0,152600.0,1571584.0,153180.0,146970.0,127663.33333333333,57.28971289202861,8199.27642665847,9154.650307771823,-955.3738811133517,177860.97602860752,146970.0,116079.0239713925,0.42037117818068326,7671.032297007994,2442985.85,0.6433045856569328,-0.0037863950907429667,0.03830713751105663,0.19533147079558222,0.04225352112676051,-0.01484828921885084,-0.005863192182410382,-0.040251572327044016,-0.016382699868938366,0
2026-02-02,000270,151600.0,156800.0,148200.0,150100.0,1396470.0,152160.0,148345.0,128315.0,54.94726895064714,7378.978055546293,8799.515857326716,-1420.5378017804233,177152.46257482606,148345.0,119537.53742517394,0.38838467861843756,7737.387132935995,2469890.1,0.5653976263964133,-0.013538380651945348,0.011830530183019272,0.16977750068191555,0.025717078432033524,-0.016382699868938366,0.002672010688042681,-0.032860824742268036,0.025982678214523602,2
2026-02-03,000270,150100.0,154000.0,148800.0,154000.0,1341474.0,152260.0,149920.0,129015.0,57.84308308838452,6963.314339654462,8432.275553792266,-1468.9612141378038,176240.1519752452,149920.0,123599.84802475481,0.3511226250699731,7556.145194869138,2471856.95,0.542698880693723,0.01142782083278604,0.027214514407684076,0.19365965197845214,0.015608324439701171,0.025982678214523602,-0.005810200129115595,0.0032573289902280145,0.018181818181818077,2
2026-02-04,000270,155100.0,158000.0,154000.0,156800.0,1387022.0,153680.0,151295.0,129793.33333333333,59.838955033330365,6781.659697976807,8102.152382629174,-1320.4926846523667,175985.4414703343,151295.0,126604.55852966571,0.3263880692730665,7302.134823807057,2389301.7,0.580513545024473,0.020301926080166677,0.036385868667173416,0.2080743746468745,0.01576390495389801,0.018181818181818077,0.02752293577981657,0.04742818971275886,-0.003826530612244916,1
2026-02-05,000270,156700.0,161250.0,154800.0,156200.0,1589252.0,153940.0,152860.0,130501.66666666667,59.19224949683719,6514.190566201112,7784.560019343562,-1270.3694531424499,174430.66526558704,152860.0,131289.33473441296,0.2822277281903316,7241.268050677981,2384102.3,0.6666039456444466,0.014681044562816714,0.02185005887740421,0.19691957957114203,0.007065288499280342,-0.003826530612244916,0.04063957361758819,0.008392511297611316,-0.027528809218950068,0
2026-02-06,000270,154600.0,154900.0,149000.0,151900.0,1269545.0,153800.0,153795.0,131100.0,54.63507159060453,5887.379245679389,7405.123864610728,-1517.7446189313387,173408.2072848885,153795.0,134181.7927151115,0.2550565009901299,7238.32033277241,2360647.6,0.5377952219551957,-0.012353706111833507,-0.012321596930979561,0.1586575133485888,3.2510809844232824e-05,-0.027528809218950068,-0.013636363636363669,-0.004587155963302725,0.012508229098090906,2
2026-02-09,000270,153700.0,155000.0,152200.0,153800.0,1370996.0,154540.0,155020.0,131686.66666666666,56.23829911557528,5480.762065832678,7020.251504855118,-1539.48943902244,171103.35785835792,155020.0,138936.64214164208,0.207500423924112,6942.726023288667,2340757.6,0.5857060978889911,-0.004788404296622195,-0.007869952264223934,0.16792385966688617,-0.003096374661334056,0.012508229098090906,-0.01913265306122447,0.02465023317788151,0.0058517555266579535,1
2026-02-10,000270,155800.0,158600.0,154600.0,154700.0,1011933.0,154680.0,155955.0,132298.33333333334,57.01326569787632,5171.523397111363,6650.505883306368,-1478.9824861950046,169477.05235901722,155955.0,142432.94764098278,0.17340966764793977,6789.674164482334,2244127.0,0.4509250144933865,0.00012929919834503423,-0.00804719310057389,0.169326900061729,-0.008175435221698613,0.0058517555266579535,-0.009603072983354721,0.00454545454545463,0.045895281189398895,2
2026-02-11,000270,156400.0,162000.0,154700.0,161800.0,1622428.0,155680.0,156895.0,133045.0,62.63481970040043,5436.689415667497,6407.742589778594,-971.0531741110972,169247.24271134613,156895.0,144542.75728865387,0.15745871712095516,6826.126009876453,2175639.95,0.7457244936139363,0.03931140801644406,0.031262946556614324,0.21612988086737572,-0.007744032633289821,0.045895281189398895,0.06517445687952605,0.03188775510204089,0.02781211372064285,2
2026-02-12,000270,163200.0,166300.0,160700.0,166300.0,1804086.0,157700.0,157585.0,133860.0,65.69675485716017,5941.458354243747,6314.485742671625,-373.0273884278786,170410.79822077375,157585.0,144759.20177922625,0.1627794297778818,6738.545580599564,2097060.7,0.8602926944365511,0.054533925174381714,0.05530348700701215,0.2423427461526968,0.0007297648887902852,0.02781211372064285,0.08127438231469442,0.06466069142125486,-0.013229104028863459,0
2026-02-13,000270,164900.0,166000.0,163200.0,164100.0,972962.0,160140.0,158235.0,134686.66666666666,62.97954443117443,6093.7250912565505,6270.333612388611,-176.60852113206056,170997.8014166171,158235.0,145472.1985833829,0.1613145184898043,6478.649467699595,2014471.45,0.4829862443570496,0.02472836268265266,0.03706512465636558,0.2183834084046925,0.012039055834676349,-0.013229104028863459,0.06076276664511959,0.08031599736668871,0.03595368677635591,2
2026-02-19,000270,169000.0,171500.0,164000.0,170000.0,1357727.0,163380.0,158260.0,135611.66666666666,66.92984059522232,6614.233502406103,6339.11359039211,275.1199120139927,171112.61062975158,158260.0,145407.38937024842,0.16242399380451888,6551.603077149624,1880341.85,0.7220639161969404,0.04051903537764723,0.07418172627322117,0.25357946096083195,0.03235182610893461,0.03595368677635591,0.050679851668726794,0.10533159947984405,0.010588235294117565,2
2026-02-20,000270,170100.0,172700.0,168700.0,171800.0,1074310.0,166800.0,158655.0,136585.0,68.04996039947986,7090.253100857692,6489.341492485228,600.9116083724639,172614.58093926904,158655.0,144695.41906073096,0.1759740435444082,6369.345714496079,1772804.75,0.6059945405719384,0.029976019184652314,0.08285273076801869,0.2578247977449939,0.05133780845230218,0.010588235294117565,0.03307276007215876,0.11053652230122823,0.0052386495925493826,1
2026-02-23,000270,174900.0,176800.0,171500.0,172700.0,1158150.0,168980.0,158685.0,137563.33333333334,68.62223553115876,7454.197195361281,6682.312633060438,771.8845623008428,172762.11263008162,158685.0,144607.88736991838,0.17742209572526232,6292.96387774636,1623491.45,0.7133699410612849,0.022014439578648348,0.08831962693386264,0.2554217451355738,0.06487695749440725,0.0052386495925493826,0.05240706886045099,0.06736711990111255,0.007527504342790925,1
2026-02-24,000270,171200.0,174500.0,169300.0,174000.0,1213901.0,170520.0,159155.0,138611.66666666666,69.47279758912538,7758.094167461124,6897.468939940576,860.6252275205479,174556.10061002147,159155.0,143753.89938997853,0.1935358689330712,6214.895029335906,1514677.1,0.8014255975745589,0.020408163265306145,0.09327385253369358,0.25530558995755537,0.0714083754830197,0.007527504342790925,0.0235294117647058,0.046301864101022217,0.1270114942528735,2
2026-02-25,000270,175700.0,199900.0,175500.0,196100.0,3876333.0,176920.0,161010.0,140026.66666666666,79.59779185132567,9670.741719192214,7452.123495790905,2218.6182234013095,183290.2962278333,161010.0,138729.7037721667,0.2767566763285922,7620.973955811913,1578747.65,2.4553214695204773,0.10841058105358359,0.21793677411340906,0.4004475338030853,0.0988137382771257,0.1270114942528735,0.14144353899883577,0.19500304692260806,0.05048444671086183,2
2026-02-26,000270,197400.0,208000.0,194100.0,206000.0,1991104.0,184120.0,163550.0,141573.33333333334,82.4119755579105,11848.790465201513,8331.456889673027,3517.333575528486,193023.27603100822,163550.0,134076.72396899178,0.36041915048619044,8069.475816111061,1607038.25,1.238989800024984,0.11883554203780133,0.2595536533170284,0.45507628555283475,0.125771935188016,0.05048444671086183,0.1928199189345685,0.21176470588235285,-0.0024271844660194164,1
2026-02-27,000270,199600.0,212500.0,197100.0,205500.0,2945241.0,190860.0,166150.0,143098.33333333334,81.79829969829808,13380.323921873205,9341.230296113063,4039.0936257601425,200404.83907420968,166150.0,131895.16092579032,0.4123363114560299,8593.084686388842,1661458.6,1.7726839537259609,0.07670543854133927,0.23683418597652728,0.4360754259891215,0.14872103520914837,-0.0024271844660194164,0.18103448275862077,0.19615832363213048,-0.11289537712895381,0
2026-03-03,000270,185000.0,195700.0,180000.0,182300.0,3431157.0,192780.0,167780.0,144235.0,59.61571548079234,12577.048722150183,9988.393981320487,2588.6547408296956,201850.6677363389,167780.0,133709.3322636611,0.4061350308301214,9800.721494503925,1745210.5,1.9660419187255636,-0.05436248573503477,0.08654190010728335,0.26390959198530184,0.14900464894504717,-0.11289537712895381,-0.07037225905150435,0.05558772437753334,-0.14042786615469005,0
2026-03-04,000270,167600.0,176900.0,155000.0,156700.0,2941762.0,189320.0,167870.0,144975.0,45.08627520394307,9762.208622969454,9943.15690965028,-180.94828668082664,201813.37048673868,167870.0,133926.62951326132,0.40440067298193466,11050.669959182214,1766371.85,1.6654262238157838,-0.1723008662581872,-0.06653958420206108,0.0808760131057078,0.1277774468338595,-0.14042786615469005,-0.23932038834951452,-0.09942528735632183,0.06190172303765151,2
2026-03-05,000270,171600.0,172600.0,163400.0,166400.0,2697408.0,183380.0,168560.0,145798.33333333334,50.0534565324139,8219.38850397634,9598.403228515494,-1379.0147245391527,201787.18164394933,168560.0,135332.81835605067,0.3942475278114538,11397.050676383486,1822663.05,1.4799268575724953,-0.09259461228051047,-0.012814428096820096,0.14130248402473722,0.08792121499762695,0.06190172303765151,-0.19026763990267637,-0.15145334013258538,0.0036057692307691624,1
2026-03-06,000270,161100.0,169600.0,161000.0,167000.0,1667956.0,175580.0,169405.0,146605.0,50.352607050276376,6964.821305289719,9071.686843870339,-2106.8655385806196,201553.43542071688,169405.0,137256.56457928312,0.37954529583798446,11197.261342356094,1836237.35,0.908355338703899,-0.04886661350951138,-0.014196747439567892,0.13911530984618525,0.03645110829078235,0.0036057692307691624,-0.083927591881514,-0.1893203883495146,-0.08143712574850304,0
2026-03-09,000270,152100.0,155000.0,150100.0,153400.0,1846031.0,165160.0,169375.0,147156.66666666666,43.92991596053851,4817.626818509161,8220.874838798103,-3403.248020288942,201581.94800815507,169375.0,137168.05199184493,0.38030344511474623,11604.599817902086,1861465.2,0.9917085745143127,-0.07120368127875998,-0.09431734317343177,0.04242643894262366,-0.024885608856088592,-0.08143712574850304,-0.021059349074665,-0.2535279805352798,0.049543676662320735,2
2026-03-10,000270,160200.0,163000.0,157000.0,161000.0,1765368.0,160900.0,169585.0,147780.0,47.92720308932281,3686.718011846213,7314.043473407726,-3627.3254615615133,201514.81522026088,169585.0,137655.18477973912,0.37656414447340125,11461.414116623366,1880382.5,0.9388345190406739,0.0006215040397763438,-0.05062358109502607,0.0894573013939639,-0.051213255889376974,0.049543676662320735,-0.03245192307692313,-0.1168403730115195,0.006211180124223503,1
2026-03-11,000270,169000.0,170400.0,160500.0,162000.0,1171357.0,161960.0,169875.0,148386.66666666666,48.44797904489865,2838.4365478014806,6418.922088286477,-3580.485540484997,201416.26662009634,169875.0,138333.73337990366,0.37134677404086935,11349.884536864554,1859487.75,0.6299353141745623,0.0002469745616202612,-0.04635761589403975,0.09174229490520269,-0.04659308314937449,0.006211180124223503,-0.029940119760479056,0.03382259093809825,0.030864197530864113,2
2026-03-12,000270,161500.0,167000.0,161300.0,167000.0,1348612.0,162080.0,170630.0,149106.66666666666,51.082254241902326,2540.3421067658637,5643.206091982355,-3102.8639852164915,201119.41455653097,170630.0,140140.58544346903,0.3573746065349701,10946.321355659942,1863441.1,0.7237212917542711,0.030355380059229997,-0.02127410185782097,0.12000357685773055,-0.05010842173123131,0.030864197530864113,0.08865710560625817,0.0036057692307691624,-0.016167664670658666,0
2026-03-13,000270,161400.0,166200.0,158700.0,164300.0,1614149.0,161540.0,171155.0,149788.33333333334,49.60808827120162,2062.457948042633,4927.056463194411,-2864.598515151778,200817.5336072292,171155.0,141492.4663927708,0.346616033504475,10757.298401684233,1875598.75,0.8606046469160848,0.01708555156617564,-0.04005141538371648,0.09688115451804213,-0.056177149367532375,-0.016167664670658666,0.02049689440993796,-0.016167664670658666,-0.013998782714546576,0
2026-03-16,000270,162800.0,165200.0,161800.0,162000.0,1055451.0,163260.0,171520.0,150440.0,48.32862012486623,1481.0677046208293,4237.858711479695,-2756.7910068588653,200536.243726575,171520.0,142503.756273425,0.33834239419980167,10231.777087278217,1877774.65,0.5620754332794939,-0.007717750826901848,-0.05550373134328357,0.07684126562084548,-0.04815764925373134,-0.013998782714546576,0.0,0.05606258148631027,0.032716049382716106,2
2026-03-17,000270,167000.0,170900.0,167000.0,167300.0,1068349.0,164520.0,171795.0,151131.66666666666,51.43687302235971,1431.4762865026132,3676.5822264842786,-2245.1059399816654,200540.53704490495,171795.0,143049.46295509505,0.3346492860083815,10136.65015247263,1850070.7,0.5774638774615478,0.016897641624118664,-0.026164905847085196,0.10698177086205196,-0.04234698332314679,0.032716049382716106,0.001796407185628679,0.03913043478260869,0.04662283323371197,2
2026-03-18,000270,171100.0,176300.0,170600.0,175100.0,1186749.0,167140.0,172235.0,151983.33333333334,55.66383044680443,1998.531713486911,3340.9721238848056,-1342.4404103978945,200899.91060512842,172235.0,143570.08939487158,0.3328581369074627,10055.46085586744,1819203.85,0.6523452553159449,0.04762474572214903,0.016634249716956484,0.15210001096611458,-0.0295816761982175,0.04662283323371197,0.06573341448569692,0.08086419753086416,-0.026270702455739592,0
2026-03-19,000270,171000.0,173900.0,170200.0,170500.0,904634.0,167840.0,172555.0,152811.66666666666,52.74791809337219,2053.0790512838576,3083.393509364616,-1030.3144580807584,200991.48888312344,172555.0,144118.51111687656,0.3295933341036011,9687.21365187691,1815787.45,0.4982047871296831,0.01584842707340317,-0.011909246327257983,0.11575250580780261,-0.027324621135290217,-0.026270702455739592,0.05246913580246915,0.020958083832335328,-0.011730205278592365,0
2026-03-20,000270,172100.0,172500.0,168500.0,168500.0,2000787.0,168680.0,172480.0,153595.0,51.485102867927466,1912.874497691373,2849.2897070299678,-936.4152093385947,200950.93957002478,172480.0,144009.06042997522,0.3301361267396195,9280.984105314272,1847940.45,1.0827118373863185,-0.0010671093194214443,-0.02307513914656767,0.09704091930075842,-0.022031539888682783,-0.011730205278592365,0.007172743574417106,0.025562994522215554,-0.04035608308605343,0
2026-03-23,000270,162100.0,163900.0,159200.0,161700.0,1347768.0,168620.0,171975.0,154283.33333333334,47.335688687851125,1238.7783431936405,2527.187434262702,-1288.4090910690616,200831.9489031672,171975.0,143118.0510968328,0.3355946957774934,9282.34238350611,1861613.35,0.7239784781302734,-0.04103902265448933,-0.05974705625817711,0.04807172950199834,-0.019508649513010567,-0.04035608308605343,-0.07652769845802398,-0.0018518518518518823,-0.023500309214594894,0
2026-03-24,000270,164000.0,164200.0,154500.0,157900.0,1544213.0,166740.0,171235.0,154898.33333333334,45.145992922967935,393.3892951604503,2100.4278064422515,-1707.0385112818012,200731.59471871293,171235.0,141738.40528128707,0.34451595431673354,9312.175070398529,1880916.5,0.8209896611572072,-0.053016672664027875,-0.07787543434461408,0.019378301896943118,-0.026250474494116327,-0.023500309214594894,-0.07390029325513192,-0.05618649133293485,0.0,1
2026-03-25,000270,160600.0,163300.0,157900.0,157900.0,1032979.0,163300.0,170430.0,155511.66666666666,45.145992922967935,-273.435620479926,1625.6551210578161,-1899.0907415377421,200454.8630304953,170430.0,140405.1369695047,0.3523424635392278,9032.73399394149,1871870.4,0.5518432258985452,-0.03306797305572562,-0.07351992020184239,0.015357904551641433,-0.04183535762483126,0.0,-0.06290801186943618,-0.0982295830953741,-0.020265991133628924,0
2026-03-26,000270,156500.0,158000.0,154300.0,154700.0,836063.0,160140.0,168360.0,156086.66666666666,43.194533115530554,-1048.031373526028,1090.9178221410475,-2138.9491956670754,196680.48022191718,168360.0,140039.51977808282,0.3364276576611687,8651.82442294567,1719856.9,0.48612358388654314,-0.03397027600849256,-0.08113566167735808,-0.008883953359244856,-0.048823948681397056,-0.020265991133628924,-0.04329004329004327,-0.09266862170087975,0.007110536522301203,1
2026-03-27,000270,150800.0,156300.0,149400.0,155800.0,832198.0,157600.0,165850.0,156666.66666666666,44.08920433069112,-1555.2157227954594,561.6911131537461,-2116.9068359492057,188763.88225508726,165850.0,142936.11774491274,0.27632055779423886,8526.69410702098,1661911.6,0.5007474525119145,-0.011421319796954266,-0.06059692493216762,-0.005531914893616929,-0.04974374434730178,0.007110536522301203,-0.013299556681444002,-0.07537091988130562,-0.02759948652118105,0
2026-03-30,000270,147400.0,151900.0,145400.0,151500.0,976319.0,155560.0,163150.0,157195.0,41.347722465427005,-2277.879065125715,-6.222922502146162,-2271.656142623569,178071.32701873407,163150.0,148228.67298126593,0.18291544000899868,8660.501670805195,1563465.5,0.6244582947305202,-0.02609925430701976,-0.07140668096843394,-0.0362288876872674,-0.04652160588415566,-0.02759948652118105,-0.04053198226725774,-0.06307977736549164,-0.04158415841584162,0
2026-03-31,000270,145100.0,151800.0,143800.0,145200.0,1442003.0,153020.0,161295.0,157596.66666666666,37.65356042302688,-3320.673660226341,-669.1130700469852,-2651.5605901793556,175436.35424915177,161295.0,147153.64575084823,0.1753477076059614,8613.322980033396,1464007.8,0.9849694789877486,-0.051104430793360356,-0.09978610620292017,-0.0786607161741999,-0.05130351219814622,-0.04158415841584162,-0.061409179056237884,-0.08043065231158963,0.06955922865013764,2
2026-04-01,000270,152900.0,157000.0,150100.0,155300.0,1056596.0,152500.0,161225.0,158155.0,45.98540202330546,-3294.1375320547377,-1194.1179624485358,-2100.019569606202,175470.12197209988,161225.0,146979.87802790012,0.17671108044161735,8840.942767173869,1369749.5,0.7713790003208616,0.018360655737704956,-0.036749883702899666,-0.018051911099870366,-0.05411691735152735,0.06955922865013764,-0.003209242618742003,-0.01646611779607343,-0.030264005151319995,0
2026-04-02,000270,157900.0,160300.0,148600.0,150600.0,1122509.0,151680.0,160435.0,158655.0,43.09899446597903,-3610.7358643185,-1677.4415428225286,-1933.2943214959712,175187.93530115287,160435.0,145682.06469884713,0.18391168138065725,9045.161140947164,1291004.55,0.8694849293908375,-0.007120253164557,-0.06130208495652445,-0.0507705398506193,-0.05457038676099357,-0.030264005151319995,-0.005940594059405946,-0.02650290885585005,-0.0026560424966799445,1
2026-04-03,000270,153000.0,156100.0,149700.0,150200.0,508389.0,150560.0,159595.0,159115.0,42.85246982224832,-3849.543835587072,-2111.8620013754376,-1737.6818342116344,174666.75835793564,159595.0,144523.24164206436,0.18887506949385185,8856.221059450938,1233026.2,0.41230997362424254,-0.0023910733262486605,-0.05886775901500674,-0.05602865851742456,-0.05661204924966323,-0.0026560424966799445,0.03443526170798905,-0.03594351732991019,0.009320905459387463,1
2026-04-06,000270,151000.0,154100.0,150200.0,151600.0,613147.0,150580.0,159505.0,159600.0,44.05855943055783,-3881.0937408762693,-2465.708349275604,-1415.3853916006651,174744.22242110808,159505.0,144265.77757889192,0.19108143846409925,8502.205269490156,1171382.0,0.5234389806228882,0.0067738079426218345,-0.049559574934955,-0.05012531328320802,-0.05595435879752986,0.009320905459387463,-0.023824855119124244,0.0006600660066007347,-0.00527704485488123,1
2026-04-07,000270,152200.0,153400.0,149100.0,150800.0,719002.0,151700.0,158995.0,159958.33333333334,43.49368110576075,-3925.40100295897,-2757.6468800122775,-1167.7541229466924,174676.25951574053,158995.0,143313.74048425947,0.19725475034737608,8202.04775024086,1119063.7,0.6425031926243341,-0.005932762030323002,-0.05154250133652005,-0.05725449335764532,-0.04588194597314377,-0.00527704485488123,0.0013280212483399723,0.038567493112947604,0.0557029177718833,2
2026-04-08,000270,158200.0,160000.0,155300.0,159200.0,1136144.0,152480.0,158855.0,160530.0,50.64850448907392,-3245.2952851837326,-2855.1765610465686,-390.118724137164,174476.32836861204,158855.0,143233.67163138796,0.19667405330159002,8273.330053795084,1117303.05,1.016862882456107,0.044071353620146914,0.0021717918856818397,-0.008285055752818793,-0.04013093701803527,0.0557029177718833,0.059920106524633754,0.025112685125563416,-0.05464824120603018,0
2026-04-09,000270,159300.0,163200.0,149100.0,150500.0,1896387.0,152460.0,158030.0,160818.33333333334,44.38063350219551,-3369.4825970671664,-2958.0377682506883,-411.4448288164781,173586.23347729145,158030.0,142473.76652270855,0.19687696611138958,8689.520764238292,1144691.8,1.6566791165971486,-0.012855831037649201,-0.047649180535341396,-0.06416142438154859,-0.03524647218882493,-0.05464824120603018,-0.0072559366754617605,-0.0006640106241699861,-0.009966777408637828,1
2026-04-10,000270,154000.0,154700.0,149000.0,149000.0,1787395.0,152220.0,157265.0,161146.66666666666,43.3837661731101,-3548.039806126064,-3076.0381758257636,-472.00163030030035,173016.22534915945,157265.0,141513.77465084055,0.20031444185495115,8475.9835667927,1153354.1,1.5497365466511974,-0.021153593483116517,-0.05255460528407463,-0.07537646864140324,-0.03207961084793187,-0.009966777408637828,-0.011936339522546469,-0.007989347536617841,-0.010738255033557076,0
2026-04-13,000270,147400.0,148700.0,145700.0,147400.0,976438.0,151380.0,156535.0,161336.66666666666,42.292524648385594,-3775.136880959937,-3215.8579168525985,-559.2789641073387,172688.91902913974,156535.0,140381.08097086026,0.20639370146152283,8106.270454878935,1149403.45,0.8495171995525157,-0.026291451975161806,-0.05835755581818758,-0.0863825127580008,-0.03293193215574797,-0.010738255033557076,-0.07412060301507539,-0.02770448548812665,0.012211668928086894,2
2026-04-14,000270,149800.0,151700.0,149100.0,149200.0,924805.0,151060.0,155630.0,161440.0,43.99910143675856,-3766.4506930837815,-3325.9764720988355,-440.474220984946,171290.66409830702,155630.0,139969.33590169298,0.20125508061822303,7834.393993816155,1142226.25,0.8096513278345687,-0.01231298821660265,-0.041315941656492994,-0.07581764122893953,-0.02936451840904708,0.012211668928086894,-0.008637873754152814,-0.010610079575596787,0.015415549597855183,2
2026-04-15,000270,152000.0,154600.0,150800.0,151500.0,1100822.0,149520.0,154450.0,161423.33333333334,46.18890715789039,-3533.2469767354196,-3367.4305730261526,-165.81640370926698,167383.7542886821,154450.0,141516.2457113179,0.16748144109656332,7660.5087085435725,1137929.9,0.9673899947615403,0.013242375601926204,-0.019100032372936226,-0.06147397113180675,-0.03191971511816116,0.015415549597855183,0.016778523489932917,-0.0483668341708543,0.042244224422442134,2
2026-04-16,000270,154600.0,158900.0,154600.0,157900.0,1405390.0,151000.0,153820.0,161536.66666666666,51.8330332783038,-2799.73127900681,-3253.8907142222843,454.15943521547433,164616.03630968343,153820.0,143023.96369031657,0.14037233532288954,7641.9009436476035,1162967.7,1.208451447103819,0.045695364238410585,0.02652450916655824,-0.022512948556571155,-0.018333116629827062,0.042244224422442134,0.07123473541383984,0.049169435215946855,0.008233058898036827,1
2026-04-17,000270,159800.0,159900.0,156800.0,159200.0,866411.0,153040.0,153355.0,161365.0,52.9133977950153,-2089.4300197720877,-3020.998575332245,931.5685555601572,162208.12939022147,153355.0,144501.87060977853,0.11545928584293264,7317.479447672775,1106248.9,0.7831971629531113,0.040250914793517945,0.03811417951811147,-0.013416788027143411,-0.0020540575788203785,0.008233058898036827,0.06702412868632712,0.06845637583892628,-0.011306532663316604,0
2026-04-20,000270,158500.0,160300.0,156600.0,157400.0,602294.0,155040.0,153140.0,161256.66666666666,51.20096706000122,-1652.704759462591,-2747.339812158314,1094.635052695723,161358.1263071337,153140.0,144921.8736928663,0.10732827879239522,7059.088058553291,1068975.2,0.5634312189843133,0.015221878224974228,0.027817683165730633,-0.023916323872914758,0.012406947890818865,-0.011306532663316604,0.038943894389438904,0.0678426051560379,0.016518424396442244,2
2026-04-21,000270,158200.0,160500.0,157700.0,160000.0,758081.0,157200.0,153245.0,161055.0,53.5398756955706,-1084.299444297445,-2414.73173858614,1330.4322942886952,161752.28511336038,153245.0,144737.71488663962,0.11102855053490011,6776.296054370913,1029668.6,0.7362378536162023,0.01781170483460559,0.044079741590264065,-0.0065505572630467634,0.02580834611243432,0.016518424396442244,0.013299556681444002,0.07238605898123329,0.0,1
2026-04-22,000270,160000.0,160100.0,157700.0,160000.0,770589.0,158900.0,153350.0,160978.33333333334,53.5398756955706,-626.6109558427124,-2057.1075820374544,1430.496626194742,162131.91323118165,153350.0,144568.08676881835,0.11453424494531007,6463.703479058705,1016549.1,0.7580440531598523,0.006922592825676421,0.04336485164656012,-0.006077422427448909,0.03619171829149015,0.0,0.005025125628140614,0.05610561056105601,-0.010000000000000009,0
2026-04-23,000270,164700.0,164800.0,157000.0,158400.0,1112754.0,159000.0,153535.0,160968.33333333334,51.76900101847012,-388.5175708044844,-1723.3895797908606,1334.8720089863762,162574.97234509062,153535.0,144495.02765490938,0.1177578056481013,6559.1532305545115,1030383.65,1.0799414373471474,-0.0037735849056603765,0.03168658612042852,-0.01595551920149929,0.03559448985573321,-0.010000000000000009,0.006353240152477735,0.0031665611146294292,-0.031565656565656575,0
2026-04-24,000270,157700.0,157700.0,153400.0,153400.0,1088654.0,157840.0,153415.0,160938.33333333334,46.58364433405169,-596.4100176172215,-1497.9936673561328,901.5836497389114,162395.0389754167,153415.0,144434.9610245833,0.11706859140783772,6447.785142657761,1043206.45,1.0435652501956827,-0.028129751647237744,-9.777401166766175e-05,-0.04683988691320695,0.028843333441971097,-0.031565656565656575,-0.04125000000000001,-0.03643216080402012,-0.0052151238591916504,1
2026-04-27,000270,153800.0,154700.0,152100.0,152600.0,1418466.0,156880.0,153470.0,160923.33333333334,45.79330158500429,-816.3096837227349,-1361.6568706294534,545.3471869067184,162415.85937738814,153470.0,144524.14062261186,0.11658121297176183,6172.9433467536355,1065313.8,1.3315006338977304,-0.027281998980112188,-0.0056688603635889345,-0.0517223522588397,0.022219326252687743,-0.0052151238591916504,-0.04625000000000001,-0.030495552731893305,0.019659239842725995,2
2026-04-28,000270,152900.0,159200.0,152300.0,155600.0,1572801.0,156000.0,153990.0,161021.66666666666,49.26921946424553,-739.9768331361993,-1237.3208631308028,497.3440299946035,162124.83865851088,153990.0,145855.16134148912,0.1056541159622168,6224.875964842662,1071853.7,1.4673653689864579,-0.002564102564102555,0.010455224365218507,-0.03367041702462392,0.013052795636080194,0.019659239842725995,-0.017676767676767624,-0.02749999999999997,0.008354755784061751,1
2026-04-29,000270,157300.0,157400.0,154000.0,156900.0,726697.0,155380.0,154070.0,161055.0,50.743192676408945,-568.0354050910682,-1103.463771522856,535.4283664317877,162285.8627057664,154070.0,145854.1372942336,0.10665103791479714,6023.099110211043,1055358.75,0.6885781730620038,0.009782468786201592,0.018368274161095544,-0.025798640216075253,0.008502628675277402,0.008354755784061751,0.022816166883963485,-0.01937500000000003,-0.0325047801147228,0
2026-04-30,000270,155400.0,157400.0,151700.0,151800.0,1187225.0,154060.0,154130.0,161041.66666666666,45.19535943728464,-833.6877289293043,-1049.5085630041456,215.8208340748413,162260.70722631205,154130.0,145999.29277368795,0.10550453806931875,6000.0206023388255,1058594.55,1.1215105915669035,-0.014669609243151971,-0.015117108934016743,-0.05738680465717971,-0.00045416207097903616,-0.0325047801147228,-0.005242463958060273,-0.04166666666666663,0.01449275362318847,2
2026-05-04,000270,156300.0,156500.0,153600.0,154000.0,779973.0,154180.0,154320.0,161106.66666666666,47.844371760138664,-856.8206011224829,-1010.970970627813,154.1503695053301,162249.59015334357,154320.0,146390.40984665643,0.10276814610346771,5907.161987886052,1072173.75,0.7274688454180118,-0.0011674665974834575,-0.0020736132711249855,-0.0441115616982537,-0.0009072058061171395,0.01449275362318847,-0.010282776349614386,0.003911342894393766,0.003896103896103842,1
2026-05-06,000270,154300.0,158800.0,154000.0,154600.0,1124784.0,154580.0,154470.0,161116.66666666666,48.574432494241144,-817.3170610900852,-972.2401887202675,154.9231276301823,162300.98972033567,154470.0,146639.01027966433,0.10139172292789107,5828.078988751334,1097755.6,1.0246215095600513,0.00012938284383490206,0.0008415873632421356,-0.040446881142029545,0.0007121123842817045,0.003896103896103842,-0.014659018483110242,0.013106159895150737,0.019404915912031084,2
2026-05-07,000270,159000.0,161900.0,156300.0,157600.0,1567931.0,154980.0,154810.0,161130.0,52.1788301109562,-537.7366002545459,-885.3394710271233,347.6028707725774,162564.19886255203,154810.0,147055.80113744797,0.10017697645568156,5933.216203840524,1140202.05,1.375134345706535,0.016905407149309548,0.018022091596150203,-0.02190777632967167,0.0010981202764679399,0.019404915912031084,0.03820816864295118,0.01285347043701801,0.04378172588832485,2
2026-05-08,000270,159800.0,170300.0,156400.0,164500.0,3759583.0,156500.0,155075.0,161268.33333333334,59.25280949722821,237.86332319499343,-660.6989121826999,898.5622353776934,163722.05152060534,155075.0,146427.94847939466,0.11152089660622716,6502.272189280487,1271374.0,2.9571023160769374,0.051118210862619806,0.060777043366113226,0.020039065325905936,0.009189102047396425,0.04378172588832485,0.06818181818181812,0.04843849585723392,0.062006079027355554,2
2026-05-11,000270,170400.0,178800.0,166500.0,174700.0,2981237.0,161080.0,156285.0,161648.33333333334,67.01950860118342,1656.491601416783,-197.26080946280342,1853.7524108795865,168191.17906803032,156285.0,144378.82093196968,0.15236496231922864,7059.252747189023,1325616.5,2.2489437933218244,0.08455425875341449,0.11782960616821825,0.08074111497180092,0.030681127427456323,0.062006079027355554,0.13001293661060798,0.1508563899868247,-0.03663423010875788,0
2026-05-12,000270,175700.0,180400.0,162500.0,168300.0,2971261.0,163940.0,157250.0,161890.0,59.37254596218255,2238.5337954490387,289.89811151956496,1948.6356839294738,169751.59989761323,157250.0,144748.40010238677,0.1590028603829981,7833.591836675521,1384809.8,2.145609454814661,0.026595095766744015,0.07027027027027022,0.0395947865834827,0.04254372019077901,-0.03663423010875788,0.06789340101522834,0.09285714285714275,0.06654783125371355,2
2026-05-13,000270,166500.0,179500.0,163800.0,179500.0,2667366.0,168920.0,158855.0,162303.33333333334,66.56274725972634,3562.486696238426,944.4158284633372,2618.0708677750886,173874.78362027905,158855.0,143835.21637972095,0.18910054603605866,8395.478134055842,1469356.2,1.8153297342060422,0.06263319914752552,0.12996128544899443,0.10595387237887888,0.06335966762141565,0.06654783125371355,0.09118541033434657,0.16106080206985762,-0.007799442896935904,1
2026-05-14,000270,182100.0,183000.0,173600.0,178100.0,2320304.0,173020.0,160300.0,162575.0,65.0138520506635,4447.492681800039,1645.0311991306776,2802.461482669361,176812.78292717502,160300.0,143787.21707282498,0.20602349254117308,8467.229695908996,1539131.15,1.507541446354328,0.029360767541324773,0.11104179663131619,0.09549438720590486,0.07935121646912036,-0.007799442896935904,0.019461934745277576,0.1300761421319796,-0.05670971364402022,0
2026-05-15,000270,178200.0,184200.0,164900.0,168000.0,2839184.0,173720.0,161125.0,162603.33333333334,55.059731253062246,4284.491756735195,2172.9233106515812,2111.5684460836137,177444.2983917815,161125.0,144805.7016082185,0.20256693116253238,9240.999003344068,1626049.25,1.746062734569694,-0.03292654846880039,0.0426687354538402,0.03318915151390911,0.07816912335143522,-0.05670971364402022,-0.0017825311942959443,0.02127659574468077,-0.03273809523809523,0
2026-05-18,000270,168800.0,170700.0,158600.0,162500.0,1367438.0,171280.0,161355.0,162576.66666666666,50.52329633056419,3669.2119236304425,2472.1810332473533,1197.0308903830892,177615.56272089016,161355.0,145094.43727910984,0.20155015612643123,9445.213360248063,1624151.65,0.8419398521067907,-0.05126109294722092,0.007096154442068681,-0.00047157238636119647,0.061510334355923346,-0.03273809523809523,-0.09470752089136492,-0.06983400114481975,-0.046769230769230785,0
2026-05-19,000270,161700.0,162600.0,152100.0,154900.0,1578129.0,168600.0,161140.0,162325.0,45.00531768283487,2539.0728871679457,2485.559404031472,53.51348313647395,177621.06792656358,161140.0,144658.93207343642,0.20455588837735614,9520.555263087486,1659737.55,0.9508304490670829,-0.08125741399762754,-0.0387240908526747,-0.045741567842291664,0.04629514707707583,-0.046769230769230785,-0.13026389668725435,-0.07961972667855022,-0.035506778566817276,0
2026-05-20,000270,153600.0,154900.0,147700.0,149400.0,1918825.0,162580.0,160740.0,161951.66666666666,41.4750395155637,1185.954577835044,2225.638438792186,-1039.6838609571423,177937.48818868626,160740.0,143542.51181131374,0.21397894971614106,9354.801315724095,1725564.1,1.1119986791565726,-0.08106778201500797,-0.07054871220604708,-0.0775025470562204,0.01144705735971141,-0.035506778566817276,-0.11071428571428577,-0.1676880222841226,0.12382864792503345,2
2026-05-21,000270,154500.0,169300.0,153700.0,167900.0,1633956.0,160540.0,161135.0,161871.66666666666,54.42493153719617,1588.087474194297,2098.1282458726087,-510.04077167831156,178607.06627734692,161135.0,143662.93372265308,0.21686246038845594,10108.029793172374,1769357.85,0.9234740162935383,0.04584527220630363,0.04198343004313143,0.037241436117088744,-0.0036925559313618628,0.12382864792503345,0.033230769230769175,-0.057271195957327325,-0.01846337105419893,0
2026-05-22,000270,169500.0,169800.0,162400.0,164800.0,900343.0,159900.0,161375.0,161718.33333333334,52.33518584991242,1637.7575499835366,2006.0541066947944,-368.29655671125784,178909.86526894357,161375.0,143840.13473105643,0.21731823726033858,9914.599093660061,1775845.55,0.5069939781643735,0.03064415259537201,0.021223857474825802,0.019055765683132053,-0.009140201394267966,-0.01846337105419893,0.0639122014202711,-0.01904761904761909,0.013349514563106846,2
2026-05-26,000270,168400.0,170500.0,165500.0,167000.0,887765.0,160800.0,161805.0,161233.33333333334,53.694056000256715,1833.5075233228854,1971.5447900204126,-138.03726669752723,179448.409534441,161805.0,144161.590465559,0.21808237736090957,9613.55630125577,1764596.1,0.503098131068067,0.03855721393034828,0.032106548005315094,0.0357659706429605,-0.006211180124223614,0.013349514563106846,0.11780455153949121,0.027692307692307683,-0.01377245508982039,0
2026-05-27,000270,167300.0,169000.0,162500.0,164700.0,1295315.0,162760.0,162370.0,160545.0,52.02421384913187,1782.5024309440341,1933.7363182051372,-151.23388726110306,179619.9391303275,162370.0,145120.0608696725,0.21247692468223797,9391.159422594645,1774929.15,0.7297840592679432,0.01191939051363966,0.014349941491654805,0.02588059422591793,0.0024019215372297342,-0.01377245508982039,-0.019058963668850515,0.06326662362814717,0.0,1
