date,ticker,open,high,low,close,volume
2025-01-15,000270,106500.0,107200.0,102700.0,103300.0,1177799.0
2025-01-16,000270,104500.0,104800.0,103000.0,103400.0,654359.0
2025-01-17,000270,102400.0,103000.0,100400.0,101500.0,919480.0
2025-01-20,000270,101500.0,102000.0,100800.0,101000.0,411505.0
2025-01-21,000270,102100.0,105300.0,100700.0,101000.0,1033495.0
2025-01-22,000270,101900.0,103400.0,100700.0,103000.0,856499.0
2025-01-23,000270,102500.0,104000.0,101100.0,102700.0,730474.0
2025-01-24,000270,104400.0,104400.0,101000.0,101700.0,1296839.0
2025-01-31,000270,100800.0,102800.0,100200.0,102000.0,909716.0
2025-02-03,000270,100200.0,100700.0,95000.0,96100.0,2040413.0
2025-02-04,000270,99100.0,99200.0,96300.0,96700.0,1255891.0
2025-02-05,000270,97400.0,99300.0,97000.0,98100.0,923434.0
2025-02-06,000270,98300.0,98800.0,97200.0,98800.0,563800.0
2025-02-07,000270,97600.0,98900.0,96300.0,96500.0,991140.0
2025-02-10,000270,94000.0,95100.0,93000.0,94600.0,1722666.0
2025-02-11,000270,93200.0,95100.0,93200.0,93800.0,1172529.0
2025-02-12,000270,93300.0,94100.0,91400.0,91700.0,1688145.0
2025-02-13,000270,93800.0,95600.0,93300.0,94300.0,2326740.0
2025-02-14,000270,94400.0,95900.0,93700.0,95000.0,1349332.0
2025-02-17,000270,94300.0,94900.0,93100.0,94300.0,1049521.0
2025-02-18,000270,94300.0,95300.0,93700.0,93900.0,883917.0
2025-02-19,000270,92800.0,95800.0,92800.0,95000.0,1053531.0
2025-02-20,000270,94100.0,94800.0,93500.0,94500.0,1078110.0
2025-02-21,000270,95800.0,96700.0,94300.0,94600.0,960186.0
2025-02-24,000270,93700.0,94900.0,93600.0,94900.0,659841.0
2025-02-25,000270,94000.0,94300.0,93200.0,93200.0,1001392.0
2025-02-26,000270,93200.0,94200.0,93100.0,94100.0,789301.0
2025-02-27,000270,93700.0,94700.0,93600.0,94600.0,841391.0
2025-02-28,000270,93500.0,94400.0,93000.0,93200.0,1640049.0
2025-03-04,000270,93100.0,96300.0,91900.0,93300.0,1312252.0
2025-03-05,000270,94600.0,96600.0,94400.0,95900.0,1593290.0
2025-03-06,000270,99000.0,99300.0,97300.0,98000.0,1778981.0
2025-03-07,000270,96700.0,97800.0,96100.0,96800.0,1138412.0
2025-03-10,000270,95900.0,98400.0,95900.0,98000.0,1190280.0
2025-03-11,000270,96100.0,98500.0,96100.0,98400.0,1137146.0
2025-03-12,000270,98400.0,99400.0,97600.0,99100.0,1144714.0
2025-03-13,000270,98600.0,101300.0,98300.0,100400.0,2279252.0
2025-03-14,000270,100000.0,100600.0,99400.0,99500.0,1408638.0
2025-03-17,000270,99700.0,100100.0,98200.0,98800.0,1892886.0
2025-03-18,000270,93300.0,96400.0,93300.0,96400.0,2228720.0
2025-03-19,000270,96500.0,97200.0,95500.0,97100.0,1094424.0
2025-03-20,000270,96700.0,97000.0,95500.0,96000.0,1056834.0
2025-03-21,000270,95500.0,97400.0,95500.0,95700.0,2448199.0
2025-03-24,000270,95900.0,99500.0,95800.0,98700.0,1564435.0
2025-03-25,000270,102900.0,102900.0,100100.0,100800.0,1515074.0
2025-03-26,000270,102000.0,103000.0,101200.0,101400.0,1181983.0
2025-03-27,000270,99000.0,100000.0,97400.0,97900.0,1400285.0
2025-03-28,000270,95200.0,96500.0,94600.0,95300.0,1293885.0
2025-03-31,000270,93300.0,94100.0,91500.0,92300.0,1230700.0
2025-04-01,000270,92800.0,93700.0,92000.0,93200.0,656473.0
2025-04-02,000270,92400.0,93600.0,91800.0,92100.0,931914.0
2025-04-03,000270,89200.0,91400.0,88400.0,90800.0,1054819.0
2025-04-04,000270,89500.0,91800.0,88700.0,89700.0,947048.0
2025-04-07,000270,86100.0,87100.0,84100.0,84600.0,1066394.0
2025-04-08,000270,85500.0,86600.0,84200.0,84300.0,952615.0
2025-04-09,000270,83900.0,84200.0,82800.0,83800.0,1002947.0
2025-04-10,000270,89700.0,89800.0,87000.0,88200.0,1374506.0
2025-04-11,000270,86100.0,86200.0,81300.0,82000.0,2232779.0
2025-04-14,000270,82300.0,83800.0,81800.0,83000.0,797192.0
2025-04-15,000270,85700.0,86800.0,85000.0,85800.0,1128439.0
2025-04-16,000270,85400.0,86300.0,84600.0,84700.0,583287.0
2025-04-17,000270,84900.0,85550.0,84500.0,85000.0,430473.0
2025-04-18,000270,85300.0,87600.0,84600.0,87300.0,569432.0
2025-04-21,000270,87700.0,88500.0,87000.0,88000.0,416037.0
2025-04-22,000270,87600.0,88000.0,86600.0,86800.0,558552.0
2025-04-23,000270,88100.0,90700.0,87500.0,90000.0,1212681.0
2025-04-24,000270,90400.0,90800.0,88600.0,88800.0,908535.0
2025-04-25,000270,89500.0,89700.0,87500.0,88200.0,1356631.0
2025-04-28,000270,88500.0,89200.0,87700.0,88700.0,572742.0
2025-04-29,000270,90600.0,90900.0,89500.0,90600.0,808315.0
2025-04-30,000270,91000.0,91400.0,89600.0,90400.0,1023836.0
2025-05-02,000270,91000.0,91000.0,88600.0,89400.0,768903.0
2025-05-07,000270,90200.0,90400.0,87500.0,88100.0,1093539.0
2025-05-08,000270,88100.0,88700.0,87800.0,87800.0,1161546.0
2025-05-09,000270,89400.0,90700.0,89200.0,89300.0,967229.0
2025-05-12,000270,90200.0,92400.0,89800.0,92400.0,813230.0
2025-05-13,000270,94000.0,94800.0,92700.0,93700.0,1369914.0
2025-05-14,000270,93600.0,94000.0,91800.0,92400.0,878937.0
2025-05-15,000270,91900.0,92500.0,90900.0,91200.0,761239.0
2025-05-16,000270,91300.0,92300.0,91300.0,92000.0,500754.0
2025-05-19,000270,91300.0,91900.0,90800.0,91500.0,555859.0
2025-05-20,000270,92300.0,92800.0,90900.0,91200.0,710012.0
2025-05-21,000270,92700.0,92700.0,90900.0,91200.0,748573.0
2025-05-22,000270,90500.0,91100.0,88400.0,89200.0,1103198.0
2025-05-23,000270,89200.0,89500.0,86900.0,87100.0,879529.0
2025-05-26,000270,87000.0,88400.0,86200.0,88100.0,760388.0
2025-05-27,000270,87300.0,88500.0,87100.0,88200.0,607447.0
2025-05-28,000270,88500.0,90000.0,88500.0,89000.0,842967.0
2025-05-29,000270,90700.0,93700.0,90000.0,93200.0,1583303.0
2025-05-30,000270,91000.0,91200.0,89400.0,89400.0,1535385.0
2025-06-02,000270,88400.0,89600.0,88100.0,88400.0,663587.0
2025-06-04,000270,89200.0,90400.0,88600.0,89600.0,862750.0
2025-06-05,000270,89100.0,93500.0,89100.0,93100.0,1416289.0
2025-06-09,000270,94400.0,96200.0,93800.0,95300.0,1449046.0
2025-06-10,000270,96200.0,96400.0,94100.0,94500.0,1077370.0
2025-06-11,000270,95100.0,96900.0,95100.0,96900.0,992153.0
2025-06-12,000270,96900.0,99000.0,96800.0,98400.0,1768683.0
2025-06-13,000270,98000.0,98100.0,95600.0,97200.0,1506724.0
2025-06-16,000270,96500.0,97900.0,95100.0,97500.0,809768.0
2025-06-17,000270,98000.0,99800.0,97800.0,99600.0,1332802.0
2025-06-18,000270,98500.0,99400.0,97200.0,98900.0,1018716.0
2025-06-19,000270,99400.0,99800.0,97500.0,98200.0,691399.0
2025-06-20,000270,98000.0,98900.0,97200.0,98700.0,998377.0
2025-06-23,000270,97000.0,97000.0,94400.0,95900.0,867116.0
2025-06-24,000270,95700.0,98500.0,95700.0,96900.0,911752.0
2025-06-25,000270,97500.0,104500.0,97000.0,101100.0,2778238.0
2025-06-26,000270,100700.0,102500.0,98700.0,99100.0,1157512.0
2025-06-27,000270,99700.0,99700.0,97400.0,97700.0,574885.0
2025-06-30,000270,96900.0,98200.0,96600.0,96900.0,693015.0
2025-07-01,000270,97000.0,100500.0,97000.0,98700.0,1019849.0
2025-07-02,000270,100200.0,100700.0,98750.0,100000.0,1023366.0
2025-07-03,000270,100400.0,101500.0,99300.0,100100.0,774595.0
2025-07-04,000270,100500.0,101500.0,99100.0,99100.0,470300.0
2025-07-07,000270,98900.0,100000.0,98300.0,98600.0,430089.0
2025-07-08,000270,98600.0,99800.0,97500.0,99100.0,643120.0
2025-07-09,000270,98300.0,99800.0,97400.0,99600.0,1037777.0
2025-07-10,000270,99900.0,101200.0,99300.0,100100.0,1142761.0
2025-07-11,000270,100100.0,102100.0,99800.0,100800.0,1087429.0
2025-07-14,000270,100200.0,103300.0,99600.0,103000.0,1173952.0
2025-07-15,000270,102100.0,102300.0,99800.0,100000.0,1241921.0
2025-07-16,000270,99700.0,100500.0,99100.0,99500.0,668896.0
2025-07-17,000270,100000.0,100700.0,98500.0,100200.0,687922.0
2025-07-18,000270,100500.0,101400.0,99400.0,99800.0,586973.0
2025-07-21,000270,99700.0,100200.0,99100.0,99300.0,422784.0
2025-07-22,000270,99200.0,99700.0,97600.0,97800.0,646392.0
2025-07-23,000270,100800.0,106100.0,100500.0,106100.0,3318750.0
2025-07-24,000270,107200.0,109000.0,104000.0,105000.0,2027261.0
2025-07-25,000270,105000.0,107000.0,102400.0,104100.0,1395349.0
2025-07-28,000270,106300.0,107500.0,104500.0,105500.0,1045072.0
2025-07-29,000270,104300.0,106400.0,103500.0,105700.0,1196086.0
2025-07-30,000270,105000.0,112400.0,105000.0,110400.0,1917384.0
2025-07-31,000270,112700.0,113200.0,102300.0,102300.0,3132736.0
2025-08-01,000270,101300.0,104100.0,100800.0,100800.0,1374554.0
2025-08-04,000270,100700.0,103700.0,100500.0,102800.0,775610.0
2025-08-05,000270,103000.0,104200.0,101300.0,101400.0,891875.0
2025-08-06,000270,101300.0,102700.0,101200.0,101800.0,780400.0
2025-08-07,000270,103000.0,103300.0,101500.0,101800.0,649320.0
2025-08-08,000270,102300.0,102400.0,101400.0,101900.0,664464.0
2025-08-11,000270,101600.0,102750.0,101300.0,101600.0,536398.0
2025-08-12,000270,101100.0,103700.0,101000.0,101800.0,655429.0
2025-08-13,000270,102800.0,103300.0,102100.0,103200.0,534661.0
2025-08-14,000270,103600.0,104700.0,103100.0,103700.0,574716.0
2025-08-18,000270,102100.0,103400.0,102100.0,102200.0,539476.0
2025-08-19,000270,102500.0,104000.0,101900.0,104000.0,627551.0
2025-08-20,000270,104200.0,105500.0,103300.0,105100.0,713124.0
2025-08-21,000270,105700.0,105800.0,103900.0,103900.0,433907.0
2025-08-22,000270,104200.0,105500.0,104200.0,104800.0,553097.0
2025-08-25,000270,105000.0,105300.0,103200.0,104700.0,440278.0
2025-08-26,000270,104300.0,104600.0,103000.0,103000.0,606440.0
2025-08-27,000270,103100.0,104000.0,102900.0,103500.0,383772.0
2025-08-28,000270,104500.0,107200.0,103300.0,105700.0,974330.0
2025-08-29,000270,105900.0,107800.0,105500.0,105800.0,704357.0
2025-09-01,000270,106800.0,107900.0,106000.0,106500.0,496884.0
2025-09-02,000270,106200.0,107200.0,105750.0,107200.0,400273.0
2025-09-03,000270,106100.0,107800.0,106100.0,107000.0,544535.0
2025-09-04,000270,106000.0,107200.0,105800.0,107000.0,563510.0
2025-09-05,000270,106200.0,107000.0,106100.0,106600.0,442357.0
2025-09-08,000270,106100.0,106100.0,104100.0,104900.0,713309.0
2025-09-09,000270,105500.0,105900.0,104700.0,105500.0,599237.0
2025-09-10,000270,104900.0,107000.0,104900.0,106000.0,704159.0
2025-09-11,000270,105900.0,106800.0,105400.0,106600.0,1118881.0
2025-09-12,000270,106100.0,106600.0,105400.0,105900.0,906762.0
2025-09-15,000270,104800.0,105100.0,101300.0,101700.0,2334779.0
2025-09-16,000270,101700.0,101900.0,100500.0,101400.0,1317017.0
2025-09-17,000270,101200.0,101500.0,100500.0,101000.0,1005177.0
2025-09-18,000270,101500.0,102200.0,101100.0,102100.0,1143276.0
2025-09-19,000270,102300.0,102500.0,100500.0,101600.0,1545375.0
2025-09-22,000270,101500.0,102500.0,101200.0,101900.0,737975.0
2025-09-23,000270,101300.0,102900.0,101300.0,102800.0,597793.0
2025-09-24,000270,102900.0,103600.0,102500.0,103000.0,680285.0
2025-09-25,000270,103000.0,103000.0,101400.0,102000.0,775758.0
2025-09-26,000270,101200.0,101300.0,100200.0,100200.0,700206.0
2025-09-29,000270,100600.0,101200.0,100000.0,100700.0,639908.0
2025-09-30,000270,100200.0,101800.0,100200.0,100700.0,885167.0
2025-10-01,000270,100500.0,101500.0,100200.0,100600.0,580310.0
2025-10-02,000270,100700.0,105000.0,100700.0,104200.0,1580346.0
2025-10-10,000270,101100.0,102500.0,100600.0,100600.0,1354370.0
2025-10-13,000270,100900.0,101700.0,100100.0,101100.0,564201.0
2025-10-14,000270,100600.0,103900.0,100500.0,102500.0,971824.0
2025-10-15,000270,102100.0,103800.0,101800.0,103800.0,598957.0
2025-10-16,000270,109300.0,112100.0,108200.0,111300.0,2290270.0
2025-10-17,000270,110800.0,113400.0,110100.0,112100.0,1054766.0
2025-10-20,000270,117000.0,118000.0,111200.0,114500.0,1188885.0
2025-10-21,000270,115200.0,119800.0,115200.0,115800.0,1725109.0
2025-10-22,000270,118400.0,118600.0,115300.0,118100.0,1259947.0
2025-10-23,000270,116300.0,117500.0,114700.0,115000.0,1129493.0
2025-10-24,000270,115900.0,116200.0,113700.0,114900.0,738758.0
2025-10-27,000270,115400.0,117500.0,114800.0,114800.0,916818.0
2025-10-28,000270,114100.0,114200.0,112800.0,113600.0,872146.0
2025-10-29,000270,115300.0,116600.0,113100.0,115800.0,1165316.0
2025-10-30,000270,126100.0,126200.0,116100.0,116200.0,2737130.0
2025-10-31,000270,117000.0,122600.0,116000.0,119900.0,3039559.0
2025-11-03,000270,120700.0,121100.0,117500.0,117700.0,1371107.0
2025-11-04,000270,116600.0,119000.0,113500.0,114400.0,1179087.0
2025-11-05,000270,114400.0,114600.0,109400.0,111000.0,1290707.0
2025-11-06,000270,112500.0,113200.0,110250.0,112000.0,865031.0
2025-11-07,000270,110200.0,111600.0,108900.0,110100.0,536664.0
2025-11-10,000270,111500.0,114800.0,111400.0,113700.0,699593.0
2025-11-11,000270,114100.0,116000.0,113800.0,116000.0,959520.0
2025-11-12,000270,115700.0,119900.0,115300.0,118600.0,1238570.0
2025-11-13,000270,117200.0,118700.0,116700.0,118000.0,783292.0
2025-11-14,000270,116500.0,119500.0,115800.0,117000.0,667473.0
2025-11-17,000270,118100.0,118900.0,116800.0,117400.0,619912.0
2025-11-18,000270,116300.0,117300.0,114500.0,114500.0,514941.0
2025-11-19,000270,115700.0,116400.0,114100.0,114500.0,615044.0
2025-11-20,000270,115400.0,116200.0,113400.0,113400.0,651240.0
2025-11-21,000270,111900.0,114700.0,111500.0,114000.0,680023.0
2025-11-24,000270,114900.0,115000.0,111100.0,111100.0,1566600.0
2025-11-25,000270,112200.0,113200.0,111000.0,111200.0,632037.0
2025-11-26,000270,113200.0,113200.0,111600.0,113200.0,527546.0
2025-11-27,000270,113000.0,114000.0,112800.0,114000.0,477958.0
2025-11-28,000270,114000.0,115300.0,112900.0,114100.0,609629.0
2025-12-01,000270,113900.0,114400.0,111000.0,112300.0,690993.0
2025-12-02,000270,113200.0,117000.0,112900.0,117000.0,984373.0
2025-12-03,000270,117300.0,119200.0,116500.0,118600.0,1066553.0
2025-12-04,000270,119300.0,120900.0,117700.0,120300.0,1315070.0
2025-12-05,000270,118700.0,123800.0,118200.0,123600.0,2075345.0
2025-12-08,000270,125300.0,127250.0,123400.0,125600.0,1464750.0
2025-12-09,000270,124600.0,126100.0,123300.0,123800.0,966759.0
2025-12-10,000270,123800.0,124300.0,122000.0,123400.0,700984.0
2025-12-11,000270,124600.0,126400.0,122500.0,122900.0,1030322.0
2025-12-12,000270,123400.0,125800.0,123100.0,125800.0,684563.0
2025-12-15,000270,124900.0,125300.0,123600.0,124000.0,654771.0
2025-12-16,000270,124300.0,125400.0,120200.0,120800.0,971830.0
2025-12-17,000270,121900.0,121900.0,120200.0,121500.0,811670.0
2025-12-18,000270,119800.0,121200.0,119100.0,120400.0,658756.0
2025-12-19,000270,121200.0,121900.0,118200.0,121000.0,1103568.0
2025-12-22,000270,121700.0,121800.0,119500.0,121100.0,532952.0
2025-12-23,000270,121400.0,121900.0,119800.0,120200.0,398278.0
2025-12-24,000270,120300.0,122500.0,120000.0,121000.0,423315.0
2025-12-26,000270,121300.0,121700.0,119100.0,119800.0,425261.0
2025-12-29,000270,118600.0,121200.0,118300.0,121100.0,425379.0
2025-12-30,000270,119800.0,121800.0,119500.0,121800.0,435122.0
2026-01-02,000270,121100.0,122200.0,119500.0,120600.0,645645.0
2026-01-05,000270,121000.0,123200.0,120700.0,122600.0,858385.0
2026-01-06,000270,124500.0,125800.0,121700.0,122500.0,1302137.0
2026-01-07,000270,121400.0,130500.0,121300.0,129300.0,3038127.0
2026-01-08,000270,131000.0,131100.0,123600.0,124900.0,1693240.0
2026-01-09,000270,126400.0,133600.0,125300.0,133200.0,1738639.0
2026-01-12,000270,136000.0,137500.0,127900.0,129300.0,1768796.0
2026-01-13,000270,130700.0,136200.0,129500.0,136000.0,2944545.0
2026-01-14,000270,139600.0,146300.0,137200.0,143000.0,2992169.0
2026-01-15,000270,142800.0,152500.0,141400.0,152500.0,3375671.0
2026-01-16,000270,158000.0,159500.0,149700.0,151100.0,2624747.0
2026-01-19,000270,151800.0,170700.0,151300.0,169500.0,4040319.0
2026-01-20,000270,174000.0,177000.0,161800.0,163900.0,3225052.0
2026-01-21,000270,160100.0,174800.0,160000.0,172100.0,4144416.0
2026-01-22,000270,172900.0,175700.0,163600.0,164600.0,3390188.0
2026-01-23,000270,162200.0,165550.0,157300.0,159000.0,2594922.0
2026-01-26,000270,156800.0,158600.0,154100.0,155200.0,1425292.0
2026-01-27,000270,149300.0,153800.0,145900.0,153500.0,1856834.0
2026-01-28,000270,155100.0,156000.0,149100.0,149700.0,1756119.0
2026-01-29,000270,154000.0,156500.0,149700.0,154900.0,2518535.0
2026-01-30,000270,153400.0,156000.0,151300.0,152600.0,1571584.0
2026-02-02,000270,151600.0,156800.0,148200.0,150100.0,1396470.0
2026-02-03,000270,150100.0,154000.0,148800.0,154000.0,1341474.0
2026-02-04,000270,155100.0,158000.0,154000.0,156800.0,1387022.0
2026-02-05,000270,156700.0,161250.0,154800.0,156200.0,1589252.0
2026-02-06,000270,154600.0,154900.0,149000.0,151900.0,1269545.0
2026-02-09,000270,153700.0,155000.0,152200.0,153800.0,1370996.0
2026-02-10,000270,155800.0,158600.0,154600.0,154700.0,1011933.0
2026-02-11,000270,156400.0,162000.0,154700.0,161800.0,1622428.0
2026-02-12,000270,163200.0,166300.0,160700.0,166300.0,1804086.0
2026-02-13,000270,164900.0,166000.0,163200.0,164100.0,972962.0
2026-02-19,000270,169000.0,171500.0,164000.0,170000.0,1357727.0
2026-02-20,000270,170100.0,172700.0,168700.0,171800.0,1074310.0
2026-02-23,000270,174900.0,176800.0,171500.0,172700.0,1158150.0
2026-02-24,000270,171200.0,174500.0,169300.0,174000.0,1213901.0
2026-02-25,000270,175700.0,199900.0,175500.0,196100.0,3876333.0
2026-02-26,000270,197400.0,208000.0,194100.0,206000.0,1991104.0
2026-02-27,000270,199600.0,212500.0,197100.0,205500.0,2945241.0
2026-03-03,000270,185000.0,195700.0,180000.0,182300.0,3431157.0
2026-03-04,000270,167600.0,176900.0,155000.0,156700.0,2941762.0
2026-03-05,000270,171600.0,172600.0,163400.0,166400.0,2697408.0
2026-03-06,000270,161100.0,169600.0,161000.0,167000.0,1667956.0
2026-03-09,000270,152100.0,155000.0,150100.0,153400.0,1846031.0
2026-03-10,000270,160200.0,163000.0,157000.0,161000.0,1765368.0
2026-03-11,000270,169000.0,170400.0,160500.0,162000.0,1171357.0
2026-03-12,000270,161500.0,167000.0,161300.0,167000.0,1348612.0
2026-03-13,000270,161400.0,166200.0,158700.0,164300.0,1614149.0
2026-03-16,000270,162800.0,165200.0,161800.0,162000.0,1055451.0
2026-03-17,000270,167000.0,170900.0,167000.0,167300.0,1068349.0
2026-03-18,000270,171100.0,176300.0,170600.0,175100.0,1186749.0
2026-03-19,000270,171000.0,173900.0,170200.0,170500.0,904634.0
2026-03-20,000270,172100.0,172500.0,168500.0,168500.0,2000787.0
2026-03-23,000270,162100.0,163900.0,159200.0,161700.0,1347768.0
2026-03-24,000270,164000.0,164200.0,154500.0,157900.0,1544213.0
2026-03-25,000270,160600.0,163300.0,157900.0,157900.0,1032979.0
2026-03-26,000270,156500.0,158000.0,154300.0,154700.0,836063.0
2026-03-27,000270,150800.0,156300.0,149400.0,155800.0,832198.0
2026-03-30,000270,147400.0,151900.0,145400.0,151500.0,976319.0
2026-03-31,000270,145100.0,151800.0,143800.0,145200.0,1442003.0
2026-04-01,000270,152900.0,157000.0,150100.0,155300.0,1056596.0
2026-04-02,000270,157900.0,160300.0,148600.0,150600.0,1122509.0
2026-04-03,000270,153000.0,156100.0,149700.0,150200.0,508389.0
2026-04-06,000270,151000.0,154100.0,150200.0,151600.0,613147.0
2026-04-07,000270,152200.0,153400.0,149100.0,150800.0,719002.0
2026-04-08,000270,158200.0,160000.0,155300.0,159200.0,1136144.0
2026-04-09,000270,159300.0,163200.0,149100.0,150500.0,1896387.0
2026-04-10,000270,154000.0,154700.0,149000.0,149000.0,1787395.0
2026-04-13,000270,147400.0,148700.0,145700.0,147400.0,976438.0
2026-04-14,000270,149800.0,151700.0,149100.0,149200.0,924805.0
2026-04-15,000270,152000.0,154600.0,150800.0,151500.0,1100822.0
2026-04-16,000270,154600.0,158900.0,154600.0,157900.0,1405390.0
2026-04-17,000270,159800.0,159900.0,156800.0,159200.0,866411.0
2026-04-20,000270,158500.0,160300.0,156600.0,157400.0,602294.0
2026-04-21,000270,158200.0,160500.0,157700.0,160000.0,758081.0
2026-04-22,000270,160000.0,160100.0,157700.0,160000.0,770589.0
2026-04-23,000270,164700.0,164800.0,157000.0,158400.0,1112754.0
2026-04-24,000270,157700.0,157700.0,153400.0,153400.0,1088654.0
2026-04-27,000270,153800.0,154700.0,152100.0,152600.0,1418466.0
2026-04-28,000270,152900.0,159200.0,152300.0,155600.0,1572801.0
2026-04-29,000270,157300.0,157400.0,154000.0,156900.0,726697.0
2026-04-30,000270,155400.0,157400.0,151700.0,151800.0,1187225.0
2026-05-04,000270,156300.0,156500.0,153600.0,154000.0,779973.0
2026-05-06,000270,154300.0,158800.0,154000.0,154600.0,1124784.0
2026-05-07,000270,159000.0,161900.0,156300.0,157600.0,1567931.0
2026-05-08,000270,159800.0,170300.0,156400.0,164500.0,3759583.0
2026-05-11,000270,170400.0,178800.0,166500.0,174700.0,2981237.0
2026-05-12,000270,175700.0,180400.0,162500.0,168300.0,2971261.0
2026-05-13,000270,166500.0,179500.0,163800.0,179500.0,2667366.0
2026-05-14,000270,182100.0,183000.0,173600.0,178100.0,2320304.0
2026-05-15,000270,178200.0,184200.0,164900.0,168000.0,2839184.0
2026-05-18,000270,168800.0,170700.0,158600.0,162500.0,1367438.0
2026-05-19,000270,161700.0,162600.0,152100.0,154900.0,1578129.0
2026-05-20,000270,153600.0,154900.0,147700.0,149400.0,1918825.0
2026-05-21,000270,154500.0,169300.0,153700.0,167900.0,1633956.0
2026-05-22,000270,169500.0,169800.0,162400.0,164800.0,900343.0
2026-05-26,000270,168400.0,170500.0,165500.0,167000.0,887765.0
2026-05-27,000270,167300.0,169000.0,162500.0,164700.0,1295315.0
2026-05-28,000270,172900.0,173000.0,159500.0,164300.0,1409381.0
2026-05-29,000270,165500.0,172500.0,164100.0,169200.0,2545048.0
2026-06-01,000270,170500.0,174600.0,167600.0,169900.0,1733940.0
2026-06-02,000270,171300.0,172700.0,163900.0,168800.0,1440263.0
2026-06-04,000270,166000.0,168000.0,162000.0,164300.0,1477518.0
2026-06-05,000270,162900.0,163000.0,154600.0,161100.0,1077583.0
2026-06-08,000270,149900.0,154700.0,149800.0,151400.0,1305489.0
2026-06-09,000270,155900.0,167300.0,154500.0,164300.0,2331570.0
2026-06-10,000270,162000.0,164800.0,154500.0,159700.0,1920797.0
2026-06-11,000270,154300.0,156000.0,150300.0,156000.0,1634502.0
2026-06-12,000270,162800.0,168900.0,160800.0,166800.0,2416481.0
2026-06-15,000270,169200.0,172900.0,167100.0,167500.0,1297572.0
2026-06-16,000270,171700.0,171900.0,166200.0,170200.0,1130432.0
2026-06-17,000270,169200.0,169400.0,165800.0,166300.0,585295.0
2026-06-18,000270,165500.0,167000.0,158500.0,158800.0,1058777.0
2026-06-19,000270,159000.0,162400.0,153700.0,154900.0,1605584.0
2026-06-22,000270,154500.0,155700.0,151100.0,151400.0,735085.0
2026-06-23,000270,150300.0,151400.0,137300.0,137400.0,1317728.0
2026-06-24,000270,139300.0,141400.0,136300.0,138900.0,1133812.0
2026-06-25,000270,142000.0,144200.0,138300.0,139500.0,1040861.0
2026-06-26,000270,138200.0,139000.0,130000.0,135300.0,1133840.0
2026-06-29,000270,135400.0,142400.0,132100.0,140600.0,786609.0
2026-06-30,000270,143400.0,143500.0,136200.0,138000.0,979109.0
2026-07-01,000270,140500.0,144200.0,137700.0,141500.0,790999.0
2026-07-02,000270,142900.0,148700.0,137600.0,145200.0,1317643.0
2026-07-03,000270,146800.0,152000.0,143800.0,152000.0,1078769.0
2026-07-06,000270,153000.0,162500.0,150400.0,160700.0,1610920.0
2026-07-07,000270,157700.0,159100.0,147200.0,153700.0,1180558.0
2026-07-08,000270,153100.0,162900.0,150000.0,156800.0,1779324.0
2026-07-09,000270,156700.0,156900.0,144400.0,144800.0,1363126.0
2026-07-10,000270,147400.0,152000.0,145500.0,147500.0,1005420.0
2026-07-13,000270,148000.0,151100.0,142300.0,143500.0,898409.0
2026-07-14,000270,143700.0,144700.0,138700.0,139600.0,1139267.0
2026-07-15,000270,141400.0,146300.0,141300.0,145000.0,1067661.0
2026-07-16,000270,143400.0,150500.0,142400.0,149700.0,967288.0
2025-01-15,000660,198000.0,201000.0,197700.0,198200.0,3620460.0
2025-01-16,000660,208500.0,210000.0,206500.0,210000.0,6029645.0
2025-01-17,000660,209500.0,217500.0,209000.0,214500.0,5041329.0
2025-01-20,000660,219000.0,219000.0,210500.0,212000.0,3036234.0
2025-01-21,000660,216500.0,220000.0,214000.0,218000.0,3323212.0
2025-01-22,000660,221500.0,227000.0,217000.0,225500.0,5901740.0
2025-01-23,000660,221000.0,225500.0,215000.0,219500.0,5994781.0
2025-01-24,000660,220500.0,227000.0,217500.0,221000.0,3771572.0
2025-01-31,000660,197000.0,204500.0,194800.0,199200.0,11871995.0
2025-02-03,000660,191500.0,193200.0,186900.0,190900.0,7926444.0
2025-02-04,000660,192900.0,194300.0,190100.0,191100.0,5851146.0
2025-02-05,000660,191900.0,199400.0,191900.0,198800.0,4245118.0
2025-02-06,000660,202000.0,205000.0,200500.0,203500.0,4032622.0
2025-02-07,000660,205000.0,206000.0,200500.0,203000.0,2206293.0
2025-02-10,000660,197800.0,203000.0,197000.0,198100.0,2779740.0
2025-02-11,000660,201000.0,201500.0,198000.0,199700.0,2488710.0
2025-02-12,000660,196500.0,199900.0,196000.0,198900.0,2884072.0
2025-02-13,000660,198800.0,208500.0,198100.0,208500.0,3574410.0
2025-02-14,000660,209000.0,212000.0,206500.0,210000.0,2598656.0
2025-02-17,000660,211500.0,216000.0,211000.0,212000.0,2497922.0
2025-02-18,000660,212000.0,215000.0,207000.0,210000.0,1937894.0
2025-02-19,000660,216000.0,219500.0,214000.0,218500.0,3537720.0
2025-02-20,000660,217000.0,218500.0,211000.0,212000.0,3080242.0
2025-02-21,000660,209500.0,211000.0,205500.0,209500.0,2601151.0
2025-02-24,000660,202500.0,205000.0,201000.0,205000.0,3087127.0
2025-02-25,000660,199800.0,202000.0,199200.0,200500.0,3651613.0
2025-02-26,000660,199000.0,206000.0,198600.0,203000.0,3849749.0
2025-02-27,000660,204500.0,205000.0,198100.0,199200.0,3993419.0
2025-02-28,000660,191600.0,193000.0,188700.0,190200.0,5533027.0
2025-03-04,000660,184800.0,187500.0,184000.0,186100.0,5424556.0
2025-03-05,000660,188200.0,194400.0,186600.0,193100.0,4162368.0
2025-03-06,000660,193500.0,194000.0,190300.0,192400.0,2540131.0
2025-03-07,000660,191000.0,192800.0,187900.0,192400.0,2700590.0
2025-03-10,000660,187500.0,191500.0,187300.0,187900.0,2441476.0
2025-03-11,000660,182100.0,189000.0,181300.0,187800.0,3521800.0
2025-03-12,000660,192400.0,199350.0,189700.0,198900.0,4064278.0
2025-03-13,000660,202500.0,204500.0,195500.0,199700.0,3883033.0
2025-03-14,000660,198500.0,206000.0,198500.0,204500.0,3397462.0
2025-03-17,000660,207000.0,209500.0,203500.0,206000.0,2584679.0
2025-03-18,000660,208500.0,209000.0,201000.0,203000.0,2696191.0
2025-03-19,000660,202000.0,209500.0,201000.0,205500.0,3102000.0
2025-03-20,000660,207000.0,211000.0,205500.0,210000.0,2779557.0
2025-03-21,000660,213500.0,219500.0,212000.0,215500.0,5731880.0
2025-03-24,000660,211500.0,214500.0,209500.0,211500.0,1611040.0
2025-03-25,000660,214500.0,215500.0,208000.0,208000.0,2262656.0
2025-03-26,000660,209000.0,215500.0,208500.0,214000.0,2058540.0
2025-03-27,000660,208000.0,212000.0,206500.0,207000.0,2287220.0
2025-03-28,000660,203000.0,204500.0,198900.0,199300.0,2673553.0
2025-03-31,000660,193500.0,195500.0,190500.0,190700.0,4561715.0
2025-04-01,000660,193600.0,198500.0,192000.0,197000.0,2317253.0
2025-04-02,000660,198800.0,201500.0,197300.0,197900.0,2764223.0
2025-04-03,000660,189600.0,194600.0,188200.0,194600.0,4177747.0
2025-04-04,000660,187900.0,189600.0,178400.0,182200.0,9182017.0
2025-04-07,000660,168000.0,172800.0,164800.0,164800.0,7879050.0
2025-04-08,000660,172000.0,173100.0,168200.0,169500.0,4965171.0
2025-04-09,000660,170000.0,170000.0,162700.0,165000.0,8035679.0
2025-04-10,000660,189700.0,189900.0,180000.0,183200.0,7836984.0
2025-04-11,000660,177800.0,181800.0,176100.0,180800.0,3223735.0
2025-04-14,000660,182900.0,184400.0,178000.0,180200.0,3466194.0
2025-04-15,000660,180200.0,182400.0,179700.0,180600.0,1915455.0
2025-04-16,000660,176500.0,177500.0,173500.0,174000.0,2933428.0
2025-04-17,000660,172100.0,175400.0,171800.0,175000.0,2989493.0
2025-04-18,000660,174000.0,175500.0,172800.0,175000.0,1305152.0
2025-04-21,000660,174800.0,180000.0,174500.0,176600.0,1877473.0
2025-04-22,000660,175000.0,175500.0,173300.0,173800.0,2008388.0
2025-04-23,000660,179100.0,181600.0,178100.0,181000.0,3857373.0
2025-04-24,000660,182800.0,183400.0,177600.0,178300.0,3162156.0
2025-04-25,000660,182500.0,184900.0,182100.0,184400.0,3507810.0
2025-04-28,000660,183500.0,183900.0,179700.0,182000.0,2455710.0
2025-04-29,000660,182000.0,182900.0,179100.0,180800.0,1866386.0
2025-04-30,000660,179100.0,180000.0,176700.0,177500.0,2354473.0
2025-05-02,000660,179400.0,186200.0,178400.0,186000.0,3886874.0
2025-05-07,000660,187700.0,191500.0,185900.0,190800.0,3830097.0
2025-05-08,000660,196000.0,196000.0,189400.0,190300.0,5125330.0
2025-05-09,000660,192000.0,192800.0,186800.0,190100.0,2539822.0
2025-05-12,000660,193600.0,195200.0,193500.0,195000.0,1624884.0
2025-05-13,000660,200500.0,201500.0,197300.0,198500.0,3385009.0
2025-05-14,000660,207000.0,207000.0,204000.0,206000.0,3333511.0
2025-05-15,000660,207500.0,208000.0,199500.0,200500.0,3178957.0
2025-05-16,000660,206000.0,206750.0,203500.0,204500.0,2419507.0
2025-05-19,000660,203000.0,203000.0,197500.0,199400.0,2482673.0
2025-05-20,000660,202500.0,208000.0,201500.0,202000.0,2820546.0
2025-05-21,000660,204500.0,205000.0,199900.0,200500.0,1721760.0
2025-05-22,000660,199900.0,201500.0,196500.0,196900.0,1988587.0
2025-05-23,000660,199900.0,201500.0,198700.0,200000.0,1538701.0
2025-05-26,000660,200000.0,203500.0,196900.0,203000.0,1459997.0
2025-05-27,000660,200500.0,203500.0,200000.0,202500.0,1424916.0
2025-05-28,000660,206500.0,209500.0,206000.0,208000.0,3161188.0
2025-05-29,000660,214500.0,214500.0,207500.0,212000.0,3827689.0
2025-05-30,000660,210000.0,210000.0,203000.0,204500.0,4826628.0
2025-06-02,000660,205000.0,208500.0,203000.0,207500.0,1775752.0
2025-06-04,000660,218000.0,223000.0,216500.0,217500.0,5108674.0
2025-06-05,000660,225500.0,230000.0,222000.0,224500.0,5768506.0
2025-06-09,000660,233000.0,233500.0,228000.0,229000.0,3666084.0
2025-06-10,000660,231000.0,232500.0,227500.0,230500.0,3718655.0
2025-06-11,000660,236000.0,241000.0,235000.0,240000.0,4230421.0
2025-06-12,000660,242500.0,246500.0,235000.0,235500.0,4994238.0
2025-06-13,000660,240500.0,243000.0,233750.0,235500.0,4100610.0
2025-06-16,000660,238000.0,248500.0,238000.0,248000.0,3760740.0
2025-06-17,000660,253000.0,260000.0,248000.0,249000.0,5044669.0
2025-06-18,000660,245500.0,252000.0,245000.0,246500.0,4081001.0
2025-06-19,000660,247000.0,250000.0,242000.0,246000.0,2317796.0
2025-06-20,000660,249000.0,257000.0,247500.0,257000.0,3597877.0
2025-06-23,000660,252500.0,263000.0,248500.0,259500.0,3398736.0
2025-06-24,000660,270000.0,283000.0,269500.0,278500.0,5436312.0
2025-06-25,000660,289000.0,291500.0,284000.0,286000.0,5466598.0
2025-06-26,000660,294500.0,298500.0,287000.0,293000.0,5894020.0
2025-06-27,000660,288000.0,294500.0,281000.0,284000.0,5134863.0
2025-06-30,000660,288500.0,294500.0,286000.0,292000.0,4375298.0
2025-07-01,000660,291000.0,294500.0,285500.0,285500.0,3687981.0
2025-07-02,000660,283500.0,283500.0,274500.0,279000.0,4702056.0
2025-07-03,000660,281000.0,284000.0,277000.0,278500.0,3642140.0
2025-07-04,000660,279500.0,281500.0,269000.0,270500.0,3654933.0
2025-07-07,000660,266000.0,272000.0,264500.0,271000.0,2523564.0
2025-07-08,000660,271000.0,285000.0,268500.0,282000.0,3119395.0
2025-07-09,000660,282500.0,284000.0,277500.0,281000.0,2626484.0
2025-07-10,000660,284000.0,297000.0,283500.0,297000.0,4556065.0
2025-07-11,000660,299500.0,306500.0,292000.0,294500.0,3732533.0
2025-07-14,000660,292500.0,302500.0,292500.0,300000.0,2936976.0
2025-07-15,000660,296000.0,298500.0,290000.0,298500.0,4196196.0
2025-07-16,000660,298500.0,299500.0,292500.0,296000.0,3123297.0
2025-07-17,000660,283500.0,289500.0,268000.0,269500.0,9328322.0
2025-07-18,000660,270000.0,275000.0,267000.0,269000.0,5359504.0
2025-07-21,000660,267500.0,274500.0,266500.0,272500.0,2424891.0
2025-07-22,000660,273000.0,273500.0,267000.0,268500.0,3139858.0
2025-07-23,000660,267500.0,271000.0,264500.0,269000.0,3116279.0
2025-07-24,000660,277000.0,279000.0,269000.0,269500.0,3667144.0
2025-07-25,000660,273000.0,275000.0,265500.0,266000.0,2171063.0
2025-07-28,000660,261000.0,265500.0,258500.0,262000.0,2877357.0
2025-07-29,000660,254500.0,265000.0,254500.0,262500.0,2944177.0
2025-07-30,000660,263000.0,266000.0,260500.0,263500.0,2482807.0
2025-07-31,000660,271000.0,274000.0,265500.0,273500.0,3472644.0
2025-08-01,000660,266000.0,267000.0,257000.0,258000.0,3227394.0
2025-08-04,000660,254500.0,260000.0,254000.0,258000.0,2281558.0
2025-08-05,000660,264000.0,264500.0,260500.0,263500.0,2118171.0
2025-08-06,000660,260500.0,260500.0,257500.0,258500.0,1374559.0
2025-08-07,000660,258000.0,263000.0,250000.0,262000.0,2724438.0
2025-08-08,000660,262000.0,266000.0,255500.0,256500.0,2676174.0
2025-08-11,000660,260500.0,267500.0,260000.0,267000.0,2415473.0
2025-08-12,000660,268000.0,276000.0,267500.0,269000.0,3008648.0
2025-08-13,000660,278000.0,279000.0,274000.0,278000.0,3472694.0
2025-08-14,000660,277500.0,277500.0,270500.0,276500.0,2101050.0
2025-08-18,000660,272000.0,272000.0,267000.0,267500.0,1993220.0
2025-08-19,000660,268500.0,270000.0,261500.0,263000.0,1709646.0
2025-08-20,000660,254500.0,257000.0,251000.0,255500.0,3571545.0
2025-08-21,000660,246500.0,251000.0,245000.0,245000.0,6301130.0
2025-08-22,000660,245500.0,252500.0,245500.0,251000.0,3064062.0
2025-08-25,000660,256000.0,261500.0,254000.0,259500.0,3183709.0
2025-08-26,000660,259500.0,262500.0,257000.0,261500.0,2050625.0
2025-08-27,000660,259000.0,261000.0,256000.0,260000.0,2801594.0
2025-08-28,000660,254000.0,268500.0,253000.0,268500.0,3836024.0
2025-08-29,000660,268000.0,270000.0,266000.0,269000.0,1892127.0
2025-09-01,000660,259500.0,261000.0,255000.0,256000.0,1837054.0
2025-09-02,000660,256000.0,261500.0,256000.0,260500.0,1584710.0
2025-09-03,000660,259500.0,265500.0,257750.0,262500.0,2437896.0
2025-09-04,000660,267000.0,271000.0,264500.0,265500.0,2189959.0
2025-09-05,000660,273000.0,275000.0,272000.0,273500.0,3103427.0
2025-09-08,000660,278500.0,279000.0,274000.0,277000.0,2018299.0
2025-09-09,000660,278000.0,288500.0,277000.0,288000.0,4158342.0
2025-09-10,000660,294500.0,305000.0,293000.0,304000.0,5265553.0
2025-09-11,000660,310000.0,315000.0,305500.0,307000.0,5148088.0
2025-09-12,000660,322000.0,329500.0,319000.0,328500.0,4242516.0
2025-09-15,000660,339500.0,341500.0,325000.0,331000.0,4221256.0
2025-09-16,000660,331500.0,354000.0,331500.0,348000.0,5841135.0
2025-09-17,000660,341000.0,342500.0,333500.0,333500.0,4498866.0
2025-09-18,000660,338500.0,357000.0,336500.0,353000.0,4526286.0
2025-09-19,000660,351500.0,360000.0,348000.0,353000.0,4385543.0
2025-09-22,000660,349000.0,359000.0,345250.0,351000.0,4377563.0
2025-09-23,000660,355500.0,363000.0,353000.0,361000.0,3315336.0
2025-09-24,000660,359000.0,364000.0,348500.0,357500.0,4165199.0
2025-09-25,000660,352000.0,359000.0,349500.0,356500.0,2148215.0
2025-09-26,000660,347500.0,349000.0,333000.0,336500.0,3685324.0
2025-09-29,000660,339500.0,351000.0,339000.0,349000.0,2275986.0
2025-09-30,000660,353000.0,356500.0,347500.0,347500.0,2238614.0
2025-10-01,000660,351000.0,362000.0,351000.0,360000.0,2802437.0
2025-10-02,000660,388500.0,404500.0,384000.0,395500.0,7430763.0
2025-10-10,000660,426000.0,439250.0,416500.0,428000.0,6835852.0
2025-10-13,000660,405500.0,415500.0,403000.0,415000.0,4356534.0
2025-10-14,000660,425000.0,436500.0,406500.0,411500.0,4101275.0
2025-10-15,000660,410500.0,424000.0,407000.0,422500.0,2688019.0
2025-10-16,000660,421000.0,455000.0,420500.0,452500.0,4247934.0
2025-10-17,000660,451500.0,475000.0,449500.0,465500.0,4541583.0
2025-10-20,000660,477500.0,485500.0,465500.0,485500.0,3333903.0
2025-10-21,000660,497000.0,502000.0,478000.0,479000.0,4126858.0
2025-10-22,000660,475000.0,482000.0,469000.0,481500.0,3870276.0
2025-10-23,000660,470000.0,488500.0,468000.0,478500.0,3583993.0
2025-10-24,000660,493000.0,513000.0,491500.0,510000.0,4254202.0
2025-10-27,000660,533000.0,537000.0,523000.0,535000.0,3381231.0
2025-10-28,000660,521000.0,527000.0,509000.0,521000.0,5659008.0
2025-10-29,000660,538000.0,559000.0,523000.0,558000.0,4803031.0
2025-10-30,000660,558000.0,579000.0,552000.0,568000.0,4888461.0
2025-10-31,000660,557000.0,566000.0,552000.0,559000.0,3351809.0
2025-11-03,000660,557000.0,624000.0,555000.0,620000.0,5787058.0
2025-11-04,000660,611000.0,614000.0,583000.0,586000.0,5969769.0
2025-11-05,000660,563000.0,587000.0,532000.0,579000.0,8976222.0
2025-11-06,000660,602000.0,607000.0,583000.0,593000.0,5321244.0
2025-11-07,000660,577000.0,599000.0,565000.0,580000.0,4789397.0
2025-11-10,000660,584000.0,615000.0,581000.0,606000.0,4893645.0
2025-11-11,000660,622000.0,646000.0,604000.0,619000.0,5508697.0
2025-11-12,000660,605000.0,620000.0,601000.0,617000.0,2831484.0
2025-11-13,000660,607000.0,622000.0,607000.0,612000.0,3875541.0
2025-11-14,000660,579000.0,585000.0,560000.0,560000.0,5778374.0
2025-11-17,000660,588000.0,606000.0,584000.0,606000.0,4470947.0
2025-11-18,000660,583000.0,591000.0,570000.0,570000.0,3544391.0
2025-11-19,000660,563000.0,570000.0,546000.0,562000.0,4529736.0
2025-11-20,000660,595000.0,597000.0,570000.0,571000.0,4670237.0
2025-11-21,000660,518000.0,531000.0,514000.0,521000.0,6646712.0
2025-11-24,000660,531000.0,542000.0,517000.0,520000.0,6399162.0
2025-11-25,000660,546000.0,550000.0,518000.0,519000.0,3716730.0
2025-11-26,000660,513000.0,528000.0,501000.0,524000.0,5127393.0
2025-11-27,000660,535000.0,556000.0,533000.0,544000.0,3654092.0
2025-11-28,000660,551000.0,552000.0,530000.0,530000.0,2680138.0
2025-12-01,000660,542000.0,545000.0,525000.0,538000.0,3134704.0
2025-12-02,000660,548000.0,559000.0,542000.0,558000.0,2686580.0
2025-12-03,000660,550000.0,559000.0,544000.0,552000.0,2586619.0
2025-12-04,000660,542000.0,543000.0,532000.0,542000.0,2858305.0
2025-12-05,000660,530000.0,546000.0,527000.0,544000.0,3204933.0
2025-12-08,000660,543000.0,580000.0,533000.0,577000.0,4288433.0
2025-12-09,000660,569000.0,575000.0,564000.0,566000.0,2391174.0
2025-12-10,000660,571000.0,593000.0,570000.0,587000.0,3986083.0
2025-12-11,000660,583000.0,589000.0,565000.0,565000.0,4021907.0
2025-12-12,000660,565000.0,579000.0,560000.0,571000.0,2646148.0
2025-12-15,000660,535000.0,563500.0,535000.0,554000.0,2482125.0
2025-12-16,000660,545000.0,551000.0,530000.0,530000.0,3287998.0
2025-12-17,000660,530000.0,554000.0,525000.0,551000.0,2692626.0
2025-12-18,000660,538000.0,563000.0,537000.0,552000.0,2959059.0
2025-12-19,000660,569000.0,570000.0,547000.0,547000.0,3440005.0
2025-12-22,000660,574000.0,580000.0,567000.0,580000.0,2878464.0
2025-12-23,000660,585000.0,593000.0,581000.0,584000.0,2011188.0
2025-12-24,000660,587000.0,591000.0,584000.0,588000.0,2160697.0
2025-12-26,000660,594000.0,605000.0,590000.0,599000.0,4243548.0
2025-12-29,000660,630000.0,640000.0,625000.0,640000.0,4176151.0
2025-12-30,000660,639000.0,659000.0,634000.0,651000.0,4094603.0
2026-01-02,000660,651000.0,679000.0,647000.0,677000.0,4181895.0
2026-01-05,000660,698000.0,700000.0,684000.0,696000.0,4337511.0
2026-01-06,000660,690000.0,727000.0,671000.0,726000.0,4830275.0
2026-01-07,000660,760000.0,762000.0,728000.0,742000.0,5693115.0
2026-01-08,000660,731000.0,788000.0,731000.0,756000.0,6496379.0
2026-01-09,000660,744000.0,756000.0,727000.0,744000.0,4343703.0
2026-01-12,000660,755000.0,762000.0,735000.0,749000.0,3329793.0
2026-01-13,000660,753000.0,754000.0,724000.0,738000.0,3771944.0
2026-01-14,000660,733000.0,750000.0,728000.0,742000.0,4885051.0
2026-01-15,000660,732000.0,750000.0,727000.0,749000.0,3003414.0
2026-01-16,000660,751000.0,763000.0,747000.0,756000.0,3712326.0
2026-01-19,000660,755000.0,774000.0,750000.0,764000.0,3392008.0
2026-01-20,000660,764000.0,764000.0,737000.0,743000.0,2762369.0
2026-01-21,000660,729000.0,756000.0,728000.0,740000.0,5108442.0
2026-01-22,000660,766000.0,773000.0,751000.0,755000.0,3545309.0
2026-01-23,000660,754000.0,776000.0,744000.0,767000.0,3508272.0
2026-01-26,000660,753000.0,754000.0,736000.0,736000.0,3133330.0
2026-01-27,000660,738000.0,800000.0,733000.0,800000.0,5660198.0
2026-01-28,000660,810000.0,854000.0,803000.0,841000.0,6708497.0
2026-01-29,000660,879000.0,884000.0,819000.0,861000.0,6837983.0
2026-01-30,000660,854000.0,931000.0,853000.0,909000.0,7875195.0
2026-02-02,000660,870000.0,888000.0,830000.0,830000.0,7634191.0
2026-02-03,000660,874000.0,907000.0,871000.0,907000.0,5272538.0
2026-02-04,000660,884000.0,906000.0,883000.0,900000.0,3800763.0
2026-02-05,000660,851000.0,877000.0,838000.0,842000.0,5473720.0
2026-02-06,000660,805000.0,850000.0,791000.0,839000.0,5581574.0
2026-02-09,000660,898000.0,899000.0,873000.0,887000.0,4228584.0
2026-02-10,000660,894000.0,905000.0,876000.0,876000.0,3441377.0
2026-02-11,000660,860000.0,874000.0,848000.0,860000.0,3125590.0
2026-02-12,000660,882000.0,894000.0,878000.0,888000.0,4619344.0
2026-02-13,000660,889000.0,903000.0,878000.0,880000.0,3534047.0
2026-02-19,000660,905000.0,913000.0,888000.0,894000.0,3285109.0
2026-02-20,000660,892000.0,955000.0,881000.0,949000.0,5054333.0
2026-02-23,000660,980000.0,980000.0,941000.0,951000.0,3523887.0
2026-02-24,000660,952000.0,1005000.0,946000.0,1005000.0,4102382.0
2026-02-25,000660,1012000.0,1038000.0,1004000.0,1018000.0,3462525.0
2026-02-26,000660,1024000.0,1099000.0,1023000.0,1099000.0,4461976.0
2026-02-27,000660,1050000.0,1096000.0,1048000.0,1061000.0,6453062.0
2026-03-03,000660,1022000.0,1040000.0,939000.0,939000.0,6818327.0
2026-03-04,000660,894000.0,954000.0,846000.0,849000.0,9253420.0
2026-03-05,000660,976000.0,992000.0,927000.0,941000.0,6442459.0
2026-03-06,000660,912000.0,938000.0,885000.0,924000.0,3744322.0
2026-03-09,000660,851000.0,864000.0,808000.0,836000.0,7253621.0
2026-03-10,000660,915000.0,950000.0,899000.0,938000.0,5304897.0
2026-03-11,000660,954000.0,985000.0,941000.0,955000.0,3916098.0
2026-03-12,000660,938000.0,963000.0,928000.0,930000.0,3711742.0
2026-03-13,000660,891000.0,929000.0,884000.0,910000.0,3645102.0
2026-03-16,000660,925000.0,975000.0,924000.0,974000.0,3829496.0
2026-03-17,000660,1009000.0,1010000.0,969000.0,970000.0,3326240.0
2026-03-18,000660,1000000.0,1060000.0,999000.0,1056000.0,4347884.0
2026-03-19,000660,1008000.0,1043000.0,1003000.0,1013000.0,3347483.0
2026-03-20,000660,1023000.0,1026000.0,1002000.0,1007000.0,3426646.0
2026-03-23,000660,952000.0,963000.0,927000.0,933000.0,3911813.0
2026-03-24,000660,993000.0,994000.0,938000.0,986000.0,4352152.0
2026-03-25,000660,1016000.0,1042000.0,988000.0,995000.0,4463869.0
2026-03-26,000660,965000.0,973000.0,931000.0,933000.0,4660620.0
2026-03-27,000660,890000.0,934000.0,880000.0,922000.0,4520942.0
2026-03-30,000660,867000.0,884000.0,862000.0,873000.0,4498502.0
2026-03-31,000660,817000.0,852000.0,806000.0,807000.0,7194351.0
2026-04-01,000660,884000.0,905000.0,858000.0,893000.0,6255058.0
2026-04-02,000660,912000.0,914000.0,818000.0,830000.0,6127534.0
2026-04-03,000660,867000.0,886000.0,860000.0,876000.0,2927164.0
2026-04-06,000660,877000.0,901500.0,869000.0,886000.0,3100989.0
2026-04-07,000660,917000.0,933000.0,888000.0,916000.0,3619929.0
2026-04-08,000660,1007000.0,1056000.0,992000.0,1033000.0,6709356.0
2026-04-09,000660,1015000.0,1025000.0,990000.0,998000.0,5026817.0
2026-04-10,000660,1030000.0,1042000.0,1024000.0,1027000.0,3134921.0
2026-04-13,000660,999000.0,1043000.0,996000.0,1040000.0,2769753.0
2026-04-14,000660,1092000.0,1128000.0,1078000.0,1103000.0,4754545.0
2026-04-15,000660,1165000.0,1173000.0,1130000.0,1136000.0,4093703.0
2026-04-16,000660,1141000.0,1161000.0,1130000.0,1155000.0,2901319.0
2026-04-17,000660,1149000.0,1155000.0,1121000.0,1128000.0,3578235.0
2026-04-20,000660,1148000.0,1175000.0,1141000.0,1166000.0,3748014.0
2026-04-21,000660,1196000.0,1228000.0,1193000.0,1224000.0,3516960.0
2026-04-22,000660,1227000.0,1233000.0,1195000.0,1223000.0,2894919.0
2026-04-23,000660,1220000.0,1267000.0,1183000.0,1225000.0,5343871.0
2026-04-24,000660,1237000.0,1242000.0,1193000.0,1222000.0,3127857.0
2026-04-27,000660,1253000.0,1317000.0,1249000.0,1292000.0,4563073.0
2026-04-28,000660,1313000.0,1328000.0,1296000.0,1300000.0,3002713.0
2026-04-29,000660,1284000.0,1317000.0,1281000.0,1293000.0,3001208.0
2026-04-30,000660,1312000.0,1325000.0,1286000.0,1286000.0,3342342.0
2026-05-04,000660,1339000.0,1450000.0,1333000.0,1447000.0,5776641.0
2026-05-06,000660,1590000.0,1614000.0,1557000.0,1601000.0,6631934.0
2026-05-07,000660,1622000.0,1665000.0,1567000.0,1654000.0,5860618.0
2026-05-08,000660,1591000.0,1689000.0,1591000.0,1686000.0,4278087.0
2026-05-11,000660,1833000.0,1949000.0,1826000.0,1880000.0,7433039.0
2026-05-12,000660,1944000.0,1967000.0,1804000.0,1835000.0,9160593.0
2026-05-13,000660,1781000.0,1990000.0,1781000.0,1976000.0,7126921.0
2026-05-14,000660,1976000.0,1994000.0,1937000.0,1970000.0,6040068.0
2026-05-15,000660,1950000.0,1995000.0,1789000.0,1819000.0,7485233.0
2026-05-18,000660,1780000.0,1897000.0,1731000.0,1840000.0,6481608.0
2026-05-19,000660,1791000.0,1823000.0,1740000.0,1745000.0,4575855.0
2026-05-20,000660,1743000.0,1778000.0,1690000.0,1745000.0,5535123.0
2026-05-21,000660,1801000.0,1954000.0,1796000.0,1940000.0,5096690.0
2026-05-22,000660,1942000.0,1952000.0,1912000.0,1941000.0,3135190.0
2026-05-26,000660,2008000.0,2087000.0,2006000.0,2052000.0,4903591.0
2026-05-27,000660,2279000.0,2358000.0,2200000.0,2243000.0,7545783.0
2026-05-28,000660,2189000.0,2305000.0,2151000.0,2289000.0,6229499.0
2026-05-29,000660,2352000.0,2379000.0,2290500.0,2333000.0,8518013.0
2026-06-01,000660,2299000.0,2398000.0,2296000.0,2363000.0,5602897.0
2026-06-02,000660,2376000.0,2407000.0,2259000.0,2360000.0,5837216.0
2026-06-04,000660,2284000.0,2327000.0,2262000.0,2298000.0,3941067.0
2026-06-05,000660,2142000.0,2188000.0,2070000.0,2070000.0,5778751.0
2026-06-08,000660,1856000.0,2072000.0,1855000.0,1911000.0,6610833.0
2026-06-09,000660,2050000.0,2226000.0,1998000.0,2215000.0,5878039.0
2026-06-10,000660,2137000.0,2180000.0,1992000.0,2048000.0,4928269.0
2026-06-11,000660,1975000.0,2163000.0,1960000.0,2101000.0,6625775.0
2026-06-12,000660,2281000.0,2304000.0,2150000.0,2150000.0,5286416.0
2026-06-15,000660,2283000.0,2322000.0,2265000.0,2288000.0,3872910.0
2026-06-16,000660,2381000.0,2400000.0,2286000.0,2382000.0,3644469.0
2026-06-17,000660,2335000.0,2523000.0,2334000.0,2521000.0,3980010.0
2026-06-18,000660,2556000.0,2738000.0,2556000.0,2685000.0,5808765.0
2026-06-19,000660,2824000.0,2891000.0,2688000.0,2764000.0,7478195.0
2026-06-22,000660,2728000.0,2945000.0,2728000.0,2919000.0,5179795.0
2026-06-23,000660,2898000.0,2943000.0,2536000.0,2555000.0,8050335.0
2026-06-24,000660,2598000.0,2703000.0,2453000.0,2580000.0,7487916.0
2026-06-25,000660,2865000.0,2987000.0,2749000.0,2917000.0,6790853.0
2026-06-26,000660,2850000.0,2880000.0,2600000.0,2673000.0,7467492.0
2026-06-29,000660,2636000.0,2688000.0,2517000.0,2628000.0,5217788.0
2026-06-30,000660,2608000.0,2742000.0,2541000.0,2650000.0,5109213.0
2026-07-01,000660,2665000.0,2723000.0,2502000.0,2560000.0,4277276.0
2026-07-02,000660,2351000.0,2448000.0,2187000.0,2187000.0,7685914.0
2026-07-03,000660,2197000.0,2454000.0,2045000.0,2425000.0,7984914.0
2026-07-06,000660,2450000.0,2497000.0,2292000.0,2343000.0,4235360.0
2026-07-07,000660,2289000.0,2343000.0,2080000.0,2201000.0,6351195.0
2026-07-08,000660,2118000.0,2329000.0,2076000.0,2076000.0,6975631.0
2026-07-09,000660,2228000.0,2270000.0,2091000.0,2186000.0,6261504.0
2026-07-10,000660,2296000.0,2305000.0,2166000.0,2180000.0,4827239.0
2026-07-13,000660,2113000.0,2142000.0,1839000.0,1845000.0,8040043.0
2026-07-14,000660,1825000.0,1936000.0,1678000.0,1913000.0,10447011.0
2026-07-15,000660,2120000.0,2171000.0,2070000.0,2082000.0,6046951.0
2026-07-16,000660,1902000.0,1919000.0,1821000.0,1842000.0,5608812.0
2025-01-15,003550,73100.0,73900.0,72000.0,72200.0,161810.0
2025-01-16,003550,72700.0,73200.0,72100.0,73000.0,125941.0
2025-01-17,003550,72900.0,73900.0,72700.0,73100.0,149034.0
2025-01-20,003550,73300.0,74500.0,72900.0,74100.0,106697.0
2025-01-21,003550,74500.0,74700.0,72100.0,72800.0,138856.0
2025-01-22,003550,73400.0,74200.0,72500.0,74000.0,116462.0
2025-01-23,003550,74600.0,74600.0,72900.0,73300.0,96305.0
2025-01-24,003550,73700.0,73900.0,72900.0,73600.0,63437.0
2025-01-31,003550,74300.0,74900.0,73300.0,74900.0,344911.0
2025-02-03,003550,73200.0,73200.0,70700.0,71800.0,338798.0
2025-02-04,003550,72300.0,73100.0,71600.0,72000.0,322998.0
2025-02-05,003550,72400.0,72600.0,71600.0,72100.0,170365.0
2025-02-06,003550,72500.0,73800.0,71900.0,73800.0,107968.0
2025-02-07,003550,73100.0,73800.0,72300.0,72800.0,146754.0
2025-02-10,003550,72700.0,72700.0,69700.0,69700.0,339496.0
2025-02-11,003550,70000.0,70300.0,68000.0,68500.0,254153.0
2025-02-12,003550,68900.0,69100.0,68600.0,68900.0,110666.0
2025-02-13,003550,69300.0,70800.0,68400.0,70800.0,232696.0
2025-02-14,003550,70400.0,70500.0,69600.0,69900.0,165471.0
2025-02-17,003550,69900.0,70100.0,69100.0,69700.0,183587.0
2025-02-18,003550,69400.0,69600.0,68500.0,68900.0,241125.0
2025-02-19,003550,69000.0,70600.0,69000.0,70100.0,237700.0
2025-02-20,003550,69800.0,70500.0,69800.0,70400.0,158777.0
2025-02-21,003550,70600.0,71100.0,70300.0,70600.0,191183.0
2025-02-24,003550,69900.0,70200.0,69600.0,70100.0,218753.0
2025-02-25,003550,69600.0,70300.0,69500.0,69900.0,209772.0
2025-02-26,003550,70100.0,70200.0,69600.0,70100.0,217650.0
2025-02-27,003550,70300.0,70400.0,69500.0,70100.0,260310.0
2025-02-28,003550,69400.0,69600.0,66500.0,66500.0,1226185.0
2025-03-04,003550,66500.0,67200.0,66000.0,66000.0,288284.0
2025-03-05,003550,66500.0,67200.0,66200.0,66600.0,232281.0
2025-03-06,003550,67000.0,67800.0,66700.0,67800.0,203860.0
2025-03-07,003550,67200.0,67700.0,67000.0,67000.0,173859.0
2025-03-10,003550,66700.0,68500.0,66600.0,68200.0,198356.0
2025-03-11,003550,66900.0,68800.0,66900.0,68300.0,337726.0
2025-03-12,003550,67900.0,68300.0,67500.0,67800.0,243666.0
2025-03-13,003550,67600.0,68400.0,67400.0,68000.0,356793.0
2025-03-14,003550,67600.0,67600.0,67000.0,67400.0,265688.0
2025-03-17,003550,67800.0,68800.0,67700.0,68600.0,260197.0
2025-03-18,003550,68300.0,68900.0,68300.0,68800.0,197001.0
2025-03-19,003550,69000.0,71300.0,69000.0,70200.0,460270.0
2025-03-20,003550,70200.0,70500.0,69700.0,70000.0,274683.0
2025-03-21,003550,69900.0,70250.0,69500.0,69700.0,298366.0
2025-03-24,003550,69500.0,69900.0,69300.0,69700.0,155051.0
2025-03-25,003550,67200.0,67800.0,66300.0,67500.0,322748.0
2025-03-26,003550,67500.0,67700.0,67100.0,67200.0,205683.0
2025-03-27,003550,66700.0,67200.0,66500.0,66800.0,214535.0
2025-03-28,003550,67000.0,67050.0,65500.0,65700.0,284292.0
2025-03-31,003550,65100.0,65400.0,64300.0,64600.0,410900.0
2025-04-01,003550,64300.0,65600.0,64100.0,65000.0,176565.0
2025-04-02,003550,65000.0,65500.0,62800.0,63000.0,431950.0
2025-04-03,003550,61500.0,62400.0,60800.0,62300.0,249751.0
2025-04-04,003550,61800.0,62800.0,61200.0,62600.0,169340.0
2025-04-07,003550,60300.0,61300.0,59300.0,60800.0,256374.0
2025-04-08,003550,61100.0,61300.0,59300.0,59800.0,254963.0
2025-04-09,003550,59000.0,59500.0,58300.0,58500.0,217545.0
2025-04-10,003550,60500.0,61100.0,59800.0,60900.0,434751.0
2025-04-11,003550,60100.0,61900.0,59900.0,61500.0,252991.0
2025-04-14,003550,61300.0,62400.0,61200.0,62400.0,88802.0
2025-04-15,003550,62300.0,63300.0,62200.0,62700.0,108922.0
2025-04-16,003550,63000.0,63200.0,62300.0,62700.0,111633.0
2025-04-17,003550,63000.0,63100.0,62200.0,63000.0,73937.0
2025-04-18,003550,62800.0,63300.0,62500.0,63200.0,65217.0
2025-04-21,003550,63200.0,63600.0,62500.0,63200.0,40088.0
2025-04-22,003550,63100.0,63800.0,62700.0,63500.0,108123.0
2025-04-23,003550,64600.0,64900.0,63900.0,64800.0,219416.0
2025-04-24,003550,64500.0,65000.0,64300.0,65000.0,118743.0
2025-04-25,003550,65200.0,65900.0,64900.0,65100.0,133229.0
2025-04-28,003550,64700.0,65800.0,64700.0,65400.0,69411.0
2025-04-29,003550,65500.0,66300.0,65400.0,65500.0,165346.0
2025-04-30,003550,64900.0,66600.0,64800.0,66600.0,221444.0
2025-05-02,003550,66000.0,66900.0,65900.0,66700.0,146528.0
2025-05-07,003550,67800.0,67900.0,65800.0,66300.0,171368.0
2025-05-08,003550,66100.0,67900.0,66000.0,66900.0,220964.0
2025-05-09,003550,67300.0,68300.0,67000.0,67700.0,137689.0
2025-05-12,003550,67900.0,69000.0,67900.0,68700.0,138244.0
2025-05-13,003550,68000.0,68800.0,67500.0,68300.0,123509.0
2025-05-14,003550,68800.0,70200.0,68500.0,70100.0,289925.0
2025-05-15,003550,69400.0,70100.0,68900.0,68900.0,88430.0
2025-05-16,003550,68900.0,69200.0,68200.0,68600.0,99729.0
2025-05-19,003550,68100.0,68800.0,67700.0,68200.0,77165.0
2025-05-20,003550,69200.0,70000.0,68500.0,68800.0,111956.0
2025-05-21,003550,68800.0,69500.0,68300.0,69000.0,102974.0
2025-05-22,003550,68200.0,68700.0,66700.0,66900.0,182385.0
2025-05-23,003550,66600.0,67900.0,66600.0,67500.0,86437.0
2025-05-26,003550,67500.0,68200.0,67100.0,68200.0,151878.0
2025-05-27,003550,67400.0,68100.0,67200.0,67900.0,190740.0
2025-05-28,003550,67300.0,70300.0,66800.0,69600.0,352858.0
2025-05-29,003550,71100.0,74900.0,71000.0,74400.0,883451.0
2025-05-30,003550,73600.0,74200.0,71000.0,71000.0,704286.0
2025-06-02,003550,70800.0,72600.0,70800.0,70800.0,224672.0
2025-06-04,003550,72100.0,75100.0,71900.0,74000.0,592876.0
2025-06-05,003550,75500.0,75900.0,73100.0,74100.0,464049.0
2025-06-09,003550,76000.0,77900.0,75300.0,75700.0,437702.0
2025-06-10,003550,76500.0,76600.0,73900.0,74600.0,345801.0
2025-06-11,003550,74600.0,76100.0,74500.0,75200.0,168492.0
2025-06-12,003550,75300.0,76300.0,74900.0,75600.0,407052.0
2025-06-13,003550,75200.0,76000.0,74600.0,74800.0,279741.0
2025-06-16,003550,74800.0,75800.0,73800.0,75600.0,210903.0
2025-06-17,003550,75100.0,76400.0,74300.0,75000.0,186598.0
2025-06-18,003550,74000.0,76200.0,73700.0,76000.0,285258.0
2025-06-19,003550,75800.0,76900.0,74600.0,75300.0,178623.0
2025-06-20,003550,75300.0,78400.0,75000.0,77500.0,392040.0
2025-06-23,003550,76800.0,84400.0,75700.0,81800.0,1174784.0
2025-06-24,003550,90200.0,91700.0,83800.0,84900.0,1050828.0
2025-06-25,003550,86100.0,86600.0,83500.0,84000.0,444346.0
2025-06-26,003550,83700.0,83800.0,80300.0,81400.0,415548.0
2025-06-27,003550,80500.0,81600.0,79300.0,79700.0,246687.0
2025-06-30,003550,80400.0,81500.0,79100.0,79600.0,312042.0
2025-07-01,003550,81400.0,85900.0,81400.0,83000.0,621623.0
2025-07-02,003550,82800.0,83600.0,80600.0,82200.0,256562.0
2025-07-03,003550,83300.0,84700.0,82100.0,83500.0,309316.0
2025-07-04,003550,83100.0,83200.0,79800.0,79900.0,223487.0
2025-07-07,003550,78800.0,80200.0,78100.0,79600.0,163876.0
2025-07-08,003550,78500.0,79500.0,77500.0,78900.0,663696.0
2025-07-09,003550,78500.0,82800.0,78200.0,82200.0,480441.0
2025-07-10,003550,82600.0,84300.0,81800.0,84000.0,628147.0
2025-07-11,003550,83400.0,84200.0,82400.0,82500.0,199411.0
2025-07-14,003550,81700.0,84400.0,81600.0,82800.0,284775.0
2025-07-15,003550,82000.0,82800.0,81400.0,82300.0,294680.0
2025-07-16,003550,81500.0,84500.0,81400.0,82700.0,339395.0
2025-07-17,003550,83500.0,83500.0,81000.0,82100.0,201653.0
2025-07-18,003550,81700.0,82300.0,80100.0,80700.0,216680.0
2025-07-21,003550,80700.0,81000.0,79700.0,80100.0,243185.0
2025-07-22,003550,80000.0,80600.0,79600.0,79900.0,228425.0
2025-07-23,003550,80800.0,81600.0,79200.0,80100.0,285199.0
2025-07-24,003550,80100.0,81000.0,79200.0,79200.0,229345.0
2025-07-25,003550,78500.0,80100.0,78400.0,79400.0,167876.0
2025-07-28,003550,79100.0,79700.0,77800.0,78600.0,169384.0
2025-07-29,003550,77900.0,79500.0,77500.0,79400.0,175781.0
2025-07-30,003550,78700.0,79800.0,78700.0,79100.0,200350.0
2025-07-31,003550,79200.0,80000.0,78800.0,79200.0,223648.0
2025-08-01,003550,78200.0,78300.0,75100.0,75100.0,277439.0
2025-08-04,003550,75300.0,77300.0,75200.0,76700.0,269175.0
2025-08-05,003550,77000.0,78200.0,76900.0,77500.0,259367.0
2025-08-06,003550,77100.0,78700.0,77100.0,77600.0,128216.0
2025-08-07,003550,77600.0,77900.0,76500.0,77000.0,160327.0
2025-08-08,003550,76700.0,77300.0,76500.0,77000.0,118362.0
2025-08-11,003550,76900.0,76900.0,75200.0,76000.0,161455.0
2025-08-12,003550,75300.0,76000.0,74100.0,74100.0,287032.0
2025-08-13,003550,74400.0,75000.0,73600.0,74600.0,282979.0
2025-08-14,003550,74300.0,75100.0,74100.0,74700.0,345846.0
2025-08-18,003550,73700.0,73900.0,72800.0,73000.0,204060.0
2025-08-19,003550,73100.0,73300.0,72300.0,73200.0,197041.0
2025-08-20,003550,73200.0,73600.0,72300.0,73200.0,352752.0
2025-08-21,003550,73000.0,74200.0,72500.0,72600.0,315615.0
2025-08-22,003550,72600.0,73400.0,71800.0,72100.0,238889.0
2025-08-25,003550,72300.0,73100.0,72300.0,72900.0,212473.0
2025-08-26,003550,72800.0,73000.0,72000.0,72000.0,306533.0
2025-08-27,003550,72200.0,72500.0,71600.0,72000.0,117814.0
2025-08-28,003550,71500.0,76700.0,71500.0,75500.0,698176.0
2025-08-29,003550,76300.0,76400.0,74500.0,74500.0,251363.0
2025-09-01,003550,75400.0,75800.0,74700.0,75100.0,143298.0
2025-09-02,003550,75300.0,76000.0,74800.0,75000.0,108978.0
2025-09-03,003550,74400.0,75400.0,74000.0,75200.0,111821.0
2025-09-04,003550,74800.0,75700.0,74800.0,75500.0,150461.0
2025-09-05,003550,75100.0,75800.0,74900.0,75600.0,160256.0
2025-09-08,003550,75400.0,76200.0,75300.0,75900.0,97090.0
2025-09-09,003550,76500.0,77300.0,76000.0,77200.0,136280.0
2025-09-10,003550,76900.0,78000.0,76800.0,77700.0,225159.0
2025-09-11,003550,77000.0,77400.0,76400.0,77000.0,299737.0
2025-09-12,003550,77400.0,77400.0,75600.0,75800.0,259803.0
2025-09-15,003550,76100.0,77900.0,76100.0,77600.0,227876.0
2025-09-16,003550,77300.0,77400.0,75700.0,75700.0,244712.0
2025-09-17,003550,75500.0,75800.0,74900.0,75200.0,151087.0
2025-09-18,003550,76000.0,77000.0,75600.0,77000.0,256689.0
2025-09-19,003550,76600.0,77000.0,75300.0,75300.0,406783.0
2025-09-22,003550,76400.0,77100.0,75900.0,76000.0,210159.0
2025-09-23,003550,75300.0,76200.0,75200.0,75500.0,134884.0
2025-09-24,003550,75900.0,75900.0,74000.0,74300.0,171604.0
2025-09-25,003550,74500.0,75100.0,74200.0,74500.0,150789.0
2025-09-26,003550,73900.0,74100.0,72300.0,72700.0,266559.0
2025-09-29,003550,73400.0,73800.0,71900.0,72500.0,275161.0
2025-09-30,003550,72500.0,72900.0,71700.0,72000.0,312788.0
2025-10-01,003550,71900.0,72500.0,71000.0,71300.0,212626.0
2025-10-02,003550,72000.0,72600.0,71200.0,72000.0,464369.0
2025-10-10,003550,71500.0,73000.0,71000.0,71300.0,438841.0
2025-10-13,003550,71300.0,71600.0,70100.0,71600.0,308130.0
2025-10-14,003550,71000.0,73000.0,71000.0,72200.0,322450.0
2025-10-15,003550,72200.0,73100.0,72100.0,72600.0,150645.0
2025-10-16,003550,72900.0,74300.0,72900.0,74100.0,272570.0
2025-10-17,003550,73500.0,75000.0,73400.0,73600.0,439155.0
2025-10-20,003550,74100.0,77500.0,73100.0,76900.0,456114.0
2025-10-21,003550,78000.0,78400.0,76600.0,76800.0,265257.0
2025-10-22,003550,77500.0,80500.0,76900.0,80100.0,356813.0
2025-10-23,003550,79700.0,82100.0,79100.0,80800.0,422245.0
2025-10-24,003550,81200.0,81800.0,79400.0,80200.0,289119.0
2025-10-27,003550,80700.0,84000.0,80500.0,83100.0,448780.0
2025-10-28,003550,82900.0,83300.0,81500.0,83100.0,362138.0
2025-10-29,003550,85000.0,85000.0,82000.0,83400.0,243724.0
2025-10-30,003550,83100.0,84200.0,82000.0,82700.0,297620.0
2025-10-31,003550,82000.0,82000.0,79900.0,80300.0,445058.0
2025-11-03,003550,80800.0,82700.0,80500.0,82400.0,395680.0
2025-11-04,003550,82500.0,83000.0,80900.0,81900.0,296946.0
2025-11-05,003550,81900.0,81900.0,77900.0,79700.0,409063.0
2025-11-06,003550,81400.0,89000.0,80000.0,86500.0,1088745.0
2025-11-07,003550,85400.0,85500.0,81200.0,82100.0,465232.0
2025-11-10,003550,84200.0,88000.0,84200.0,85300.0,541729.0
2025-11-11,003550,85900.0,86500.0,83100.0,83800.0,433183.0
2025-11-12,003550,85200.0,86100.0,84300.0,85400.0,323486.0
2025-11-13,003550,86300.0,86400.0,84400.0,84700.0,395482.0
2025-11-14,003550,83900.0,84400.0,82800.0,82900.0,274992.0
2025-11-17,003550,84400.0,85000.0,83200.0,83600.0,194263.0
2025-11-18,003550,82500.0,83900.0,80700.0,80700.0,227821.0
2025-11-19,003550,82100.0,82200.0,79200.0,80300.0,202086.0
2025-11-20,003550,82400.0,82500.0,80600.0,80600.0,190942.0
2025-11-21,003550,79900.0,80000.0,78300.0,79300.0,232718.0
2025-11-24,003550,80400.0,80800.0,77700.0,77700.0,652266.0
2025-11-25,003550,79500.0,80600.0,77700.0,78400.0,216481.0
2025-11-26,003550,79700.0,80600.0,78700.0,79900.0,204881.0
2025-11-27,003550,79700.0,80500.0,78500.0,78900.0,177591.0
2025-11-28,003550,79500.0,80000.0,78300.0,78800.0,455585.0
2025-12-01,003550,79900.0,81500.0,78500.0,79300.0,185392.0
2025-12-02,003550,80000.0,80300.0,79400.0,80000.0,154646.0
2025-12-03,003550,80000.0,82400.0,79800.0,81400.0,249951.0
2025-12-04,003550,81000.0,81500.0,80300.0,81500.0,230133.0
2025-12-05,003550,83200.0,86200.0,83000.0,85600.0,490319.0
2025-12-08,003550,85100.0,85100.0,82900.0,83300.0,213404.0
2025-12-09,003550,83500.0,83700.0,82500.0,83300.0,224855.0
2025-12-10,003550,83700.0,83800.0,82100.0,82500.0,144504.0
2025-12-11,003550,83300.0,83300.0,81600.0,81700.0,329912.0
2025-12-12,003550,82400.0,84300.0,82300.0,84000.0,343974.0
2025-12-15,003550,82600.0,84500.0,82100.0,83500.0,315324.0
2025-12-16,003550,84000.0,86500.0,83400.0,84600.0,1200824.0
2025-12-17,003550,85400.0,85400.0,83300.0,83900.0,233563.0
2025-12-18,003550,82500.0,82800.0,81000.0,81000.0,177145.0
2025-12-19,003550,82200.0,82800.0,80600.0,81700.0,195432.0
2025-12-22,003550,82400.0,82800.0,81800.0,82800.0,146480.0
2025-12-23,003550,83100.0,83700.0,82000.0,82300.0,102286.0
2025-12-24,003550,82700.0,83100.0,82200.0,82800.0,86725.0
2025-12-26,003550,82800.0,82800.0,81500.0,81500.0,90549.0
2025-12-29,003550,80300.0,81500.0,79000.0,81500.0,113143.0
2025-12-30,003550,79900.0,81200.0,79800.0,80700.0,152542.0
2026-01-02,003550,81100.0,81200.0,80200.0,81000.0,128437.0
2026-01-05,003550,81300.0,82700.0,81000.0,81500.0,172391.0
2026-01-06,003550,82000.0,84300.0,82000.0,84300.0,275108.0
2026-01-07,003550,83200.0,83900.0,81500.0,82200.0,261237.0
2026-01-08,003550,81600.0,82100.0,80400.0,81400.0,407272.0
2026-01-09,003550,81300.0,81700.0,79500.0,80300.0,197295.0
2026-01-12,003550,80500.0,80500.0,78600.0,80000.0,205910.0
2026-01-13,003550,80400.0,81200.0,79800.0,81200.0,219309.0
2026-01-14,003550,81500.0,83600.0,80800.0,82900.0,253087.0
2026-01-15,003550,83000.0,85000.0,82800.0,84800.0,284458.0
2026-01-16,003550,87700.0,92400.0,84100.0,87500.0,958212.0
2026-01-19,003550,86700.0,89400.0,85800.0,89000.0,334512.0
2026-01-20,003550,89700.0,90400.0,87200.0,89200.0,261248.0
2026-01-21,003550,87900.0,88400.0,86900.0,87900.0,219189.0
2026-01-22,003550,88500.0,90800.0,88400.0,88700.0,291679.0
2026-01-23,003550,89000.0,94600.0,88800.0,93300.0,581939.0
2026-01-26,003550,93700.0,94000.0,89200.0,89600.0,365954.0
2026-01-27,003550,90000.0,91600.0,88700.0,91100.0,229716.0
2026-01-28,003550,91700.0,92800.0,90500.0,91400.0,292823.0
2026-01-29,003550,91300.0,93300.0,88100.0,92400.0,500167.0
2026-01-30,003550,91700.0,92900.0,90000.0,91700.0,545987.0
2026-02-02,003550,91000.0,91000.0,87400.0,87900.0,381943.0
2026-02-03,003550,90400.0,91500.0,89700.0,91500.0,267336.0
2026-02-04,003550,91400.0,93800.0,90800.0,93500.0,344998.0
2026-02-05,003550,93500.0,95100.0,92000.0,92800.0,314054.0
2026-02-06,003550,90300.0,90600.0,88100.0,89700.0,344839.0
2026-02-09,003550,92200.0,93300.0,90600.0,91600.0,335634.0
2026-02-10,003550,92500.0,94300.0,91400.0,92900.0,250517.0
2026-02-11,003550,93900.0,99800.0,93300.0,98300.0,749002.0
2026-02-12,003550,98900.0,99000.0,95000.0,96200.0,437684.0
2026-02-13,003550,95400.0,96800.0,93300.0,95700.0,301623.0
2026-02-19,003550,98000.0,98200.0,95800.0,95800.0,266090.0
2026-02-20,003550,95900.0,98500.0,95900.0,98500.0,285179.0
2026-02-23,003550,100000.0,101600.0,98500.0,99500.0,530374.0
2026-02-24,003550,99600.0,100400.0,97600.0,100000.0,312987.0
2026-02-25,003550,99900.0,101400.0,99000.0,99900.0,521653.0
2026-02-26,003550,100400.0,104200.0,100300.0,103400.0,816768.0
2026-02-27,003550,103300.0,107700.0,102000.0,107700.0,991696.0
2026-03-03,003550,107700.0,107800.0,100300.0,102500.0,684949.0
2026-03-04,003550,99200.0,99400.0,89300.0,91300.0,854623.0
2026-03-05,003550,96800.0,98600.0,93900.0,96800.0,538142.0
2026-03-06,003550,93600.0,96400.0,92200.0,94000.0,316087.0
2026-03-09,003550,88400.0,90000.0,87000.0,89300.0,396793.0
2026-03-10,003550,92700.0,94300.0,91300.0,94100.0,424245.0
2026-03-11,003550,95400.0,96500.0,92500.0,93300.0,399693.0
2026-03-12,003550,91800.0,92800.0,90500.0,92800.0,319085.0
2026-03-13,003550,89600.0,91200.0,89400.0,90000.0,271909.0
2026-03-16,003550,90200.0,91700.0,88600.0,88600.0,318503.0
2026-03-17,003550,89700.0,91300.0,89300.0,91000.0,199943.0
2026-03-18,003550,91900.0,94300.0,91500.0,93200.0,255848.0
2026-03-19,003550,90500.0,91600.0,90000.0,90500.0,180729.0
2026-03-20,003550,91400.0,95500.0,91200.0,95500.0,336146.0
2026-03-23,003550,91200.0,91300.0,85500.0,86800.0,439097.0
2026-03-24,003550,90200.0,90200.0,85200.0,87500.0,219494.0
2026-03-25,003550,89600.0,89900.0,87800.0,88800.0,269852.0
2026-03-26,003550,89000.0,89200.0,87300.0,87500.0,205366.0
2026-03-27,003550,85800.0,89100.0,84800.0,89000.0,310858.0
2026-03-30,003550,84400.0,85600.0,83400.0,84800.0,244299.0
2026-03-31,003550,83200.0,84500.0,81800.0,82800.0,424383.0
2026-04-01,003550,86900.0,88500.0,85000.0,87200.0,333995.0
2026-04-02,003550,87600.0,89000.0,84100.0,84800.0,250668.0
2026-04-03,003550,86400.0,87800.0,85900.0,86500.0,178655.0
2026-04-06,003550,86500.0,89500.0,85900.0,88400.0,160578.0
2026-04-07,003550,87300.0,89400.0,86400.0,87600.0,210941.0
2026-04-08,003550,92400.0,93000.0,90000.0,91800.0,292549.0
2026-04-09,003550,90200.0,91000.0,89300.0,90600.0,294190.0
2026-04-10,003550,90900.0,93800.0,90900.0,93000.0,258727.0
2026-04-13,003550,91700.0,92000.0,90500.0,91000.0,227644.0
2026-04-14,003550,91900.0,92500.0,91400.0,91400.0,297723.0
2026-04-15,003550,92600.0,94000.0,92500.0,93300.0,263955.0
2026-04-16,003550,93600.0,94500.0,93400.0,93800.0,207370.0
2026-04-17,003550,94800.0,95000.0,93700.0,94800.0,209232.0
2026-04-20,003550,94800.0,95000.0,93300.0,93500.0,131110.0
2026-04-21,003550,93600.0,95700.0,93600.0,95000.0,228648.0
2026-04-22,003550,93800.0,97600.0,93600.0,95700.0,265866.0
2026-04-23,003550,98800.0,98900.0,94200.0,97400.0,260000.0
2026-04-24,003550,97400.0,97800.0,95800.0,96000.0,170339.0
2026-04-27,003550,96400.0,96700.0,95300.0,95500.0,160162.0
2026-04-28,003550,98000.0,100900.0,97600.0,98200.0,241155.0
2026-04-29,003550,98200.0,98900.0,97500.0,98300.0,191794.0
2026-04-30,003550,98200.0,102700.0,98200.0,99100.0,363782.0
2026-05-04,003550,101100.0,102800.0,100600.0,102300.0,316922.0
2026-05-06,003550,102500.0,105300.0,102000.0,103000.0,422602.0
2026-05-07,003550,106000.0,107500.0,101800.0,104600.0,436723.0
2026-05-08,003550,106900.0,109600.0,101050.0,108900.0,564509.0
2026-05-11,003550,109900.0,111400.0,104600.0,105100.0,372413.0
2026-05-12,003550,106200.0,118400.0,106000.0,110400.0,882185.0
2026-05-13,003550,113000.0,113700.0,104000.0,108700.0,352349.0
2026-05-14,003550,111600.0,117500.0,110100.0,117000.0,541046.0
2026-05-15,003550,151400.0,152100.0,124200.0,126000.0,2619097.0
2026-05-18,003550,132000.0,132400.0,114000.0,115400.0,1001762.0
2026-05-19,003550,111400.0,112000.0,103000.0,105300.0,805983.0
2026-05-20,003550,104100.0,104500.0,99900.0,103100.0,630013.0
2026-05-21,003550,104500.0,127800.0,104500.0,123000.0,2152398.0
2026-05-22,003550,119300.0,120400.0,116000.0,118500.0,964733.0
2026-05-26,003550,123600.0,125000.0,119400.0,122700.0,600911.0
2026-05-27,003550,122900.0,123300.0,116700.0,118200.0,650416.0
2026-05-28,003550,118000.0,119400.0,112000.0,115800.0,521053.0
2026-05-29,003550,123600.0,149700.0,121000.0,146600.0,6182816.0
2026-06-01,003550,158900.0,185900.0,157700.0,165800.0,5334354.0
2026-06-02,003550,152700.0,154200.0,133100.0,140000.0,1938263.0
2026-06-04,003550,131000.0,133600.0,123000.0,129900.0,1001639.0
2026-06-05,003550,120600.0,124900.0,116500.0,122900.0,932545.0
2026-06-08,003550,104100.0,116600.0,104100.0,113900.0,851054.0
2026-06-09,003550,114000.0,116600.0,104100.0,112600.0,1059543.0
2026-06-10,003550,107300.0,113700.0,105400.0,108700.0,592335.0
2026-06-11,003550,103400.0,107500.0,99600.0,107500.0,1265292.0
2026-06-12,003550,111500.0,113000.0,104900.0,106500.0,625728.0
2026-06-15,003550,109400.0,118400.0,108800.0,118400.0,640825.0
2026-06-16,003550,118000.0,118200.0,112800.0,114100.0,1368152.0
2026-06-17,003550,113000.0,115000.0,110100.0,112500.0,396947.0
2026-06-18,003550,111400.0,112000.0,108300.0,109900.0,422580.0
2026-06-19,003550,109200.0,111100.0,103500.0,108900.0,766676.0
2026-06-22,003550,112500.0,114500.0,108000.0,109900.0,521402.0
2026-06-23,003550,110200.0,111400.0,98500.0,98600.0,577836.0
2026-06-24,003550,99800.0,101000.0,96600.0,99200.0,399690.0
2026-06-25,003550,100600.0,102700.0,98100.0,99400.0,434984.0
2026-06-26,003550,99700.0,102500.0,93900.0,98600.0,603084.0
2026-06-29,003550,99500.0,101900.0,96700.0,100800.0,332815.0
2026-06-30,003550,103500.0,103500.0,97300.0,97300.0,494549.0
2026-07-01,003550,98600.0,98600.0,93700.0,96600.0,440694.0
2026-07-02,003550,94400.0,101400.0,93200.0,99000.0,476873.0
2026-07-03,003550,100900.0,101600.0,96900.0,101100.0,341976.0
2026-07-06,003550,101500.0,105000.0,100400.0,101200.0,312514.0
2026-07-07,003550,101700.0,102300.0,98000.0,102300.0,467641.0
2026-07-08,003550,101700.0,107900.0,100500.0,102500.0,536197.0
2026-07-09,003550,103500.0,104300.0,97200.0,101300.0,555287.0
2026-07-10,003550,102200.0,106800.0,100600.0,101300.0,325670.0
2026-07-13,003550,102300.0,107200.0,98400.0,99300.0,449556.0
2026-07-14,003550,100000.0,100000.0,94600.0,96400.0,505310.0
2026-07-15,003550,99000.0,102400.0,99000.0,102400.0,336248.0
2026-07-16,003550,99800.0,102300.0,98000.0,98800.0,244041.0
2025-01-15,005380,222000.0,224000.0,220500.0,220500.0,492913.0
2025-01-16,005380,223000.0,224000.0,218000.0,219000.0,435312.0
2025-01-17,005380,217500.0,218000.0,211000.0,211500.0,813817.0
2025-01-20,005380,211000.0,212000.0,207500.0,208500.0,571176.0
2025-01-21,005380,210500.0,213000.0,206500.0,206500.0,833996.0
2025-01-22,005380,207500.0,210000.0,206500.0,208500.0,832710.0
2025-01-23,005380,208000.0,213500.0,205500.0,209000.0,1032782.0
2025-01-24,005380,208000.0,208500.0,203000.0,205000.0,1077548.0
2025-01-31,005380,204500.0,207500.0,200000.0,206000.0,986621.0
2025-02-03,005380,201000.0,203500.0,200000.0,202000.0,911137.0
2025-02-04,005380,205000.0,208500.0,201000.0,201000.0,841947.0
2025-02-05,005380,201500.0,206500.0,201000.0,204500.0,710413.0
2025-02-06,005380,206000.0,207000.0,203000.0,203500.0,605308.0
2025-02-07,005380,203500.0,204500.0,200000.0,200500.0,834221.0
2025-02-10,005380,199500.0,201000.0,197700.0,199400.0,992303.0
2025-02-11,005380,199500.0,202500.0,198500.0,199400.0,842452.0
2025-02-12,005380,199000.0,200500.0,198100.0,198100.0,567219.0
2025-02-13,005380,202500.0,210000.0,202000.0,208500.0,1493929.0
2025-02-14,005380,208000.0,210000.0,205500.0,206000.0,823619.0
2025-02-17,005380,201000.0,202500.0,199500.0,199800.0,894545.0
2025-02-18,005380,200000.0,201500.0,198900.0,200500.0,560363.0
2025-02-19,005380,198900.0,204500.0,198800.0,204000.0,854114.0
2025-02-20,005380,202500.0,204000.0,201500.0,203000.0,354026.0
2025-02-21,005380,209000.0,211000.0,204000.0,206000.0,713842.0
2025-02-24,005380,204000.0,207000.0,203500.0,207000.0,497135.0
2025-02-25,005380,205000.0,205000.0,202000.0,202500.0,651155.0
2025-02-26,005380,203500.0,207000.0,203000.0,205000.0,750341.0
2025-02-27,005380,200500.0,201000.0,199300.0,200500.0,890406.0
2025-02-28,005380,198600.0,198800.0,193000.0,193000.0,1187503.0
2025-03-04,005380,190000.0,195100.0,189200.0,190300.0,592292.0
2025-03-05,005380,191800.0,197000.0,191800.0,194700.0,798748.0
2025-03-06,005380,199200.0,201000.0,196500.0,197600.0,659716.0
2025-03-07,005380,194800.0,197200.0,194100.0,196600.0,574321.0
2025-03-10,005380,196600.0,198600.0,195200.0,197400.0,318730.0
2025-03-11,005380,194500.0,196000.0,192700.0,195600.0,456616.0
2025-03-12,005380,195800.0,198200.0,195000.0,198200.0,351293.0
2025-03-13,005380,199300.0,201000.0,196200.0,201000.0,578677.0
2025-03-14,005380,199800.0,200500.0,197500.0,198500.0,473953.0
2025-03-17,005380,198400.0,199000.0,195300.0,199000.0,369290.0
2025-03-18,005380,199500.0,202000.0,199300.0,200500.0,505699.0
2025-03-19,005380,201000.0,204000.0,199000.0,204000.0,520541.0
2025-03-20,005380,204500.0,205000.0,201500.0,202500.0,635938.0
2025-03-21,005380,201500.0,205000.0,201000.0,205000.0,552626.0
2025-03-24,005380,204500.0,216000.0,203500.0,213000.0,1212302.0
2025-03-25,005380,228500.0,229000.0,218500.0,220000.0,2097056.0
2025-03-26,005380,224000.0,227500.0,220500.0,222000.0,1220193.0
2025-03-27,005380,215000.0,216500.0,212000.0,212500.0,1027562.0
2025-03-28,005380,208000.0,209500.0,202500.0,205000.0,1003500.0
2025-03-31,005380,199900.0,201000.0,196800.0,197200.0,936571.0
2025-04-01,005380,199000.0,200500.0,196100.0,198600.0,641043.0
2025-04-02,005380,198800.0,199100.0,195800.0,196300.0,615215.0
2025-04-03,005380,191000.0,194500.0,189100.0,193800.0,954824.0
2025-04-04,005380,191300.0,196500.0,189600.0,191800.0,810211.0
2025-04-07,005380,184700.0,185300.0,178900.0,179100.0,1244441.0
2025-04-08,005380,181400.0,183800.0,177500.0,179200.0,1082825.0
2025-04-09,005380,177500.0,180900.0,177300.0,178000.0,689621.0
2025-04-10,005380,191700.0,192900.0,186500.0,187000.0,1426032.0
2025-04-11,005380,181800.0,183000.0,175800.0,177500.0,1647599.0
2025-04-14,005380,178400.0,180300.0,177500.0,179300.0,536959.0
2025-04-15,005380,185400.0,189200.0,183700.0,187000.0,1052017.0
2025-04-16,005380,185200.0,186400.0,181300.0,181700.0,593391.0
2025-04-17,005380,182600.0,184600.0,181500.0,181700.0,522233.0
2025-04-18,005380,182800.0,188300.0,181200.0,187200.0,664774.0
2025-04-21,005380,187500.0,188800.0,185500.0,187300.0,352360.0
2025-04-22,005380,186100.0,187700.0,185200.0,185600.0,392723.0
2025-04-23,005380,188900.0,190400.0,187400.0,190000.0,607448.0
2025-04-24,005380,191100.0,191200.0,186500.0,188900.0,642753.0
2025-04-25,005380,191000.0,191000.0,188600.0,188800.0,528739.0
2025-04-28,005380,188100.0,190100.0,187000.0,189000.0,450993.0
2025-04-29,005380,192700.0,194000.0,189700.0,192800.0,594224.0
2025-04-30,005380,192700.0,193300.0,190200.0,190600.0,429791.0
2025-05-02,005380,190200.0,190500.0,188200.0,189400.0,464020.0
2025-05-07,005380,191400.0,191400.0,186500.0,187600.0,666181.0
2025-05-08,005380,187600.0,188900.0,187100.0,187100.0,543972.0
2025-05-09,005380,191200.0,193400.0,189500.0,189900.0,514047.0
2025-05-12,005380,191900.0,195800.0,191400.0,195800.0,569602.0
2025-05-13,005380,197400.0,198000.0,195100.0,196700.0,462830.0
2025-05-14,005380,197200.0,198300.0,194300.0,197100.0,557318.0
2025-05-15,005380,195200.0,196900.0,192200.0,192900.0,469355.0
2025-05-16,005380,193300.0,194700.0,193000.0,193800.0,311743.0
2025-05-19,005380,193000.0,193000.0,190000.0,191000.0,378893.0
2025-05-20,005380,192800.0,194100.0,189500.0,189500.0,422756.0
2025-05-21,005380,189500.0,190350.0,187400.0,188000.0,558502.0
2025-05-22,005380,187000.0,187000.0,181900.0,182400.0,982354.0
2025-05-23,005380,182400.0,182500.0,179300.0,179900.0,829741.0
2025-05-26,005380,180100.0,183000.0,179700.0,181900.0,623947.0
2025-05-27,005380,180700.0,181900.0,180300.0,181900.0,502985.0
2025-05-28,005380,182400.0,186300.0,182400.0,185900.0,611926.0
2025-05-29,005380,189600.0,193000.0,186300.0,191000.0,1093538.0
2025-05-30,005380,187400.0,187500.0,185300.0,185300.0,781444.0
2025-06-02,005380,184600.0,185500.0,183100.0,184000.0,538182.0
2025-06-04,005380,185100.0,186500.0,184100.0,186000.0,577325.0
2025-06-05,005380,186000.0,193000.0,186000.0,189600.0,797915.0
2025-06-09,005380,192900.0,198400.0,192300.0,197800.0,1665140.0
2025-06-10,005380,201000.0,201500.0,195800.0,197000.0,998951.0
2025-06-11,005380,199100.0,201500.0,199000.0,201000.0,649618.0
2025-06-12,005380,201500.0,204500.0,200500.0,201500.0,885521.0
2025-06-13,005380,199400.0,199800.0,196800.0,199000.0,933606.0
2025-06-16,005380,198300.0,202000.0,196200.0,201500.0,500547.0
2025-06-17,005380,202500.0,208000.0,200500.0,205000.0,950447.0
2025-06-18,005380,202500.0,207000.0,200500.0,206000.0,575644.0
2025-06-19,005380,209500.0,211500.0,205500.0,207000.0,538891.0
2025-06-20,005380,208000.0,210500.0,205500.0,210000.0,662635.0
2025-06-23,005380,205500.0,206000.0,200500.0,201500.0,935001.0
2025-06-24,005380,206500.0,208000.0,203000.0,206000.0,718116.0
2025-06-25,005380,206500.0,221500.0,206000.0,217000.0,1789517.0
2025-06-26,005380,214500.0,215000.0,208000.0,209500.0,814616.0
2025-06-27,005380,211000.0,211000.0,203000.0,205000.0,764378.0
2025-06-30,005380,204500.0,207000.0,203500.0,203500.0,492507.0
2025-07-01,005380,204000.0,214500.0,203500.0,210000.0,1059697.0
2025-07-02,005380,215000.0,218000.0,210000.0,213500.0,1058819.0
2025-07-03,005380,215000.0,217000.0,211500.0,214500.0,562758.0
2025-07-04,005380,214500.0,216500.0,210000.0,210500.0,415693.0
2025-07-07,005380,210000.0,210500.0,207000.0,208500.0,398058.0
2025-07-08,005380,207000.0,211500.0,205500.0,211000.0,499225.0
2025-07-09,005380,208500.0,209500.0,205500.0,209500.0,524731.0
2025-07-10,005380,210000.0,211500.0,205500.0,208000.0,719453.0
2025-07-11,005380,209000.0,211500.0,207500.0,208000.0,592335.0
2025-07-14,005380,208500.0,218000.0,208000.0,217000.0,1241993.0
2025-07-15,005380,217000.0,217500.0,209500.0,211000.0,1111748.0
2025-07-16,005380,211000.0,211000.0,207500.0,207500.0,492782.0
2025-07-17,005380,208500.0,212000.0,205500.0,210000.0,611349.0
2025-07-18,005380,210000.0,212500.0,208500.0,210500.0,317353.0
2025-07-21,005380,209500.0,210500.0,208000.0,209000.0,460835.0
2025-07-22,005380,209000.0,209500.0,204500.0,206500.0,441603.0
2025-07-23,005380,213000.0,223000.0,213000.0,222000.0,2832242.0
2025-07-24,005380,221000.0,225500.0,214500.0,217500.0,1417925.0
2025-07-25,005380,215000.0,221000.0,214000.0,216500.0,665815.0
2025-07-28,005380,221500.0,222500.0,216000.0,218500.0,692799.0
2025-07-29,005380,217500.0,218500.0,214000.0,218000.0,646415.0
2025-07-30,005380,215500.0,228000.0,215500.0,223000.0,1239327.0
2025-07-31,005380,233000.0,233000.0,212000.0,213000.0,2956498.0
2025-08-01,005380,211000.0,215500.0,210000.0,210000.0,1083280.0
2025-08-04,005380,210000.0,212500.0,207000.0,211000.0,651682.0
2025-08-05,005380,213000.0,215000.0,209500.0,210500.0,480510.0
2025-08-06,005380,209000.0,211500.0,208500.0,210500.0,385330.0
2025-08-07,005380,213500.0,215000.0,211000.0,212500.0,421547.0
2025-08-08,005380,212500.0,214000.0,211500.0,212500.0,440664.0
2025-08-11,005380,213000.0,213500.0,211500.0,212500.0,298656.0
2025-08-12,005380,212000.0,216000.0,211500.0,213000.0,347183.0
2025-08-13,005380,215500.0,216000.0,214000.0,216000.0,377571.0
2025-08-14,005380,216000.0,219000.0,216000.0,217500.0,546695.0
2025-08-18,005380,217500.0,218000.0,215000.0,216500.0,405813.0
2025-08-19,005380,216500.0,219000.0,215000.0,219000.0,442222.0
2025-08-20,005380,218500.0,222000.0,217500.0,220500.0,784564.0
2025-08-21,005380,221000.0,224500.0,220500.0,221500.0,601284.0
2025-08-22,005380,222000.0,223500.0,219500.0,220000.0,401067.0
2025-08-25,005380,221500.0,222000.0,217500.0,222000.0,419600.0
2025-08-26,005380,220500.0,222000.0,217500.0,218500.0,806670.0
2025-08-27,005380,219000.0,221000.0,218500.0,220000.0,337163.0
2025-08-28,005380,218500.0,225000.0,218000.0,222000.0,734689.0
2025-08-29,005380,223000.0,224500.0,218500.0,220000.0,606655.0
2025-09-01,005380,220500.0,223000.0,219000.0,220500.0,504672.0
2025-09-02,005380,221000.0,221000.0,217000.0,220000.0,365383.0
2025-09-03,005380,218500.0,223500.0,218500.0,221500.0,459718.0
2025-09-04,005380,221000.0,221500.0,219500.0,221500.0,249504.0
2025-09-05,005380,222000.0,222500.0,219500.0,220000.0,245652.0
2025-09-08,005380,218000.0,218500.0,215500.0,218500.0,382254.0
2025-09-09,005380,219500.0,220500.0,218500.0,219000.0,407652.0
2025-09-10,005380,219500.0,222000.0,219000.0,220500.0,427432.0
2025-09-11,005380,221500.0,223000.0,219000.0,223000.0,569436.0
2025-09-12,005380,222500.0,224000.0,220500.0,223500.0,666184.0
2025-09-15,005380,221500.0,221500.0,215000.0,215000.0,1712249.0
2025-09-16,005380,216000.0,216500.0,215000.0,215000.0,492855.0
2025-09-17,005380,216000.0,216500.0,215000.0,216000.0,412548.0
2025-09-18,005380,216500.0,218500.0,215000.0,218500.0,652885.0
2025-09-19,005380,218000.0,218500.0,212000.0,214000.0,1301527.0
2025-09-22,005380,215000.0,219000.0,214500.0,218000.0,499195.0
2025-09-23,005380,217500.0,220000.0,217500.0,219000.0,473760.0
2025-09-24,005380,218000.0,219500.0,216500.0,217500.0,383310.0
2025-09-25,005380,217000.0,217500.0,215500.0,217000.0,509882.0
2025-09-26,005380,215000.0,215500.0,213000.0,214500.0,448652.0
2025-09-29,005380,215500.0,216500.0,214000.0,215000.0,339105.0
2025-09-30,005380,214000.0,216000.0,214000.0,215000.0,339691.0
2025-10-01,005380,215500.0,217000.0,215000.0,215500.0,297048.0
2025-10-02,005380,216500.0,223000.0,216500.0,220000.0,1099674.0
2025-10-10,005380,219000.0,220250.0,216500.0,217000.0,779161.0
2025-10-13,005380,214500.0,219500.0,214000.0,218500.0,544349.0
2025-10-14,005380,218500.0,225000.0,218000.0,223000.0,885802.0
2025-10-15,005380,223000.0,224000.0,220000.0,223500.0,670710.0
2025-10-16,005380,237000.0,245000.0,234000.0,242000.0,2115204.0
2025-10-17,005380,241000.0,246000.0,239500.0,243000.0,994190.0
2025-10-20,005380,251500.0,252000.0,241500.0,248000.0,1155423.0
2025-10-21,005380,252000.0,267000.0,251500.0,256500.0,2002410.0
2025-10-22,005380,265000.0,265000.0,254500.0,261000.0,1060973.0
2025-10-23,005380,256500.0,258500.0,251000.0,252000.0,909720.0
2025-10-24,005380,253500.0,254000.0,248000.0,252500.0,775983.0
2025-10-27,005380,253500.0,259500.0,253000.0,254500.0,763121.0
2025-10-28,005380,253500.0,253500.0,249000.0,250500.0,677447.0
2025-10-29,005380,254500.0,259500.0,251000.0,258000.0,937830.0
2025-10-30,005380,287500.0,289500.0,263000.0,265000.0,2958411.0
2025-10-31,005380,273500.0,294000.0,270500.0,290000.0,3631736.0
2025-11-03,005380,297500.0,298000.0,288000.0,291500.0,1498016.0
2025-11-04,005380,286500.0,288500.0,276000.0,276000.0,1416294.0
2025-11-05,005380,270000.0,271500.0,259000.0,268500.0,1420277.0
2025-11-06,005380,274500.0,275000.0,264500.0,269000.0,686561.0
2025-11-07,005380,261000.0,267000.0,259500.0,264000.0,666772.0
2025-11-10,005380,266500.0,274000.0,265000.0,270500.0,692464.0
2025-11-11,005380,272500.0,274000.0,267500.0,269000.0,494203.0
2025-11-12,005380,271500.0,278500.0,269500.0,275500.0,807526.0
2025-11-13,005380,273000.0,279000.0,272500.0,278500.0,681153.0
2025-11-14,005380,272500.0,278000.0,272000.0,272500.0,579023.0
2025-11-17,005380,275500.0,275500.0,271500.0,271500.0,384305.0
2025-11-18,005380,269000.0,271500.0,263500.0,264500.0,475705.0
2025-11-19,005380,272000.0,272000.0,261500.0,264000.0,413452.0
2025-11-20,005380,267000.0,267500.0,262000.0,262000.0,501196.0
2025-11-21,005380,255000.0,261000.0,254500.0,259500.0,538414.0
2025-11-24,005380,262000.0,262000.0,257500.0,257500.0,610389.0
2025-11-25,005380,261000.0,262000.0,256500.0,257500.0,390393.0
2025-11-26,005380,260500.0,262000.0,259500.0,261500.0,402781.0
2025-11-27,005380,261500.0,262500.0,259500.0,261500.0,289061.0
2025-11-28,005380,261500.0,265500.0,259000.0,261500.0,511004.0
2025-12-01,005380,261000.0,261500.0,253500.0,254500.0,555473.0
2025-12-02,005380,257500.0,267500.0,257000.0,266000.0,1084944.0
2025-12-03,005380,266500.0,267500.0,263000.0,266500.0,483994.0
2025-12-04,005380,273000.0,284500.0,270000.0,283500.0,1994134.0
2025-12-05,005380,282000.0,316500.0,280000.0,315000.0,3892799.0
2025-12-08,005380,321000.0,321000.0,308500.0,315500.0,1913789.0
2025-12-09,005380,308000.0,312000.0,301500.0,307000.0,1229611.0
2025-12-10,005380,304500.0,306000.0,297500.0,302500.0,1173271.0
2025-12-11,005380,304000.0,306500.0,295500.0,295500.0,1465528.0
2025-12-12,005380,299000.0,303000.0,295500.0,301500.0,827283.0
2025-12-15,005380,296500.0,297500.0,293500.0,293500.0,798990.0
2025-12-16,005380,296500.0,301500.0,284500.0,286000.0,1264096.0
2025-12-17,005380,288000.0,288500.0,284000.0,286000.0,686802.0
2025-12-18,005380,280500.0,285000.0,280000.0,282500.0,705877.0
2025-12-19,005380,285500.0,288500.0,278500.0,288500.0,1210816.0
2025-12-22,005380,290500.0,290500.0,285000.0,289000.0,676748.0
2025-12-23,005380,290500.0,292500.0,285500.0,287000.0,699584.0
2025-12-24,005380,289000.0,300000.0,287000.0,289000.0,1295368.0
2025-12-26,005380,292000.0,292000.0,285000.0,286000.0,847245.0
2025-12-29,005380,284500.0,294000.0,282500.0,293500.0,697450.0
2025-12-30,005380,291000.0,297500.0,289500.0,296500.0,628188.0
2026-01-02,005380,299500.0,302000.0,293000.0,298500.0,955205.0
2026-01-05,005380,302500.0,310000.0,302000.0,304500.0,1292161.0
2026-01-06,005380,318000.0,330000.0,304000.0,308000.0,3346949.0
2026-01-07,005380,314000.0,362000.0,313000.0,350500.0,7764177.0
2026-01-08,005380,361000.0,361000.0,338000.0,340500.0,3053301.0
2026-01-09,005380,349000.0,369000.0,340000.0,366000.0,3104258.0
2026-01-12,005380,383000.0,383500.0,358500.0,367000.0,3027809.0
2026-01-13,005380,380500.0,413500.0,378000.0,406000.0,5463622.0
2026-01-14,005380,406500.0,413500.0,398000.0,411500.0,2861932.0
2026-01-15,005380,409500.0,425000.0,405000.0,422000.0,2864894.0
2026-01-16,005380,426500.0,426500.0,408000.0,413000.0,2589883.0
2026-01-19,005380,420000.0,487000.0,419500.0,480000.0,5990850.0
2026-01-20,005380,494000.0,496500.0,460500.0,479000.0,5235613.0
2026-01-21,005380,468000.0,551000.0,467500.0,549000.0,7830202.0
2026-01-22,005380,586000.0,590000.0,525000.0,529000.0,7176207.0
2026-01-23,005380,530000.0,543000.0,500000.0,510000.0,4774169.0
2026-01-26,005380,499000.0,515000.0,490000.0,492500.0,3680159.0
2026-01-27,005380,473000.0,499000.0,469000.0,488500.0,4492400.0
2026-01-28,005380,505000.0,506000.0,490500.0,492500.0,2514604.0
2026-01-29,005380,501000.0,529000.0,494000.0,528000.0,5431226.0
2026-01-30,005380,516000.0,517000.0,500000.0,500000.0,3032673.0
2026-02-02,005380,486000.0,507000.0,473000.0,478000.0,2652237.0
2026-02-03,005380,487000.0,495000.0,473000.0,491500.0,2275995.0
2026-02-04,005380,502000.0,518000.0,497500.0,504000.0,1706630.0
2026-02-05,005380,492500.0,508000.0,483500.0,488500.0,1653286.0
2026-02-06,005380,469500.0,473000.0,452000.0,467500.0,2023516.0
2026-02-09,005380,484000.0,485000.0,473000.0,478000.0,1518143.0
2026-02-10,005380,499000.0,505000.0,479000.0,480500.0,1738747.0
2026-02-11,005380,480500.0,515000.0,477000.0,509000.0,3270111.0
2026-02-12,005380,512000.0,512000.0,498000.0,506000.0,1733637.0
2026-02-13,005380,499500.0,509500.0,497500.0,499000.0,1147006.0
2026-02-19,005380,504000.0,523000.0,495500.0,513000.0,1907584.0
2026-02-20,005380,516000.0,516000.0,504000.0,509000.0,1251835.0
2026-02-23,005380,524000.0,541000.0,517000.0,523000.0,2094265.0
2026-02-24,005380,522000.0,530000.0,505000.0,524000.0,1490869.0
2026-02-25,005380,535000.0,584000.0,532000.0,572000.0,4149696.0
2026-02-26,005380,574000.0,618000.0,563000.0,609000.0,2894222.0
2026-02-27,005380,592000.0,687000.0,590000.0,674000.0,4354409.0
2026-03-03,005380,654000.0,658000.0,594000.0,595000.0,3763225.0
2026-03-04,005380,560000.0,593000.0,497500.0,501000.0,4855346.0
2026-03-05,005380,565000.0,582000.0,540000.0,548000.0,2663493.0
2026-03-06,005380,532000.0,564000.0,530000.0,553000.0,1582300.0
2026-03-09,005380,504000.0,511000.0,491000.0,507000.0,1913094.0
2026-03-10,005380,538000.0,541000.0,519000.0,525000.0,1270933.0
2026-03-11,005380,550000.0,561000.0,523000.0,530000.0,1415825.0
2026-03-12,005380,524000.0,528000.0,513000.0,521000.0,1146292.0
2026-03-13,005380,502000.0,529500.0,501000.0,517000.0,950437.0
2026-03-16,005380,511000.0,520000.0,499000.0,506000.0,1348089.0
2026-03-17,005380,528000.0,544000.0,520000.0,522000.0,1346937.0
2026-03-18,005380,536000.0,545000.0,530000.0,545000.0,930616.0
2026-03-19,005380,521000.0,530000.0,521000.0,522000.0,770000.0
2026-03-20,005380,527000.0,528000.0,517000.0,517000.0,1049264.0
2026-03-23,005380,500000.0,501000.0,485000.0,485000.0,1603262.0
2026-03-24,005380,508000.0,509000.0,484000.0,492000.0,1082455.0
2026-03-25,005380,509000.0,518000.0,498500.0,501000.0,1102731.0
2026-03-26,005380,496000.0,499500.0,486000.0,490000.0,954455.0
2026-03-27,005380,472500.0,498500.0,467000.0,495000.0,1151726.0
2026-03-30,005380,468500.0,472500.0,461000.0,469500.0,942256.0
2026-03-31,005380,459500.0,464000.0,445000.0,445500.0,1271113.0
2026-04-01,005380,472000.0,492500.0,466000.0,488000.0,974266.0
2026-04-02,005380,499000.0,499500.0,457000.0,465500.0,1331860.0
2026-04-03,005380,475500.0,485000.0,467000.0,471000.0,659219.0
2026-04-06,005380,469500.0,477500.0,465000.0,469000.0,553057.0
2026-04-07,005380,477000.0,481500.0,465500.0,473000.0,704114.0
2026-04-08,005380,500000.0,510000.0,490000.0,508000.0,1291522.0
2026-04-09,005380,510000.0,514000.0,487000.0,489500.0,990889.0
2026-04-10,005380,498000.0,499500.0,489500.0,489500.0,814112.0
2026-04-13,005380,476500.0,486500.0,474500.0,478500.0,637565.0
2026-04-14,005380,492500.0,501500.0,489000.0,491500.0,778907.0
2026-04-15,005380,510000.0,519000.0,502000.0,508000.0,867909.0
2026-04-16,005380,530000.0,544000.0,527000.0,534000.0,1524311.0
2026-04-17,005380,547000.0,548000.0,531000.0,538000.0,724452.0
2026-04-20,005380,533000.0,541000.0,526000.0,527000.0,835506.0
2026-04-21,005380,534000.0,548000.0,530000.0,546000.0,946609.0
2026-04-22,005380,540000.0,542000.0,531000.0,541000.0,747125.0
2026-04-23,005380,547000.0,551000.0,525000.0,532000.0,1089561.0
2026-04-24,005380,525000.0,526000.0,510000.0,513000.0,1228355.0
2026-04-27,005380,520000.0,533000.0,515000.0,524000.0,930365.0
2026-04-28,005380,533000.0,574000.0,525000.0,555000.0,2585417.0
2026-04-29,005380,565000.0,565000.0,546000.0,556000.0,971755.0
2026-04-30,005380,556000.0,560000.0,531000.0,531000.0,1150241.0
2026-05-04,005380,545000.0,547000.0,532000.0,539000.0,854165.0
2026-05-06,005380,545000.0,564000.0,541000.0,550000.0,1690524.0
2026-05-07,005380,579000.0,596000.0,558000.0,572000.0,2082177.0
2026-05-08,005380,590000.0,647000.0,581000.0,613000.0,5020568.0
2026-05-11,005380,631000.0,654000.0,610000.0,646000.0,2569392.0
2026-05-12,005380,673000.0,702500.0,606000.0,646000.0,4856178.0
2026-05-13,005380,642000.0,710000.0,642000.0,710000.0,4051665.0
2026-05-14,005380,724000.0,730000.0,692000.0,712000.0,2399620.0
2026-05-15,005380,725000.0,774500.0,678000.0,700000.0,4332789.0
2026-05-18,005380,688000.0,697000.0,638000.0,663000.0,2218142.0
2026-05-19,005380,661000.0,661000.0,596000.0,604000.0,2679164.0
2026-05-20,005380,601000.0,605000.0,570000.0,592000.0,1954219.0
2026-05-21,005380,614000.0,672000.0,607000.0,666000.0,1932919.0
2026-05-22,005380,666000.0,667000.0,642000.0,655000.0,997831.0
2026-05-26,005380,679000.0,694000.0,667000.0,689000.0,1364781.0
2026-05-27,005380,691000.0,693000.0,666000.0,681000.0,1879670.0
2026-05-28,005380,709000.0,714000.0,651000.0,677000.0,2192520.0
2026-05-29,005380,704000.0,739000.0,701000.0,723000.0,3095790.0
2026-06-01,005380,736000.0,783000.0,727000.0,750000.0,2720257.0
2026-06-02,005380,770000.0,772000.0,697000.0,729000.0,2316547.0
2026-06-04,005380,708000.0,727000.0,692000.0,700000.0,1062671.0
2026-06-05,005380,691000.0,715000.0,650000.0,700000.0,1525982.0
2026-06-08,005380,621000.0,664000.0,620000.0,639000.0,1331906.0
2026-06-09,005380,660000.0,667000.0,620000.0,639000.0,1610713.0
2026-06-10,005380,637000.0,653000.0,583000.0,602000.0,1682688.0
2026-06-11,005380,570000.0,598000.0,561000.0,597000.0,1412678.0
2026-06-12,005380,635000.0,644000.0,604000.0,607000.0,1501032.0
2026-06-15,005380,638000.0,659000.0,633000.0,647000.0,1099804.0
2026-06-16,005380,648000.0,654000.0,627000.0,640000.0,1286352.0
2026-06-17,005380,633000.0,633000.0,613000.0,618000.0,891522.0
2026-06-18,005380,619000.0,620000.0,600000.0,601000.0,928129.0
2026-06-19,005380,606000.0,631000.0,590000.0,613000.0,1831967.0
2026-06-22,005380,599000.0,600000.0,581000.0,581000.0,962320.0
2026-06-23,005380,582000.0,583000.0,508000.0,511000.0,1868817.0
2026-06-24,005380,513000.0,522000.0,493500.0,509000.0,1238769.0
2026-06-25,005380,520000.0,524000.0,501000.0,503000.0,1084499.0
2026-06-26,005380,496500.0,502000.0,460500.0,480500.0,1567612.0
2026-06-29,005380,480000.0,504000.0,463000.0,497000.0,1190842.0
2026-06-30,005380,505000.0,506000.0,485250.0,495000.0,786003.0
2026-07-01,005380,502000.0,514000.0,474500.0,487500.0,848321.0
2026-07-02,005380,474000.0,501000.0,457000.0,482000.0,1252976.0
2026-07-03,005380,477000.0,493500.0,458000.0,492000.0,968532.0
2026-07-06,005380,492500.0,513000.0,485000.0,502000.0,793947.0
2026-07-07,005380,494000.0,495500.0,460500.0,479500.0,949321.0
2026-07-08,005380,469000.0,484500.0,453500.0,462500.0,917535.0
2026-07-09,005380,460000.0,463500.0,433500.0,445500.0,1131600.0
2026-07-10,005380,448000.0,468000.0,447500.0,457500.0,654103.0
2026-07-13,005380,456500.0,482000.0,440500.0,444000.0,874265.0
2026-07-14,005380,433500.0,434000.0,403250.0,424500.0,1300166.0
2026-07-15,005380,433000.0,439500.0,424000.0,434000.0,941250.0
2026-07-16,005380,423000.0,431000.0,412000.0,425000.0,791287.0
2025-01-15,005930,54100.0,54700.0,53500.0,53700.0,18625025.0
2025-01-16,005930,54200.0,55000.0,54100.0,54300.0,18627298.0
2025-01-17,005930,53800.0,54100.0,53200.0,53700.0,18805344.0
2025-01-20,005930,53600.0,53900.0,53300.0,53400.0,11822531.0
2025-01-21,005930,53700.0,54300.0,53300.0,53500.0,13535702.0
2025-01-22,005930,53400.0,54400.0,53100.0,54300.0,18341991.0
2025-01-23,005930,53700.0,54100.0,53500.0,53700.0,15588067.0
2025-01-24,005930,53600.0,53800.0,53200.0,53700.0,11867631.0
2025-01-31,005930,52200.0,53000.0,51700.0,52400.0,42186279.0
2025-02-03,005930,51100.0,51400.0,50800.0,51000.0,32344897.0
2025-02-04,005930,51600.0,53600.0,51500.0,52700.0,27214851.0
2025-02-05,005930,53600.0,53800.0,52800.0,52900.0,15974885.0
2025-02-06,005930,53400.0,54000.0,53200.0,54000.0,16466025.0
2025-02-07,005930,53900.0,54200.0,53600.0,53700.0,14476866.0
2025-02-10,005930,53000.0,55900.0,52900.0,55600.0,27577591.0
2025-02-11,005930,55500.0,56300.0,55000.0,55700.0,24596196.0
2025-02-12,005930,55100.0,55900.0,54500.0,55800.0,26428596.0
2025-02-13,005930,56100.0,56400.0,55600.0,55800.0,22448377.0
2025-02-14,005930,56000.0,57300.0,56000.0,56000.0,23979779.0
2025-02-17,005930,56100.0,56500.0,55700.0,56000.0,11916027.0
2025-02-18,005930,56200.0,57200.0,55900.0,56900.0,22131007.0
2025-02-19,005930,57400.0,58900.0,57300.0,58700.0,25395151.0
2025-02-20,005930,59100.0,59100.0,58100.0,58400.0,21589059.0
2025-02-21,005930,58400.0,58500.0,57100.0,58200.0,22198428.0
2025-02-24,005930,57300.0,57700.0,57200.0,57300.0,14138471.0
2025-02-25,005930,56600.0,57800.0,56500.0,57200.0,14625181.0
2025-02-26,005930,57000.0,57100.0,56100.0,56600.0,18117091.0
2025-02-27,005930,56500.0,57100.0,56200.0,56300.0,14975356.0
2025-02-28,005930,55400.0,55700.0,54500.0,54500.0,28036698.0
2025-03-04,005930,53900.0,55000.0,53800.0,54500.0,18553933.0
2025-03-05,005930,55100.0,55400.0,54000.0,54000.0,16578817.0
2025-03-06,005930,54100.0,54500.0,54000.0,54300.0,12258101.0
2025-03-07,005930,53500.0,54200.0,53400.0,53700.0,14274992.0
2025-03-10,005930,53500.0,54800.0,53500.0,53700.0,12921670.0
2025-03-11,005930,52500.0,54100.0,52500.0,53600.0,17740891.0
2025-03-12,005930,53800.0,55300.0,53600.0,54900.0,17973221.0
2025-03-13,005930,55800.0,55900.0,54200.0,54700.0,24132151.0
2025-03-14,005930,54500.0,55100.0,54400.0,54700.0,10845154.0
2025-03-17,005930,55500.0,57800.0,55400.0,57600.0,35559021.0
2025-03-18,005930,58800.0,59000.0,57300.0,57600.0,28138594.0
2025-03-19,005930,57400.0,59200.0,57400.0,58500.0,29421759.0
2025-03-20,005930,59200.0,60300.0,58500.0,60200.0,34989004.0
2025-03-21,005930,60900.0,61700.0,60400.0,61700.0,40155612.0
2025-03-24,005930,61200.0,61600.0,60500.0,60500.0,14088094.0
2025-03-25,005930,60900.0,61100.0,59500.0,59800.0,17259455.0
2025-03-26,005930,59800.0,61400.0,59700.0,61400.0,16431645.0
2025-03-27,005930,60900.0,62000.0,60800.0,61800.0,20389790.0
2025-03-28,005930,60700.0,61100.0,60000.0,60200.0,16282514.0
2025-03-31,005930,59500.0,59700.0,57800.0,57800.0,17633494.0
2025-04-01,005930,58700.0,59600.0,57900.0,58800.0,13841706.0
2025-04-02,005930,58800.0,59400.0,58300.0,58800.0,14402297.0
2025-04-03,005930,56900.0,57800.0,56900.0,57600.0,19508076.0
2025-04-04,005930,56200.0,58200.0,55700.0,56100.0,23527139.0
2025-04-07,005930,53300.0,54100.0,53100.0,53200.0,31998883.0
2025-04-08,005930,55000.0,55300.0,53300.0,53500.0,25532845.0
2025-04-09,005930,53300.0,54300.0,52900.0,53000.0,20576960.0
2025-04-10,005930,56600.0,56700.0,55000.0,56400.0,22948172.0
2025-04-11,005930,55600.0,55700.0,54800.0,55200.0,13930480.0
2025-04-14,005930,56300.0,56700.0,55800.0,56200.0,12852613.0
2025-04-15,005930,56300.0,57100.0,56200.0,56600.0,8998640.0
2025-04-16,005930,56000.0,56200.0,54500.0,54700.0,14437025.0
2025-04-17,005930,54700.0,55300.0,54500.0,55100.0,10867069.0
2025-04-18,005930,55300.0,55600.0,54900.0,55300.0,5848342.0
2025-04-21,005930,55200.0,56000.0,55100.0,55400.0,5941847.0
2025-04-22,005930,54900.0,55500.0,54700.0,55000.0,9532469.0
2025-04-23,005930,56000.0,56100.0,55500.0,55700.0,11148692.0
2025-04-24,005930,55600.0,55800.0,55200.0,55700.0,10580377.0
2025-04-25,005930,56400.0,56400.0,55600.0,55700.0,12183303.0
2025-04-28,005930,55800.0,55900.0,55500.0,55800.0,9341518.0
2025-04-29,005930,55700.0,56500.0,55600.0,55800.0,10295518.0
2025-04-30,005930,55900.0,56000.0,55300.0,55500.0,13014189.0
2025-05-02,005930,55000.0,55500.0,54200.0,54300.0,22454204.0
2025-05-07,005930,54500.0,55000.0,54300.0,54600.0,17136991.0
2025-05-08,005930,55100.0,55500.0,54500.0,54600.0,16320532.0
2025-05-09,005930,54700.0,55000.0,54400.0,54800.0,7814322.0
2025-05-12,005930,55200.0,57600.0,55000.0,57600.0,15414702.0
2025-05-13,005930,57700.0,58200.0,56800.0,56900.0,16842801.0
2025-05-14,005930,57500.0,57900.0,57000.0,57400.0,12468089.0
2025-05-15,005930,57400.0,58600.0,57100.0,57300.0,13139736.0
2025-05-16,005930,57400.0,57500.0,56700.0,56800.0,10385352.0
2025-05-19,005930,56400.0,56400.0,55500.0,55800.0,9802105.0
2025-05-20,005930,56200.0,56700.0,55700.0,55900.0,9080577.0
2025-05-21,005930,56200.0,56600.0,55700.0,55700.0,7794181.0
2025-05-22,005930,55300.0,55500.0,54500.0,54700.0,15254278.0
2025-05-23,005930,55000.0,55200.0,54100.0,54200.0,11247115.0
2025-05-26,005930,53900.0,55000.0,53700.0,54700.0,10901337.0
2025-05-27,005930,54200.0,54500.0,53800.0,53900.0,13439520.0
2025-05-28,005930,54300.0,56100.0,54200.0,55900.0,17516283.0
2025-05-29,005930,56200.0,56400.0,55600.0,56100.0,12936810.0
2025-05-30,005930,56200.0,57200.0,55800.0,56200.0,26219683.0
2025-06-02,005930,56300.0,57300.0,56200.0,56800.0,12870515.0
2025-06-04,005930,57200.0,57900.0,56800.0,57800.0,19649983.0
2025-06-05,005930,58100.0,59900.0,57900.0,59100.0,23266027.0
2025-06-09,005930,60400.0,60400.0,59500.0,59800.0,19609659.0
2025-06-10,005930,60000.0,60100.0,58800.0,59200.0,15305760.0
2025-06-11,005930,59500.0,60100.0,59400.0,59900.0,13610734.0
2025-06-12,005930,59700.0,60000.0,59300.0,59500.0,17755115.0
2025-06-13,005930,60200.0,60200.0,57700.0,58300.0,20705979.0
2025-06-16,005930,58000.0,58100.0,56900.0,57200.0,22200872.0
2025-06-17,005930,57800.0,59800.0,57400.0,58100.0,28637003.0
2025-06-18,005930,58000.0,59800.0,57900.0,59800.0,17620705.0
2025-06-19,005930,60500.0,60600.0,59000.0,59200.0,16876278.0
2025-06-20,005930,59400.0,59800.0,59100.0,59500.0,18072251.0
2025-06-23,005930,58400.0,58500.0,57600.0,58000.0,16551694.0
2025-06-24,005930,59400.0,60600.0,59300.0,60500.0,23737899.0
2025-06-25,005930,61500.0,61600.0,60300.0,61300.0,23933612.0
2025-06-26,005930,61300.0,61300.0,59900.0,60200.0,19402300.0
2025-06-27,005930,60100.0,61600.0,60000.0,60800.0,17340470.0
2025-06-30,005930,61200.0,61200.0,59800.0,59800.0,17110294.0
2025-07-01,005930,60400.0,61100.0,60200.0,60200.0,13650991.0
2025-07-02,005930,60200.0,60900.0,59800.0,60800.0,15047951.0
2025-07-03,005930,61300.0,63800.0,61100.0,63800.0,32040639.0
2025-07-04,005930,64700.0,64700.0,63000.0,63300.0,23748959.0
2025-07-07,005930,62900.0,63300.0,61700.0,61700.0,17164708.0
2025-07-08,005930,61600.0,62400.0,61000.0,61400.0,20213724.0
2025-07-09,005930,61400.0,61400.0,60200.0,60400.0,17533415.0
2025-07-10,005930,60600.0,61200.0,60400.0,61000.0,14768473.0
2025-07-11,005930,61300.0,62800.0,61200.0,62600.0,19140650.0
2025-07-14,005930,62300.0,62600.0,61800.0,62500.0,13563846.0
2025-07-15,005930,62300.0,63800.0,62000.0,63700.0,18442202.0
2025-07-16,005930,63700.0,64700.0,63100.0,64700.0,23042660.0
2025-07-17,005930,65900.0,66800.0,64400.0,66700.0,39448683.0
2025-07-18,005930,67000.0,67800.0,66300.0,67100.0,23951531.0
2025-07-21,005930,67400.0,68800.0,67200.0,67800.0,17723148.0
2025-07-22,005930,68100.0,68500.0,65600.0,66000.0,20829006.0
2025-07-23,005930,66200.0,66500.0,64900.0,66400.0,15687058.0
2025-07-24,005930,66500.0,66800.0,65900.0,66000.0,12660193.0
2025-07-25,005930,65700.0,66300.0,65500.0,65900.0,8080910.0
2025-07-28,005930,68200.0,70400.0,67200.0,70400.0,35332500.0
2025-07-29,005930,70800.0,70800.0,68800.0,70600.0,28190940.0
2025-07-30,005930,71000.0,73700.0,70600.0,72600.0,34761444.0
2025-07-31,005930,73000.0,74000.0,71000.0,71400.0,26568072.0
2025-08-01,005930,70200.0,72000.0,68800.0,68900.0,24038534.0
2025-08-04,005930,69500.0,70200.0,68700.0,69700.0,14780072.0
2025-08-05,005930,71000.0,71500.0,69700.0,69900.0,14392903.0
2025-08-06,005930,69200.0,69400.0,68300.0,68800.0,12542415.0
2025-08-07,005930,70800.0,71000.0,69700.0,70500.0,15008213.0
2025-08-08,005930,71000.0,72400.0,70700.0,71800.0,22241128.0
2025-08-11,005930,72000.0,72100.0,70800.0,71000.0,11354253.0
2025-08-12,005930,71100.0,72400.0,71100.0,71100.0,15797656.0
2025-08-13,005930,71900.0,72100.0,71400.0,71900.0,12305742.0
2025-08-14,005930,71900.0,71900.0,71200.0,71600.0,11946122.0
2025-08-18,005930,71100.0,71200.0,70000.0,70000.0,13595591.0
2025-08-19,005930,70400.0,70700.0,69700.0,70000.0,10533082.0
2025-08-20,005930,70100.0,70700.0,69400.0,70500.0,17445516.0
2025-08-21,005930,71500.0,71900.0,70600.0,70600.0,18843833.0
2025-08-22,005930,71700.0,71800.0,70800.0,71400.0,9277432.0
2025-08-25,005930,71700.0,71800.0,71000.0,71500.0,10345178.0
2025-08-26,005930,70800.0,71100.0,70300.0,70300.0,14712519.0
2025-08-27,005930,70100.0,70900.0,69800.0,70600.0,10523405.0
2025-08-28,005930,70100.0,70400.0,69600.0,69600.0,11578024.0
2025-08-29,005930,70100.0,70500.0,69700.0,69700.0,11682267.0
2025-09-01,005930,68400.0,68600.0,67500.0,67600.0,12002343.0
2025-09-02,005930,67800.0,69500.0,67800.0,69100.0,10604028.0
2025-09-03,005930,69200.0,69800.0,68800.0,69800.0,10283009.0
2025-09-04,005930,69500.0,70100.0,69300.0,70100.0,12284414.0
2025-09-05,005930,70300.0,70400.0,69500.0,69500.0,11526724.0
2025-09-08,005930,69800.0,70500.0,69600.0,70100.0,9263135.0
2025-09-09,005930,70100.0,71500.0,70000.0,71500.0,14870245.0
2025-09-10,005930,71800.0,72800.0,71600.0,72600.0,21928565.0
2025-09-11,005930,73200.0,73600.0,72100.0,73400.0,20793501.0
2025-09-12,005930,74600.0,75600.0,74200.0,75400.0,28219678.0
2025-09-15,005930,77200.0,77600.0,75900.0,76500.0,19908805.0
2025-09-16,005930,76900.0,79500.0,76700.0,79400.0,28218265.0
2025-09-17,005930,79100.0,79100.0,77100.0,78200.0,20856317.0
2025-09-18,005930,79100.0,80500.0,78600.0,80500.0,25619035.0
2025-09-19,005930,81100.0,81200.0,79600.0,79700.0,20898386.0
2025-09-22,005930,81500.0,84000.0,81100.0,83500.0,27529656.0
2025-09-23,005930,85800.0,85900.0,83600.0,84700.0,23610263.0
2025-09-24,005930,84200.0,85500.0,83700.0,85400.0,18300997.0
2025-09-25,005930,84400.0,86200.0,84100.0,86100.0,19665151.0
2025-09-26,005930,85000.0,85300.0,82400.0,83300.0,24071193.0
2025-09-29,005930,83300.0,85000.0,83200.0,84200.0,13069094.0
2025-09-30,005930,84600.0,84900.0,83400.0,83900.0,16319061.0
2025-10-01,005930,84900.0,86200.0,84700.0,86000.0,22039361.0
2025-10-02,005930,89300.0,90300.0,88700.0,89000.0,49883028.0
2025-10-10,005930,94000.0,94500.0,92700.0,94400.0,35269748.0
2025-10-13,005930,91300.0,93400.0,90700.0,93300.0,23883308.0
2025-10-14,005930,95300.0,96000.0,90200.0,91600.0,35545235.0
2025-10-15,005930,92300.0,95300.0,92100.0,95000.0,21050111.0
2025-10-16,005930,95300.0,97700.0,95000.0,97700.0,28141060.0
2025-10-17,005930,97200.0,99100.0,96700.0,97900.0,22730809.0
2025-10-20,005930,97900.0,98300.0,96000.0,98100.0,17589756.0
2025-10-21,005930,98500.0,99900.0,97300.0,97500.0,22803830.0
2025-10-22,005930,97100.0,98600.0,95500.0,98600.0,15937611.0
2025-10-23,005930,96800.0,98500.0,96300.0,96500.0,18488581.0
2025-10-24,005930,97900.0,99000.0,97700.0,98800.0,18801925.0
2025-10-27,005930,101300.0,102000.0,100600.0,102000.0,22169970.0
2025-10-28,005930,100900.0,101000.0,99100.0,99500.0,20002282.0
2025-10-29,005930,100200.0,101000.0,99100.0,100500.0,20899788.0
2025-10-30,005930,102400.0,105800.0,102000.0,104100.0,34570017.0
2025-10-31,005930,105000.0,108600.0,103300.0,107500.0,54824564.0
2025-11-03,005930,106900.0,111500.0,106500.0,111100.0,30110066.0
2025-11-04,005930,111800.0,112400.0,104900.0,104900.0,30450281.0
2025-11-05,005930,101000.0,102000.0,96700.0,100600.0,44843020.0
2025-11-06,005930,103700.0,103800.0,98800.0,99200.0,28655689.0
2025-11-07,005930,96400.0,100300.0,96300.0,97900.0,22908083.0
2025-11-10,005930,98600.0,101000.0,97900.0,100600.0,23842327.0
2025-11-11,005930,103700.0,106000.0,102000.0,103500.0,27742542.0
2025-11-12,005930,103000.0,103900.0,101600.0,103100.0,19413497.0
2025-11-13,005930,102500.0,104200.0,102300.0,102800.0,20838741.0
2025-11-14,005930,99000.0,99600.0,97200.0,97200.0,21806342.0
2025-11-17,005930,99800.0,101000.0,99500.0,100600.0,17192584.0
2025-11-18,005930,99800.0,100900.0,97500.0,97800.0,18684068.0
2025-11-19,005930,97100.0,97500.0,94600.0,96500.0,18993346.0
2025-11-20,005930,100900.0,102900.0,99500.0,100600.0,25360435.0
2025-11-21,005930,95600.0,96800.0,94500.0,94800.0,23103574.0
2025-11-24,005930,97800.0,99000.0,96200.0,96700.0,29831172.0
2025-11-25,005930,101400.0,101400.0,97800.0,99300.0,16110054.0
2025-11-26,005930,100500.0,102900.0,99300.0,102800.0,21314975.0
2025-11-27,005930,104100.0,105500.0,102700.0,103500.0,16453004.0
2025-11-28,005930,103800.0,103800.0,100500.0,100500.0,15292277.0
2025-12-01,005930,102000.0,102800.0,99900.0,100800.0,10905526.0
2025-12-02,005930,101200.0,103500.0,101000.0,103400.0,13649487.0
2025-12-03,005930,104700.0,105500.0,104000.0,104500.0,14697927.0
2025-12-04,005930,103900.0,105100.0,103200.0,105100.0,11931145.0
2025-12-05,005930,105300.0,108400.0,104600.0,108400.0,19755571.0
2025-12-08,005930,109700.0,110000.0,108000.0,109500.0,15527762.0
2025-12-09,005930,108900.0,109400.0,107300.0,108400.0,13671800.0
2025-12-10,005930,108300.0,109800.0,107400.0,108000.0,12365092.0
2025-12-11,005930,109200.0,110500.0,107300.0,107300.0,22994507.0
2025-12-12,005930,107100.0,108900.0,106800.0,108900.0,14210314.0
2025-12-15,005930,105300.0,105800.0,104600.0,104800.0,20594654.0
2025-12-16,005930,104900.0,105600.0,102700.0,102800.0,18852079.0
2025-12-17,005930,103500.0,108100.0,103400.0,107900.0,22297611.0
2025-12-18,005930,106400.0,108200.0,105700.0,107600.0,20445631.0
2025-12-19,005930,109700.0,109700.0,106200.0,106300.0,25917098.0
2025-12-22,005930,109700.0,110500.0,109300.0,110500.0,24859171.0
2025-12-23,005930,110900.0,112500.0,110400.0,111500.0,20419187.0
2025-12-24,005930,112400.0,112400.0,110900.0,111100.0,12492939.0
2025-12-26,005930,112400.0,117000.0,112400.0,117000.0,34018174.0
2025-12-29,005930,119400.0,119700.0,118200.0,119500.0,19676004.0
2025-12-30,005930,119100.0,121200.0,118700.0,119900.0,19746349.0
2026-01-02,005930,120200.0,128500.0,120200.0,128500.0,30463279.0
2026-01-05,005930,134600.0,138600.0,133600.0,138100.0,42863376.0
2026-01-06,005930,135300.0,139300.0,132700.0,138900.0,45321341.0
2026-01-07,005930,143500.0,144400.0,137600.0,141000.0,46317413.0
2026-01-08,005930,138300.0,144500.0,138300.0,138800.0,41449329.0
2026-01-09,005930,136000.0,140700.0,135200.0,139000.0,29520566.0
2026-01-12,005930,141000.0,142000.0,136900.0,138800.0,26271134.0
2026-01-13,005930,139800.0,140200.0,136900.0,137600.0,22384699.0
2026-01-14,005930,137000.0,140300.0,136800.0,140300.0,18444394.0
2026-01-15,005930,139000.0,144000.0,138300.0,143900.0,24701126.0
2026-01-16,005930,145300.0,149500.0,144300.0,148900.0,30000219.0
2026-01-19,005930,147200.0,150600.0,146600.0,149300.0,22762497.0
2026-01-20,005930,148500.0,149300.0,143900.0,145200.0,24059218.0
2026-01-21,005930,141900.0,149800.0,141800.0,149500.0,31703610.0
2026-01-22,005930,155000.0,157000.0,150800.0,152300.0,32073624.0
2026-01-23,005930,154700.0,156000.0,150100.0,152100.0,25407497.0
2026-01-26,005930,154900.0,156400.0,151500.0,152100.0,20561689.0
2026-01-27,005930,150500.0,159500.0,149200.0,159500.0,29423670.0
2026-01-28,005930,162600.0,163300.0,160200.0,162400.0,29456431.0
2026-01-29,005930,166200.0,166600.0,157100.0,160700.0,36087223.0
2026-01-30,005930,160100.0,166500.0,160100.0,160500.0,40557267.0
2026-02-02,005930,155700.0,159600.0,150400.0,150400.0,39748369.0
2026-02-03,005930,157900.0,167500.0,157200.0,167500.0,36529813.0
2026-02-04,005930,163500.0,169400.0,163100.0,169100.0,29943042.0
2026-02-05,005930,162000.0,164000.0,158500.0,159300.0,38435228.0
2026-02-06,005930,154100.0,160300.0,151600.0,158600.0,36358081.0
2026-02-09,005930,168600.0,168700.0,165000.0,166400.0,25098971.0
2026-02-10,005930,167400.0,168100.0,165500.0,165800.0,19369566.0
2026-02-11,005930,164000.0,168600.0,162000.0,167800.0,22760242.0
2026-02-12,005930,171200.0,179600.0,170100.0,178600.0,41296011.0
2026-02-13,005930,179500.0,184400.0,178900.0,181200.0,34454192.0
2026-02-19,005930,188000.0,190900.0,187100.0,190000.0,27049388.0
2026-02-20,005930,190000.0,190300.0,188600.0,190100.0,24213880.0
2026-02-23,005930,194400.0,197600.0,190500.0,193000.0,26364684.0
2026-02-24,005930,193000.0,200000.0,192000.0,200000.0,28060617.0
2026-02-25,005930,202500.0,206000.0,201000.0,203500.0,26987996.0
2026-02-26,005930,206500.0,219000.0,206000.0,218000.0,30095763.0
2026-02-27,005930,210000.0,223000.0,210000.0,216500.0,51774768.0
2026-03-03,005930,209500.0,212500.0,195100.0,195100.0,54879010.0
2026-03-04,005930,184200.0,195900.0,171900.0,172200.0,89427954.0
2026-03-05,005930,195000.0,199700.0,188100.0,191600.0,53959129.0
2026-03-06,005930,186100.0,189700.0,181000.0,188200.0,29522650.0
2026-03-09,005930,173500.0,175500.0,167300.0,173500.0,43066020.0
2026-03-10,005930,187600.0,191500.0,184300.0,187900.0,33530170.0
2026-03-11,005930,193000.0,194800.0,187700.0,190000.0,24311356.0
2026-03-12,005930,186600.0,190000.0,185900.0,187900.0,20440753.0
2026-03-13,005930,180000.0,186200.0,179900.0,183500.0,19566331.0
2026-03-16,005930,184600.0,189000.0,183600.0,188700.0,19747901.0
2026-03-17,005930,198000.0,198000.0,193100.0,193900.0,20300082.0
2026-03-18,005930,200500.0,209000.0,199700.0,208500.0,25148481.0
2026-03-19,005930,199900.0,205000.0,199600.0,200500.0,19884483.0
2026-03-20,005930,202000.0,202500.0,199000.0,199400.0,35279762.0
2026-03-23,005930,190500.0,191200.0,186300.0,186300.0,30268173.0
2026-03-24,005930,195500.0,196000.0,185500.0,189700.0,25458914.0
2026-03-25,005930,193700.0,196400.0,189000.0,189000.0,22995904.0
2026-03-26,005930,185500.0,185900.0,178900.0,180100.0,32074131.0
2026-03-27,005930,172100.0,181700.0,172000.0,179700.0,29138966.0
2026-03-30,005930,171000.0,176650.0,170600.0,176300.0,22269147.0
2026-03-31,005930,170000.0,174700.0,167000.0,167200.0,38659593.0
2026-04-01,005930,179000.0,190800.0,178000.0,189600.0,32390251.0
2026-04-02,005930,192600.0,193600.0,175000.0,178400.0,38615231.0
2026-04-03,005930,184200.0,187200.0,182700.0,186200.0,20194447.0
2026-04-06,005930,190900.0,194600.0,190100.0,193100.0,20635958.0
2026-04-07,005930,202000.0,202500.0,192400.0,196500.0,30848053.0
2026-04-08,005930,214000.0,214500.0,207500.0,210500.0,35890973.0
2026-04-09,005930,207000.0,207500.0,202000.0,204000.0,42320839.0
2026-04-10,005930,208500.0,211000.0,205500.0,206000.0,18244459.0
2026-04-13,005930,198200.0,203000.0,198200.0,201000.0,19603415.0
2026-04-14,005930,208000.0,210000.0,205500.0,206500.0,23672078.0
2026-04-15,005930,215000.0,215500.0,210000.0,211000.0,24092884.0
2026-04-16,005930,212000.0,218000.0,210500.0,217500.0,21499788.0
2026-04-17,005930,217000.0,218000.0,215000.0,216000.0,18079322.0
2026-04-20,005930,214500.0,219000.0,213000.0,214500.0,17107741.0
2026-04-21,005930,218000.0,220000.0,216000.0,219000.0,16752132.0
2026-04-22,005930,218500.0,222500.0,215500.0,217500.0,16823480.0
2026-04-23,005930,223000.0,229500.0,216000.0,224500.0,34525485.0
2026-04-24,005930,224000.0,225000.0,216500.0,219500.0,19626666.0
2026-04-27,005930,220000.0,226000.0,218500.0,224500.0,22870374.0
2026-04-28,005930,224000.0,226000.0,221500.0,222000.0,18444490.0
2026-04-29,005930,219500.0,228000.0,218500.0,226000.0,20363756.0
2026-04-30,005930,229000.0,230000.0,220500.0,220500.0,22161975.0
2026-05-04,005930,228000.0,232500.0,224000.0,232500.0,32920816.0
2026-05-06,005930,254000.0,270000.0,251000.0,266000.0,53097996.0
2026-05-07,005930,272000.0,277000.0,260000.0,271500.0,41404687.0
2026-05-08,005930,260000.0,270000.0,260000.0,268500.0,25875880.0
2026-05-11,005930,284500.0,288500.0,280000.0,285500.0,36031094.0
2026-05-12,005930,290000.0,291500.0,266000.0,279000.0,41211149.0
2026-05-13,005930,264000.0,285500.0,262000.0,284000.0,35540134.0
2026-05-14,005930,282000.0,299500.0,282000.0,296000.0,39314752.0
2026-05-15,005930,291000.0,296500.0,266000.0,270500.0,38075487.0
2026-05-18,005930,269500.0,288500.0,262000.0,281000.0,33555214.0
2026-05-19,005930,274000.0,281500.0,266000.0,275500.0,30767569.0
2026-05-20,005930,278000.0,282500.0,263500.0,276000.0,35662077.0
2026-05-21,005930,291000.0,299500.0,287000.0,299500.0,36168689.0
2026-05-22,005930,300000.0,300500.0,292000.0,292500.0,18395274.0
2026-05-26,005930,298000.0,302000.0,297500.0,299000.0,23441371.0
2026-05-27,005930,321500.0,323000.0,306000.0,307000.0,33916688.0
2026-05-28,005930,305000.0,306500.0,287500.0,299500.0,30195334.0
2026-05-29,005930,309500.0,319000.0,305500.0,317000.0,37241537.0
2026-06-01,005930,319500.0,354500.0,319500.0,349000.0,45052488.0
2026-06-02,005930,360500.0,370000.0,342000.0,360500.0,44720282.0
2026-06-04,005930,349000.0,366000.0,348000.0,351500.0,34771037.0
2026-06-05,005930,333500.0,343000.0,325000.0,329000.0,33725012.0
2026-06-08,005930,293000.0,315500.0,292500.0,295500.0,38929682.0
2026-06-09,005930,310000.0,324000.0,300000.0,322000.0,30124249.0
2026-06-10,005930,311000.0,314500.0,295250.0,302500.0,27050362.0
2026-06-11,005930,290500.0,306500.0,287500.0,299000.0,31420307.0
2026-06-12,005930,326000.0,339000.0,320000.0,322500.0,31006148.0
2026-06-15,005930,342500.0,344500.0,334000.0,337000.0,21500067.0
2026-06-16,005930,343000.0,345500.0,332500.0,343000.0,17548685.0
2026-06-17,005930,332000.0,348000.0,331500.0,346500.0,18134051.0
2026-06-18,005930,345000.0,363000.0,344500.0,362500.0,32764450.0
2026-06-19,005930,372500.0,374500.0,346250.0,354000.0,43284898.0
2026-06-22,005930,343000.0,363000.0,342000.0,353500.0,24330451.0
2026-06-23,005930,347500.0,353000.0,310000.0,310000.0,41266630.0
2026-06-24,005930,314000.0,341000.0,314000.0,340500.0,47809959.0
2026-06-25,005930,359500.0,362500.0,352000.0,358500.0,36157158.0
2026-06-26,005930,354000.0,356500.0,321500.0,339500.0,39735951.0
2026-06-29,005930,331000.0,335500.0,316000.0,323000.0,35436521.0
2026-06-30,005930,323500.0,343000.0,321000.0,334000.0,29237216.0
2026-07-01,005930,334500.0,339000.0,311500.0,314500.0,24968382.0
2026-07-02,005930,290000.0,304000.0,281500.0,286000.0,38905074.0
2026-07-03,005930,288500.0,313000.0,283500.0,309500.0,31520538.0
2026-07-06,005930,320000.0,325000.0,303000.0,318000.0,23872879.0
2026-07-07,005930,307000.0,310000.0,286000.0,296000.0,32421032.0
2026-07-08,005930,285500.0,300000.0,273500.0,277500.0,33525758.0
2026-07-09,005930,288500.0,291500.0,267500.0,278000.0,29703616.0
2026-07-10,005930,291000.0,298000.0,282000.0,285000.0,20088811.0
2026-07-13,005930,285000.0,292500.0,253000.0,254500.0,31882652.0
2026-07-14,005930,255000.0,270000.0,247000.0,263000.0,40086496.0
2026-07-15,005930,283500.0,284500.0,273000.0,279500.0,24873414.0
2026-07-16,005930,264500.0,265500.0,252500.0,255000.0,27001478.0
2025-01-15,006400,232030.0,233499.0,226156.0,226646.0,282940.0
2025-01-16,006400,230562.0,234478.0,229093.0,229583.0,292772.0
2025-01-17,006400,228114.0,231541.0,227625.0,229093.0,215816.0
2025-01-20,006400,230072.0,239373.0,230072.0,238394.0,436132.0
2025-01-21,006400,235946.0,237905.0,225177.0,229093.0,429840.0
2025-01-22,006400,230562.0,236436.0,229583.0,234478.0,275832.0
2025-01-23,006400,233009.0,233499.0,227625.0,227625.0,245299.0
2025-01-24,006400,228114.0,229583.0,220282.0,221750.0,486053.0
2025-01-31,006400,220771.0,221261.0,215387.0,217345.0,412029.0
2025-02-03,006400,211960.0,211960.0,202659.0,203638.0,518647.0
2025-02-04,006400,206086.0,209513.0,201191.0,201191.0,523511.0
2025-02-05,006400,203638.0,211471.0,203149.0,208044.0,404393.0
2025-02-06,006400,208534.0,209513.0,204128.0,207555.0,351675.0
2025-02-07,006400,205107.0,211960.0,204128.0,205107.0,313332.0
2025-02-10,006400,201191.0,208534.0,195806.0,206575.0,677930.0
2025-02-11,006400,205596.0,210492.0,203638.0,206086.0,296924.0
2025-02-12,006400,206086.0,208044.0,203638.0,204617.0,247127.0
2025-02-13,006400,206575.0,212450.0,206086.0,209513.0,840837.0
2025-02-14,006400,209513.0,212450.0,207065.0,209023.0,314999.0
2025-02-17,006400,210981.0,217345.0,208534.0,214897.0,359054.0
2025-02-18,006400,216855.0,216855.0,210492.0,212939.0,266985.0
2025-02-19,006400,211471.0,223219.0,211471.0,221261.0,511308.0
2025-02-20,006400,220771.0,227135.0,219792.0,222240.0,395944.0
2025-02-21,006400,222730.0,228114.0,220282.0,226646.0,390614.0
2025-02-24,006400,223709.0,243289.0,223219.0,241821.0,810911.0
2025-02-25,006400,238394.0,242310.0,231541.0,231541.0,580972.0
2025-02-26,006400,229583.0,235457.0,228114.0,232520.0,682151.0
2025-02-27,006400,234967.0,237415.0,231051.0,233499.0,441715.0
2025-02-28,006400,230072.0,230072.0,217834.0,219303.0,704342.0
2025-03-04,006400,217345.0,219303.0,208044.0,208534.0,604511.0
2025-03-05,006400,210981.0,212450.0,205596.0,209023.0,562644.0
2025-03-06,006400,211471.0,216366.0,207065.0,208044.0,584454.0
2025-03-07,006400,205596.0,216366.0,203638.0,213918.0,522099.0
2025-03-10,006400,213918.0,215876.0,209023.0,211471.0,472306.0
2025-03-11,006400,202659.0,206575.0,201680.0,204617.0,487464.0
2025-03-12,006400,207555.0,210492.0,205596.0,208534.0,387217.0
2025-03-13,006400,210981.0,211960.0,199722.0,199722.0,1089451.0
2025-03-14,006400,195317.0,205107.0,185330.0,187386.0,2851908.0
2025-03-17,006400,187191.0,188561.0,182883.0,186407.0,976834.0
2025-03-18,006400,187386.0,191792.0,186652.0,186799.0,772604.0
2025-03-19,006400,186505.0,190911.0,186505.0,187876.0,790168.0
2025-03-20,006400,190617.0,201191.0,189834.0,198254.0,1348840.0
2025-03-21,006400,198743.0,199233.0,192184.0,196296.0,724665.0
2025-03-24,006400,196785.0,198743.0,193456.0,197275.0,286162.0
2025-03-25,006400,199722.0,201191.0,195708.0,197764.0,254973.0
2025-03-26,006400,198254.0,208044.0,196296.0,204128.0,445857.0
2025-03-27,006400,200701.0,202170.0,197275.0,197275.0,305262.0
2025-03-28,006400,197764.0,199233.0,193359.0,195219.0,337896.0
2025-03-31,006400,191596.0,192379.0,184547.0,184547.0,576174.0
2025-04-01,006400,186505.0,189834.0,185330.0,189540.0,352728.0
2025-04-02,006400,189638.0,190324.0,181708.0,182589.0,467150.0
2025-04-03,006400,176715.0,181316.0,175540.0,179358.0,373181.0
2025-04-04,006400,175736.0,187289.0,175736.0,186799.0,478175.0
2025-04-07,006400,179358.0,180925.0,176030.0,176323.0,382779.0
2025-04-08,006400,179946.0,180239.0,172211.0,172603.0,418533.0
2025-04-09,006400,169079.0,173582.0,166435.0,168099.0,550125.0
2025-04-10,006400,177900.0,178300.0,172800.0,177200.0,492598.0
2025-04-11,006400,173000.0,177100.0,172000.0,175600.0,355010.0
2025-04-14,006400,177600.0,181900.0,177100.0,178400.0,278232.0
2025-04-15,006400,179400.0,184100.0,176300.0,182600.0,303559.0
2025-04-16,006400,182000.0,184400.0,176600.0,177000.0,272189.0
2025-04-17,006400,178000.0,182700.0,177000.0,180900.0,246328.0
2025-04-18,006400,182100.0,182100.0,178500.0,180000.0,146661.0
2025-04-21,006400,179000.0,180500.0,176700.0,177800.0,184454.0
2025-04-22,006400,176900.0,179800.0,176200.0,177300.0,213303.0
2025-04-23,006400,180000.0,190400.0,179900.0,190400.0,532051.0
2025-04-24,006400,191200.0,191300.0,183700.0,184700.0,330284.0
2025-04-25,006400,186700.0,189400.0,184000.0,185100.0,328738.0
2025-04-28,006400,184500.0,189600.0,183500.0,184200.0,327979.0
2025-04-29,006400,185000.0,185500.0,182000.0,183600.0,241248.0
2025-04-30,006400,183100.0,183300.0,175600.0,176000.0,606531.0
2025-05-02,006400,176400.0,177000.0,170900.0,173600.0,330151.0
2025-05-07,006400,175400.0,176400.0,171400.0,172200.0,405002.0
2025-05-08,006400,172100.0,173400.0,170100.0,172200.0,584179.0
2025-05-09,006400,173800.0,173800.0,170300.0,170400.0,227421.0
2025-05-12,006400,170700.0,174900.0,170600.0,174900.0,260867.0
2025-05-13,006400,175400.0,176200.0,170600.0,170900.0,296932.0
2025-05-14,006400,171400.0,173600.0,167300.0,173000.0,356073.0
2025-05-15,006400,171300.0,173000.0,169600.0,169700.0,265305.0
2025-05-16,006400,170000.0,170000.0,164100.0,164700.0,662722.0
2025-05-19,006400,163400.0,173300.0,163400.0,169400.0,490511.0
2025-05-20,006400,170400.0,170800.0,160600.0,161500.0,568781.0
2025-05-21,006400,162100.0,165500.0,161600.0,161800.0,291613.0
2025-05-22,006400,161800.0,164700.0,157700.0,163100.0,395732.0
2025-05-23,006400,162700.0,163400.0,159200.0,160200.0,268120.0
2025-05-26,006400,160200.0,168400.0,160200.0,166000.0,396990.0
2025-05-27,006400,164400.0,164600.0,159400.0,160200.0,488202.0
2025-05-28,006400,161300.0,176000.0,160800.0,174100.0,1002912.0
2025-05-29,006400,175800.0,175800.0,169000.0,174400.0,557915.0
2025-05-30,006400,172500.0,174000.0,168900.0,168900.0,1009215.0
2025-06-02,006400,170000.0,172900.0,167000.0,172800.0,438261.0
2025-06-04,006400,174600.0,179000.0,171400.0,172400.0,503464.0
2025-06-05,006400,170800.0,176300.0,170200.0,174300.0,370426.0
2025-06-09,006400,173500.0,173600.0,169500.0,170800.0,489915.0
2025-06-10,006400,171900.0,172900.0,169400.0,170300.0,426240.0
2025-06-11,006400,170800.0,175000.0,170300.0,172900.0,603691.0
2025-06-12,006400,171500.0,176900.0,171100.0,174800.0,1132120.0
2025-06-13,006400,173900.0,175900.0,169800.0,172100.0,666710.0
2025-06-16,006400,170900.0,171200.0,165900.0,168900.0,610282.0
2025-06-17,006400,169000.0,172900.0,166900.0,169300.0,508546.0
2025-06-18,006400,168300.0,170700.0,167100.0,169200.0,399040.0
2025-06-19,006400,169300.0,170800.0,167900.0,168200.0,408738.0
2025-06-20,006400,168200.0,177000.0,166500.0,176300.0,934905.0
2025-06-23,006400,172800.0,172900.0,168300.0,169300.0,571851.0
2025-06-24,006400,172500.0,182300.0,172400.0,176800.0,742543.0
2025-06-25,006400,177700.0,177800.0,173300.0,175400.0,421667.0
2025-06-26,006400,177000.0,178700.0,173100.0,174600.0,418901.0
2025-06-27,006400,175300.0,175300.0,169600.0,169700.0,478562.0
2025-06-30,006400,171000.0,175500.0,170900.0,172800.0,414084.0
2025-07-01,006400,173400.0,181700.0,172300.0,178200.0,885032.0
2025-07-02,006400,176600.0,179100.0,175200.0,179000.0,470497.0
2025-07-03,006400,180000.0,187000.0,178600.0,185300.0,850429.0
2025-07-04,006400,182800.0,183600.0,179500.0,181100.0,500743.0
2025-07-07,006400,182800.0,183700.0,176800.0,177000.0,504717.0
2025-07-08,006400,175400.0,178500.0,174000.0,175000.0,493345.0
2025-07-09,006400,175500.0,176900.0,169700.0,170100.0,689370.0
2025-07-10,006400,171000.0,171900.0,169900.0,170300.0,554246.0
2025-07-11,006400,171100.0,181000.0,171000.0,179400.0,1066739.0
2025-07-14,006400,180200.0,181100.0,176700.0,181100.0,399191.0
2025-07-15,006400,180600.0,181000.0,177800.0,179200.0,328760.0
2025-07-16,006400,178700.0,180000.0,175900.0,176100.0,278372.0
2025-07-17,006400,177400.0,179200.0,174600.0,179000.0,356729.0
2025-07-18,006400,180700.0,184300.0,180050.0,182500.0,686213.0
2025-07-21,006400,182500.0,186500.0,180900.0,185800.0,517341.0
2025-07-22,006400,187600.0,189200.0,181500.0,181900.0,473977.0
2025-07-23,006400,184000.0,185900.0,180100.0,184600.0,404059.0
2025-07-24,006400,186400.0,193900.0,185100.0,190300.0,1013457.0
2025-07-25,006400,193300.0,193300.0,187000.0,189800.0,525343.0
2025-07-28,006400,191900.0,195700.0,190500.0,194500.0,753603.0
2025-07-29,006400,192200.0,192300.0,187200.0,191100.0,536337.0
2025-07-30,006400,190700.0,210000.0,190700.0,206000.0,1593192.0
2025-07-31,006400,212500.0,212500.0,197500.0,201000.0,948283.0
2025-08-01,006400,196400.0,198000.0,189800.0,190000.0,843531.0
2025-08-04,006400,190800.0,194000.0,189500.0,193700.0,434105.0
2025-08-05,006400,197600.0,221500.0,197500.0,213500.0,1875615.0
2025-08-06,006400,212000.0,223000.0,211000.0,218000.0,1157281.0
2025-08-07,006400,223000.0,223000.0,214500.0,217000.0,467950.0
2025-08-08,006400,221500.0,221500.0,215000.0,218000.0,361289.0
2025-08-11,006400,221500.0,234000.0,221000.0,225000.0,983767.0
2025-08-12,006400,225000.0,226500.0,221000.0,221000.0,403226.0
2025-08-13,006400,225500.0,225500.0,218000.0,221500.0,325765.0
2025-08-14,006400,223500.0,229000.0,223000.0,224000.0,448035.0
2025-08-18,006400,222500.0,224500.0,216000.0,219500.0,319220.0
2025-08-19,006400,220500.0,223500.0,215500.0,221000.0,268361.0
2025-08-20,006400,218000.0,224000.0,216000.0,217500.0,377027.0
2025-08-21,006400,219000.0,219500.0,214500.0,215500.0,325179.0
2025-08-22,006400,216500.0,219000.0,213500.0,216000.0,373227.0
2025-08-25,006400,220000.0,223500.0,217500.0,221500.0,254189.0
2025-08-26,006400,221000.0,225750.0,219500.0,221000.0,480981.0
2025-08-27,006400,224000.0,224000.0,217500.0,220000.0,362256.0
2025-08-28,006400,220500.0,222500.0,215000.0,216000.0,336139.0
2025-08-29,006400,216500.0,216500.0,206000.0,207000.0,619884.0
2025-09-01,006400,202500.0,206500.0,201500.0,203000.0,300030.0
2025-09-02,006400,204000.0,204000.0,199400.0,202500.0,295808.0
2025-09-03,006400,203000.0,204500.0,200000.0,201500.0,252531.0
2025-09-04,006400,205500.0,205500.0,201000.0,202500.0,260018.0
2025-09-05,006400,202500.0,203500.0,199300.0,199500.0,303237.0
2025-09-08,006400,197900.0,201500.0,197600.0,199900.0,207896.0
2025-09-09,006400,200500.0,202500.0,199600.0,201500.0,307287.0
2025-09-10,006400,200000.0,200500.0,196800.0,198100.0,689275.0
2025-09-11,006400,199700.0,201000.0,198000.0,198300.0,488743.0
2025-09-12,006400,201500.0,204000.0,200000.0,204000.0,534562.0
2025-09-15,006400,206000.0,207000.0,200500.0,201500.0,592824.0
2025-09-16,006400,203000.0,205000.0,201500.0,204000.0,398951.0
2025-09-17,006400,204500.0,207500.0,202500.0,204000.0,342331.0
2025-09-18,006400,205000.0,209000.0,202500.0,209000.0,374497.0
2025-09-19,006400,207500.0,209000.0,203000.0,203000.0,858121.0
2025-09-22,006400,205000.0,211000.0,203500.0,207500.0,406999.0
2025-09-23,006400,208500.0,211500.0,207500.0,210000.0,296713.0
2025-09-24,006400,211500.0,211500.0,203000.0,205500.0,361727.0
2025-09-25,006400,206000.0,211500.0,205500.0,210500.0,416263.0
2025-09-26,006400,208000.0,208000.0,202500.0,202500.0,378492.0
2025-09-29,006400,205500.0,208000.0,204500.0,206000.0,205188.0
2025-09-30,006400,205000.0,209000.0,204500.0,205000.0,247788.0
2025-10-01,006400,206000.0,207500.0,203000.0,204000.0,216933.0
2025-10-02,006400,207500.0,212000.0,206500.0,206500.0,588864.0
2025-10-10,006400,208500.0,208500.0,202500.0,207000.0,461084.0
2025-10-13,006400,203500.0,214000.0,201500.0,210500.0,628628.0
2025-10-14,006400,211500.0,223000.0,209500.0,220000.0,1096518.0
2025-10-15,006400,223000.0,223000.0,217500.0,221500.0,450096.0
2025-10-16,006400,222000.0,236000.0,221000.0,236000.0,1126965.0
2025-10-17,006400,234000.0,259500.0,232000.0,255500.0,2155134.0
2025-10-20,006400,258000.0,261500.0,248000.0,260500.0,876562.0
2025-10-21,006400,261500.0,267000.0,255500.0,259000.0,942968.0
2025-10-22,006400,262000.0,265500.0,258000.0,262500.0,676863.0
2025-10-23,006400,261500.0,264500.0,257000.0,258000.0,520549.0
2025-10-24,006400,261000.0,296500.0,259000.0,293000.0,1641056.0
2025-10-27,006400,304000.0,304500.0,282000.0,285000.0,1695824.0
2025-10-28,006400,282500.0,321000.0,273000.0,312000.0,3688662.0
2025-10-29,006400,312500.0,334000.0,309500.0,331000.0,2181528.0
2025-10-30,006400,335000.0,349500.0,324000.0,325500.0,1784094.0
2025-10-31,006400,316000.0,329000.0,315500.0,322000.0,1007311.0
2025-11-03,006400,328500.0,328500.0,320000.0,327000.0,717628.0
2025-11-04,006400,353000.0,354500.0,335000.0,337500.0,1277759.0
2025-11-05,006400,327500.0,332500.0,310000.0,325000.0,1464201.0
2025-11-06,006400,335000.0,335500.0,318500.0,322000.0,806692.0
2025-11-07,006400,310000.0,318750.0,300000.0,306000.0,912774.0
2025-11-10,006400,308000.0,316000.0,303000.0,315000.0,450539.0
2025-11-11,006400,324000.0,331000.0,314000.0,322000.0,774167.0
2025-11-12,006400,324500.0,325000.0,316000.0,321500.0,342657.0
2025-11-13,006400,321500.0,336500.0,317500.0,334500.0,672268.0
2025-11-14,006400,323000.0,324500.0,315000.0,315000.0,544713.0
2025-11-17,006400,321000.0,324500.0,315000.0,317000.0,324257.0
2025-11-18,006400,317000.0,319000.0,301000.0,301500.0,520118.0
2025-11-19,006400,300500.0,303500.0,290000.0,296500.0,413844.0
2025-11-20,006400,304500.0,307000.0,300500.0,302000.0,247526.0
2025-11-21,006400,289000.0,293250.0,287000.0,288500.0,345160.0
2025-11-24,006400,291500.0,291500.0,280500.0,281000.0,808887.0
2025-11-25,006400,288000.0,289000.0,281000.0,284500.0,265462.0
2025-11-26,006400,288000.0,304500.0,286500.0,304500.0,466323.0
2025-11-27,006400,307000.0,307500.0,300000.0,303000.0,256219.0
2025-11-28,006400,307500.0,308000.0,298000.0,299500.0,339877.0
2025-12-01,006400,301500.0,304500.0,296000.0,299000.0,255242.0
2025-12-02,006400,300500.0,306500.0,297500.0,305000.0,317336.0
2025-12-03,006400,305500.0,306250.0,301000.0,305000.0,224504.0
2025-12-04,006400,305500.0,306000.0,297500.0,302500.0,297211.0
2025-12-05,006400,299500.0,310500.0,299500.0,307500.0,379347.0
2025-12-08,006400,308500.0,314000.0,305000.0,314000.0,507131.0
2025-12-09,006400,310500.0,313000.0,306500.0,310000.0,278714.0
2025-12-10,006400,326000.0,329000.0,314000.0,317500.0,637865.0
2025-12-11,006400,321000.0,321500.0,308000.0,308000.0,463386.0
2025-12-12,006400,310000.0,310000.0,306000.0,308000.0,304163.0
2025-12-15,006400,301500.0,309500.0,298500.0,303000.0,339241.0
2025-12-16,006400,304000.0,304500.0,291500.0,293500.0,480504.0
2025-12-17,006400,296000.0,297000.0,291500.0,295000.0,232155.0
2025-12-18,006400,285000.0,285500.0,277000.0,277000.0,644420.0
2025-12-19,006400,280000.0,280000.0,267500.0,279500.0,691283.0
2025-12-22,006400,282000.0,285000.0,277500.0,282500.0,311296.0
2025-12-23,006400,283000.0,283000.0,277750.0,279500.0,329038.0
2025-12-24,006400,281500.0,283500.0,278500.0,280000.0,206418.0
2025-12-26,006400,280000.0,282500.0,273000.0,274000.0,340872.0
2025-12-29,006400,267000.0,278500.0,265000.0,277500.0,330047.0
2025-12-30,006400,273500.0,275000.0,267000.0,269500.0,448385.0
2026-01-02,006400,268000.0,268000.0,259000.0,262500.0,616243.0
2026-01-05,006400,260000.0,280000.0,259500.0,275000.0,805956.0
2026-01-06,006400,282000.0,282000.0,274000.0,277000.0,448991.0
2026-01-07,006400,279000.0,280000.0,268500.0,270500.0,603479.0
2026-01-08,006400,271500.0,274000.0,269000.0,271000.0,556265.0
2026-01-09,006400,272000.0,272000.0,265250.0,267500.0,433710.0
2026-01-12,006400,265500.0,280500.0,264000.0,278000.0,704473.0
2026-01-13,006400,281500.0,302500.0,276000.0,300000.0,1248744.0
2026-01-14,006400,298500.0,298500.0,284500.0,285500.0,663816.0
2026-01-15,006400,287000.0,292000.0,284250.0,291500.0,487778.0
2026-01-16,006400,291500.0,292000.0,286000.0,289000.0,447796.0
2026-01-19,006400,289000.0,320000.0,286000.0,314000.0,1430872.0
2026-01-20,006400,319000.0,339500.0,315500.0,326000.0,2148250.0
2026-01-21,006400,316000.0,326500.0,310000.0,324000.0,1109366.0
2026-01-22,006400,333000.0,385500.0,325500.0,384500.0,5826300.0
2026-01-23,006400,402000.0,402000.0,362500.0,373000.0,3366383.0
2026-01-26,006400,385500.0,389500.0,375500.0,387000.0,1609025.0
2026-01-27,006400,373500.0,398000.0,367500.0,387500.0,1845095.0
2026-01-28,006400,394000.0,411500.0,390000.0,396500.0,2071072.0
2026-01-29,006400,397500.0,399500.0,376500.0,388000.0,1317541.0
2026-01-30,006400,390500.0,400500.0,376000.0,390000.0,1730887.0
2026-02-02,006400,380000.0,386500.0,355500.0,356000.0,1586089.0
2026-02-03,006400,366500.0,381000.0,357500.0,374500.0,930111.0
2026-02-04,006400,374000.0,396000.0,372500.0,391500.0,1224216.0
2026-02-05,006400,388000.0,399500.0,380000.0,385500.0,1150046.0
2026-02-06,006400,370500.0,373000.0,358500.0,370000.0,727300.0
2026-02-09,006400,381500.0,383000.0,375000.0,380000.0,477549.0
2026-02-10,006400,385500.0,391500.0,377000.0,381000.0,504263.0
2026-02-11,006400,381500.0,384500.0,373500.0,377000.0,367852.0
2026-02-12,006400,381000.0,386000.0,373000.0,385500.0,639928.0
2026-02-13,006400,377500.0,383000.0,372500.0,374500.0,517002.0
2026-02-19,006400,379500.0,409000.0,377000.0,408000.0,1085467.0
2026-02-20,006400,402000.0,420500.0,399000.0,402000.0,928083.0
2026-02-23,006400,407500.0,407500.0,387000.0,391500.0,793713.0
2026-02-24,006400,400500.0,427000.0,399500.0,421500.0,2584055.0
2026-02-25,006400,422000.0,443500.0,415000.0,433000.0,1253279.0
2026-02-26,006400,439500.0,457000.0,436500.0,449000.0,1109842.0
2026-02-27,006400,439500.0,473500.0,438500.0,466000.0,1207350.0
2026-03-03,006400,453500.0,454500.0,408000.0,408000.0,1453235.0
2026-03-04,006400,390000.0,406000.0,348500.0,351000.0,1895549.0
2026-03-05,006400,391000.0,407000.0,385000.0,392500.0,1008865.0
2026-03-06,006400,388500.0,411500.0,385500.0,410500.0,796681.0
2026-03-09,006400,386500.0,394500.0,375500.0,389000.0,754807.0
2026-03-10,006400,415000.0,415000.0,394000.0,403500.0,597355.0
2026-03-11,006400,413500.0,419000.0,394500.0,400000.0,531148.0
2026-03-12,006400,396000.0,402000.0,394000.0,400000.0,616460.0
2026-03-13,006400,387000.0,397000.0,384500.0,388000.0,531172.0
2026-03-16,006400,395000.0,398000.0,380000.0,383000.0,483616.0
2026-03-17,006400,395000.0,397500.0,388000.0,389000.0,359325.0
2026-03-18,006400,397000.0,405000.0,393500.0,405000.0,384421.0
2026-03-19,006400,397000.0,414000.0,396000.0,402500.0,428488.0
2026-03-20,006400,405000.0,407000.0,398000.0,400500.0,397940.0
2026-03-23,006400,386500.0,387000.0,375500.0,376500.0,462325.0
2026-03-24,006400,392000.0,403000.0,383500.0,397500.0,531265.0
2026-03-25,006400,401000.0,411500.0,399500.0,404000.0,416484.0
2026-03-26,006400,402000.0,413500.0,391000.0,396500.0,455967.0
2026-03-27,006400,387500.0,409000.0,375000.0,405500.0,657568.0
2026-03-30,006400,389000.0,418000.0,388500.0,412500.0,735298.0
2026-03-31,006400,419500.0,429500.0,404000.0,408000.0,1110671.0
2026-04-01,006400,425000.0,434000.0,413000.0,432000.0,779644.0
2026-04-02,006400,434500.0,460000.0,430000.0,443000.0,1822137.0
2026-04-03,006400,451500.0,460000.0,432500.0,438500.0,692098.0
2026-04-06,006400,441000.0,470000.0,438000.0,453500.0,1125434.0
2026-04-07,006400,448500.0,468500.0,445000.0,456500.0,759485.0
2026-04-08,006400,471000.0,471500.0,454500.0,471500.0,821542.0
2026-04-09,006400,475000.0,493500.0,469000.0,480000.0,1003279.0
2026-04-10,006400,483000.0,490000.0,473000.0,481000.0,550626.0
2026-04-13,006400,476500.0,493000.0,472000.0,477500.0,482539.0
2026-04-14,006400,485500.0,491000.0,463000.0,470500.0,798652.0
2026-04-15,006400,473500.0,478500.0,466000.0,471000.0,632770.0
2026-04-16,006400,473000.0,480000.0,473000.0,478500.0,357441.0
2026-04-17,006400,480000.0,515000.0,473000.0,513000.0,1116580.0
2026-04-20,006400,515000.0,549000.0,509000.0,538000.0,827022.0
2026-04-21,006400,570000.0,648000.0,557000.0,645000.0,2533682.0
2026-04-22,006400,686000.0,686000.0,647000.0,659000.0,1727542.0
2026-04-23,006400,657000.0,669000.0,613000.0,630000.0,1204489.0
2026-04-24,006400,648000.0,663000.0,631000.0,641000.0,786062.0
2026-04-27,006400,641000.0,648000.0,616000.0,635000.0,701082.0
2026-04-28,006400,657000.0,690000.0,650000.0,680000.0,1454459.0
2026-04-29,006400,689000.0,714000.0,685000.0,712000.0,1268312.0
2026-04-30,006400,721000.0,723000.0,692000.0,695000.0,853824.0
2026-05-04,006400,715000.0,717000.0,694000.0,705000.0,663957.0
2026-05-06,006400,707000.0,707000.0,677000.0,698000.0,813564.0
2026-05-07,006400,698000.0,698000.0,677000.0,694000.0,604589.0
2026-05-08,006400,683000.0,694000.0,671000.0,678000.0,460537.0
2026-05-11,006400,670000.0,693000.0,651000.0,684000.0,850986.0
2026-05-12,006400,676000.0,680000.0,616000.0,629000.0,1349091.0
2026-05-13,006400,612000.0,645000.0,600000.0,634000.0,788819.0
2026-05-14,006400,663000.0,665000.0,623000.0,636000.0,712838.0
2026-05-15,006400,629000.0,668000.0,603000.0,614000.0,1100294.0
2026-05-18,006400,592000.0,616000.0,565000.0,613000.0,554836.0
2026-05-19,006400,612000.0,621000.0,570000.0,587000.0,511340.0
2026-05-20,006400,580000.0,584000.0,548000.0,570000.0,691785.0
2026-05-21,006400,592000.0,616000.0,578000.0,616000.0,516899.0
2026-05-22,006400,640000.0,657000.0,627000.0,647000.0,652607.0
2026-05-26,006400,666000.0,667000.0,631000.0,642000.0,481983.0
2026-05-27,006400,636000.0,674000.0,629000.0,630000.0,799920.0
2026-05-28,006400,660000.0,691000.0,643000.0,676000.0,1585322.0
2026-05-29,006400,680000.0,707000.0,657000.0,688000.0,2040080.0
2026-06-01,006400,679000.0,679000.0,650000.0,652000.0,854997.0
2026-06-02,006400,641000.0,670000.0,595000.0,602000.0,1018750.0
2026-06-04,006400,604000.0,624000.0,586000.0,607000.0,466801.0
2026-06-05,006400,599000.0,601000.0,555000.0,568000.0,542951.0
2026-06-08,006400,504000.0,525000.0,499500.0,503000.0,624954.0
2026-06-09,006400,516000.0,527000.0,488000.0,515000.0,590666.0
2026-06-10,006400,509000.0,524000.0,482000.0,496500.0,514326.0
2026-06-11,006400,476500.0,498500.0,466500.0,498500.0,498703.0
2026-06-12,006400,531000.0,570000.0,520000.0,539000.0,677491.0
2026-06-15,006400,566000.0,573000.0,542000.0,553000.0,531797.0
2026-06-16,006400,564000.0,565000.0,546000.0,549000.0,352915.0
2026-06-17,006400,556000.0,556000.0,536000.0,550000.0,257980.0
2026-06-18,006400,543000.0,544000.0,520000.0,522000.0,391100.0
2026-06-19,006400,527000.0,582000.0,527000.0,555000.0,964995.0
2026-06-22,006400,564000.0,570000.0,530000.0,533000.0,435643.0
2026-06-23,006400,534000.0,547000.0,469000.0,469000.0,712421.0
2026-06-24,006400,478500.0,495500.0,467500.0,489000.0,580727.0
2026-06-25,006400,501000.0,512000.0,479000.0,481000.0,430322.0
2026-06-26,006400,480000.0,496000.0,442000.0,455000.0,580098.0
2026-06-29,006400,468500.0,514000.0,459500.0,512000.0,737533.0
2026-06-30,006400,504000.0,511000.0,485000.0,487000.0,564868.0
2026-07-01,006400,501000.0,504000.0,478000.0,491000.0,431232.0
2026-07-02,006400,486000.0,493500.0,459500.0,470500.0,451674.0
2026-07-03,006400,471000.0,471000.0,429000.0,467500.0,498975.0
2026-07-06,006400,472000.0,472500.0,437000.0,451500.0,412053.0
2026-07-07,006400,451500.0,457000.0,431500.0,445000.0,486461.0
2026-07-08,006400,433000.0,433000.0,403500.0,412000.0,549542.0
2026-07-09,006400,414000.0,420500.0,390000.0,401500.0,595813.0
2026-07-10,006400,406000.0,442500.0,406000.0,434000.0,481772.0
2026-07-13,006400,443000.0,481500.0,432000.0,440000.0,849490.0
2026-07-14,006400,454000.0,454000.0,406000.0,427500.0,713492.0
2026-07-15,006400,441000.0,471500.0,439500.0,454000.0,607682.0
2026-07-16,006400,454000.0,461500.0,425000.0,434500.0,484964.0
2025-01-15,010950,63500.0,64000.0,63200.0,63600.0,173418.0
2025-01-16,010950,64400.0,64400.0,63700.0,63900.0,181001.0
2025-01-17,010950,63900.0,65300.0,63200.0,65300.0,350616.0
2025-01-20,010950,64700.0,64800.0,62400.0,62500.0,316298.0
2025-01-21,010950,62900.0,63400.0,60900.0,61300.0,186044.0
2025-01-22,010950,61300.0,62400.0,60500.0,61300.0,171182.0
2025-01-23,010950,61300.0,62700.0,61000.0,61300.0,171033.0
2025-01-24,010950,61800.0,61800.0,60000.0,60700.0,165930.0
2025-01-31,010950,61300.0,61300.0,59900.0,61000.0,111504.0
2025-02-03,010950,61000.0,62000.0,59600.0,60300.0,147603.0
2025-02-04,010950,60500.0,60800.0,59100.0,59300.0,156595.0
2025-02-05,010950,59400.0,60100.0,58800.0,59100.0,98985.0
2025-02-06,010950,59100.0,59400.0,58800.0,59300.0,122007.0
2025-02-07,010950,58800.0,58900.0,58400.0,58400.0,122480.0
2025-02-10,010950,58400.0,58900.0,57900.0,58400.0,141609.0
2025-02-11,010950,58800.0,59200.0,58300.0,58800.0,115666.0
2025-02-12,010950,58800.0,60000.0,58600.0,59000.0,130048.0
2025-02-13,010950,58500.0,59700.0,58400.0,59000.0,179402.0
2025-02-14,010950,59100.0,60000.0,59100.0,59500.0,139076.0
2025-02-17,010950,60100.0,61500.0,59500.0,60900.0,144268.0
2025-02-18,010950,60900.0,60900.0,60200.0,60500.0,86637.0
2025-02-19,010950,60500.0,61800.0,60500.0,60800.0,119988.0
2025-02-20,010950,60800.0,61700.0,60400.0,61500.0,149756.0
2025-02-21,010950,61400.0,61400.0,59600.0,59800.0,204837.0
2025-02-24,010950,59100.0,59800.0,59000.0,59300.0,93259.0
2025-02-25,010950,59100.0,59100.0,58300.0,58400.0,153055.0
2025-02-26,010950,58400.0,58400.0,57100.0,57400.0,257825.0
2025-02-27,010950,57700.0,57900.0,57000.0,57600.0,136242.0
2025-02-28,010950,57300.0,57500.0,56500.0,56900.0,235375.0
2025-03-04,010950,56400.0,56900.0,55700.0,55700.0,139504.0
2025-03-05,010950,56200.0,57200.0,56200.0,56900.0,112498.0
2025-03-06,010950,57200.0,57400.0,56500.0,57100.0,114954.0
2025-03-07,010950,57000.0,57500.0,56300.0,57200.0,85195.0
2025-03-10,010950,58100.0,62400.0,58000.0,62200.0,746912.0
2025-03-11,010950,60900.0,61100.0,59500.0,60200.0,264237.0
2025-03-12,010950,60700.0,61300.0,60300.0,60500.0,121169.0
2025-03-13,010950,60600.0,61100.0,59500.0,60200.0,211495.0
2025-03-14,010950,60500.0,60500.0,58900.0,59000.0,103373.0
2025-03-17,010950,59100.0,59400.0,58200.0,58500.0,148438.0
2025-03-18,010950,58900.0,59000.0,58300.0,58300.0,77889.0
2025-03-19,010950,58400.0,58500.0,57900.0,58300.0,144764.0
2025-03-20,010950,58000.0,58700.0,58000.0,58300.0,80392.0
2025-03-21,010950,58300.0,58600.0,57800.0,58000.0,247182.0
2025-03-24,010950,57700.0,58200.0,57700.0,57700.0,93123.0
2025-03-25,010950,57800.0,58000.0,57300.0,57800.0,105665.0
2025-03-26,010950,58200.0,58200.0,57700.0,57800.0,99557.0
2025-03-27,010950,57500.0,58200.0,57400.0,57900.0,73188.0
2025-03-28,010950,58100.0,58100.0,57000.0,57300.0,83568.0
2025-03-31,010950,56600.0,56800.0,55700.0,56100.0,219250.0
2025-04-01,010950,56200.0,57700.0,56000.0,56700.0,262288.0
2025-04-02,010950,56500.0,56600.0,55000.0,56000.0,345540.0
2025-04-03,010950,54900.0,55250.0,54100.0,54800.0,353803.0
2025-04-04,010950,53900.0,55050.0,53100.0,54400.0,277868.0
2025-04-07,010950,53000.0,53600.0,50500.0,51100.0,391337.0
2025-04-08,010950,51600.0,52300.0,50900.0,51200.0,171846.0
2025-04-09,010950,51100.0,51500.0,50300.0,50400.0,158851.0
2025-04-10,010950,52700.0,52800.0,51600.0,52200.0,280115.0
2025-04-11,010950,51500.0,52100.0,51000.0,51900.0,108991.0
2025-04-14,010950,52700.0,52800.0,51500.0,51800.0,148977.0
2025-04-15,010950,52100.0,52400.0,51600.0,51800.0,89613.0
2025-04-16,010950,52000.0,52200.0,50800.0,50900.0,142351.0
2025-04-17,010950,51500.0,51700.0,50900.0,51400.0,142039.0
2025-04-18,010950,52200.0,52400.0,51400.0,52300.0,76432.0
2025-04-21,010950,52500.0,52900.0,51800.0,52400.0,78527.0
2025-04-22,010950,52400.0,52400.0,51800.0,52200.0,78507.0
2025-04-23,010950,52900.0,53000.0,52500.0,52800.0,84562.0
2025-04-24,010950,52900.0,52900.0,51900.0,52200.0,128276.0
2025-04-25,010950,52600.0,52900.0,52100.0,52400.0,149758.0
2025-04-28,010950,52300.0,53200.0,52000.0,52100.0,169353.0
2025-04-29,010950,52300.0,52400.0,51000.0,51900.0,247492.0
2025-04-30,010950,51500.0,52100.0,51500.0,52000.0,86172.0
2025-05-02,010950,53000.0,53500.0,52000.0,52100.0,164757.0
2025-05-07,010950,52700.0,52800.0,52000.0,52300.0,137445.0
2025-05-08,010950,52200.0,52600.0,51900.0,52100.0,222908.0
2025-05-09,010950,52200.0,52500.0,52000.0,52100.0,79913.0
2025-05-12,010950,52300.0,52500.0,51800.0,52400.0,142680.0
2025-05-13,010950,52200.0,52700.0,52200.0,52500.0,85283.0
2025-05-14,010950,52800.0,53500.0,52400.0,52700.0,207844.0
2025-05-15,010950,52400.0,52700.0,51700.0,51800.0,157985.0
2025-05-16,010950,51900.0,52100.0,51300.0,51300.0,109115.0
2025-05-19,010950,51400.0,52000.0,51000.0,51200.0,107425.0
2025-05-20,010950,51300.0,51400.0,50500.0,50700.0,186557.0
2025-05-21,010950,50700.0,51200.0,50700.0,50900.0,78275.0
2025-05-22,010950,50900.0,50900.0,50400.0,50600.0,174087.0
2025-05-23,010950,50500.0,50700.0,50000.0,50700.0,127385.0
2025-05-26,010950,50700.0,53600.0,50700.0,53600.0,404087.0
2025-05-27,010950,55700.0,57900.0,55000.0,56500.0,859686.0
2025-05-28,010950,56700.0,57300.0,55900.0,56400.0,306864.0
2025-05-29,010950,56500.0,56900.0,55500.0,55900.0,220822.0
2025-05-30,010950,55500.0,55900.0,54100.0,54400.0,350062.0
2025-06-02,010950,55300.0,56600.0,54500.0,55000.0,240844.0
2025-06-04,010950,55300.0,57000.0,55100.0,55800.0,256423.0
2025-06-05,010950,56400.0,58000.0,56000.0,56300.0,226345.0
2025-06-09,010950,57400.0,58900.0,56600.0,58700.0,374419.0
2025-06-10,010950,58800.0,59400.0,57700.0,59000.0,232014.0
2025-06-11,010950,58800.0,59500.0,58200.0,58500.0,162644.0
2025-06-12,010950,59800.0,60300.0,58500.0,59200.0,432403.0
2025-06-13,010950,59300.0,66900.0,58300.0,63700.0,2229859.0
2025-06-16,010950,65600.0,65700.0,62000.0,63700.0,799767.0
2025-06-17,010950,61100.0,61600.0,59600.0,61200.0,693838.0
2025-06-18,010950,62300.0,63000.0,61100.0,62300.0,599486.0
2025-06-19,010950,61700.0,61800.0,60100.0,61500.0,492422.0
2025-06-20,010950,60600.0,62100.0,60600.0,61500.0,417862.0
2025-06-23,010950,65800.0,65800.0,62000.0,62600.0,822193.0
2025-06-24,010950,58700.0,59300.0,58000.0,58600.0,723308.0
2025-06-25,010950,58600.0,58600.0,57500.0,57900.0,380584.0
2025-06-26,010950,58000.0,58500.0,57700.0,58200.0,205251.0
2025-06-27,010950,58300.0,58300.0,57900.0,58200.0,137397.0
2025-06-30,010950,58700.0,60900.0,58500.0,59900.0,617609.0
2025-07-01,010950,60100.0,62000.0,59500.0,61800.0,520884.0
2025-07-02,010950,60900.0,62400.0,60500.0,62200.0,367127.0
2025-07-03,010950,62200.0,63100.0,61700.0,62900.0,352058.0
2025-07-04,010950,62900.0,63100.0,62200.0,62300.0,151211.0
2025-07-07,010950,61900.0,62800.0,60800.0,62200.0,186170.0
2025-07-08,010950,62200.0,62800.0,61000.0,61700.0,216185.0
2025-07-09,010950,61900.0,63800.0,61800.0,63500.0,372783.0
2025-07-10,010950,63400.0,64500.0,63300.0,64400.0,324552.0
2025-07-11,010950,64000.0,64000.0,62900.0,63500.0,229585.0
2025-07-14,010950,63200.0,63700.0,63000.0,63300.0,130906.0
2025-07-15,010950,62700.0,63900.0,62700.0,63700.0,180059.0
2025-07-16,010950,63200.0,63600.0,63000.0,63200.0,138866.0
2025-07-17,010950,63400.0,63400.0,62000.0,62500.0,190005.0
2025-07-18,010950,62400.0,63000.0,61300.0,61900.0,208026.0
2025-07-21,010950,61900.0,62600.0,61300.0,62400.0,146349.0
2025-07-22,010950,61900.0,63800.0,61900.0,62700.0,194603.0
2025-07-23,010950,63000.0,63300.0,62000.0,62700.0,80845.0
2025-07-24,010950,62700.0,63400.0,61500.0,61800.0,124234.0
2025-07-25,010950,61300.0,62900.0,61300.0,62300.0,188250.0
2025-07-28,010950,62400.0,62600.0,61300.0,62200.0,230583.0
2025-07-29,010950,61900.0,61900.0,59300.0,61200.0,218830.0
2025-07-30,010950,62000.0,64200.0,62000.0,63200.0,425141.0
2025-07-31,010950,62700.0,63700.0,62000.0,62700.0,162737.0
2025-08-01,010950,61700.0,62000.0,60000.0,60300.0,224605.0
2025-08-04,010950,60200.0,60300.0,59400.0,59700.0,150042.0
2025-08-05,010950,60400.0,61200.0,60300.0,60800.0,159468.0
2025-08-06,010950,60200.0,63400.0,60200.0,62400.0,248319.0
2025-08-07,010950,62200.0,62300.0,61500.0,62200.0,117025.0
2025-08-08,010950,61700.0,62000.0,61100.0,61500.0,93347.0
2025-08-11,010950,61500.0,61600.0,60400.0,60700.0,128596.0
2025-08-12,010950,60500.0,61800.0,60500.0,61200.0,158690.0
2025-08-13,010950,61100.0,61500.0,60700.0,61500.0,79048.0
2025-08-14,010950,61500.0,62600.0,61000.0,61200.0,207034.0
2025-08-18,010950,61100.0,61400.0,60300.0,60500.0,99206.0
2025-08-19,010950,61300.0,61400.0,60400.0,61400.0,148960.0
2025-08-20,010950,60800.0,60900.0,59600.0,60900.0,141169.0
2025-08-21,010950,60900.0,63000.0,60900.0,61600.0,318195.0
2025-08-22,010950,61800.0,61900.0,59300.0,59800.0,314447.0
2025-08-25,010950,60200.0,61000.0,59900.0,60800.0,145513.0
2025-08-26,010950,60700.0,62000.0,60700.0,60900.0,265630.0
2025-08-27,010950,61000.0,61300.0,60400.0,60400.0,81351.0
2025-08-28,010950,60500.0,61200.0,60400.0,60600.0,118589.0
2025-08-29,010950,60900.0,60900.0,59800.0,60300.0,123477.0
2025-09-01,010950,60500.0,60500.0,59100.0,59500.0,141472.0
2025-09-02,010950,59200.0,59500.0,58400.0,58900.0,182306.0
2025-09-03,010950,59100.0,59800.0,59000.0,59600.0,90483.0
2025-09-04,010950,59400.0,60500.0,59200.0,60500.0,140856.0
2025-09-05,010950,60100.0,60700.0,60000.0,60600.0,90703.0
2025-09-08,010950,60600.0,60600.0,59400.0,60000.0,197903.0
2025-09-09,010950,60100.0,60100.0,59300.0,59700.0,168967.0
2025-09-10,010950,59800.0,60000.0,59400.0,60000.0,187749.0
2025-09-11,010950,59800.0,60900.0,59700.0,60900.0,255588.0
2025-09-12,010950,60500.0,60600.0,58900.0,59200.0,519613.0
2025-09-15,010950,59600.0,59600.0,58900.0,59300.0,142068.0
2025-09-16,010950,59200.0,59300.0,58600.0,58600.0,213756.0
2025-09-17,010950,59200.0,59400.0,58600.0,58800.0,166846.0
2025-09-18,010950,58700.0,58800.0,58200.0,58700.0,173495.0
2025-09-19,010950,58500.0,58600.0,57600.0,57800.0,286478.0
2025-09-22,010950,58100.0,58800.0,58000.0,58600.0,116100.0
2025-09-23,010950,58100.0,58600.0,57800.0,57900.0,142615.0
2025-09-24,010950,58700.0,60600.0,58400.0,59800.0,582832.0
2025-09-25,010950,60300.0,61300.0,59600.0,61200.0,364198.0
2025-09-26,010950,60600.0,62800.0,60400.0,61600.0,299938.0
2025-09-29,010950,62200.0,64800.0,62100.0,64800.0,748671.0
2025-09-30,010950,63500.0,63900.0,62200.0,62400.0,314940.0
2025-10-01,010950,62500.0,62800.0,61700.0,62400.0,146814.0
2025-10-02,010950,62200.0,62700.0,61100.0,62300.0,278045.0
2025-10-10,010950,64000.0,67200.0,63800.0,66800.0,936751.0
2025-10-13,010950,64500.0,66400.0,64200.0,66200.0,280291.0
2025-10-14,010950,66200.0,67200.0,65500.0,66300.0,265132.0
2025-10-15,010950,66000.0,66600.0,65000.0,65500.0,221511.0
2025-10-16,010950,65800.0,68300.0,65800.0,68300.0,469431.0
2025-10-17,010950,67100.0,67200.0,65000.0,65300.0,302690.0
2025-10-20,010950,65200.0,67900.0,65000.0,67500.0,334354.0
2025-10-21,010950,67500.0,69600.0,67500.0,68100.0,303502.0
2025-10-22,010950,69200.0,72900.0,68900.0,72600.0,853686.0
2025-10-23,010950,74200.0,74800.0,72500.0,73100.0,457145.0
2025-10-24,010950,75200.0,77300.0,74300.0,74900.0,630068.0
2025-10-27,010950,74200.0,74400.0,72700.0,74100.0,439226.0
2025-10-28,010950,74400.0,74400.0,72800.0,73900.0,232593.0
2025-10-29,010950,74200.0,74300.0,72300.0,73700.0,335022.0
2025-10-30,010950,73000.0,73800.0,72700.0,72900.0,194749.0
2025-10-31,010950,72300.0,72800.0,70900.0,71800.0,242597.0
2025-11-03,010950,72700.0,72800.0,70700.0,72300.0,384310.0
2025-11-04,010950,73800.0,79700.0,73800.0,77300.0,1074010.0
2025-11-05,010950,78300.0,78300.0,73400.0,74900.0,390169.0
2025-11-06,010950,75600.0,79000.0,75300.0,76300.0,464945.0
2025-11-07,010950,76000.0,76700.0,73600.0,74400.0,248560.0
2025-11-10,010950,75700.0,79900.0,74800.0,79000.0,578025.0
2025-11-11,010950,79000.0,82900.0,78500.0,82200.0,649973.0
2025-11-12,010950,83200.0,87900.0,82000.0,87500.0,848720.0
2025-11-13,010950,86400.0,89400.0,85600.0,86300.0,542107.0
2025-11-14,010950,85400.0,88900.0,84700.0,85700.0,299323.0
2025-11-17,010950,87000.0,88500.0,86400.0,88000.0,285672.0
2025-11-18,010950,87400.0,87900.0,85200.0,85700.0,247276.0
2025-11-19,010950,87900.0,90000.0,86100.0,90000.0,780601.0
2025-11-20,010950,89100.0,90600.0,86700.0,89400.0,383331.0
2025-11-21,010950,87900.0,90300.0,87100.0,89700.0,393965.0
2025-11-24,010950,88500.0,89000.0,80500.0,81500.0,774966.0
2025-11-25,010950,83000.0,83300.0,79000.0,80400.0,436537.0
2025-11-26,010950,80500.0,81500.0,79400.0,80900.0,346957.0
2025-11-27,010950,81100.0,81100.0,76800.0,77700.0,583181.0
2025-11-28,010950,78000.0,78100.0,75900.0,76700.0,336593.0
2025-12-01,010950,77200.0,78300.0,76500.0,77900.0,228697.0
2025-12-02,010950,78200.0,80900.0,77500.0,80800.0,352550.0
2025-12-03,010950,80600.0,81400.0,79500.0,80900.0,208647.0
2025-12-04,010950,80200.0,81600.0,77900.0,81400.0,181219.0
2025-12-05,010950,80600.0,81500.0,79800.0,80500.0,163716.0
2025-12-08,010950,81100.0,81100.0,78000.0,79700.0,225111.0
2025-12-09,010950,79800.0,81100.0,78800.0,80600.0,157173.0
2025-12-10,010950,81200.0,83000.0,80300.0,81700.0,242563.0
2025-12-11,010950,82300.0,82700.0,80300.0,80600.0,229338.0
2025-12-12,010950,81400.0,82400.0,80500.0,81600.0,144842.0
2025-12-15,010950,83900.0,89900.0,83100.0,86400.0,594216.0
2025-12-16,010950,85800.0,86000.0,83300.0,83800.0,235509.0
2025-12-17,010950,84400.0,85600.0,82200.0,84900.0,261644.0
2025-12-18,010950,86000.0,86400.0,79700.0,80500.0,312492.0
2025-12-19,010950,81700.0,81900.0,80300.0,81500.0,167095.0
2025-12-22,010950,82700.0,84800.0,81500.0,84000.0,216226.0
2025-12-23,010950,84900.0,84900.0,83200.0,84000.0,87985.0
2025-12-24,010950,84000.0,85200.0,83000.0,83200.0,98317.0
2025-12-26,010950,82600.0,82900.0,81000.0,82000.0,148809.0
2025-12-29,010950,80500.0,81550.0,80100.0,81300.0,165928.0
2025-12-30,010950,82400.0,83000.0,81100.0,83000.0,160982.0
2026-01-02,010950,83000.0,83000.0,79500.0,80300.0,226535.0
2026-01-05,010950,82900.0,85800.0,80400.0,84600.0,498711.0
2026-01-06,010950,84900.0,88200.0,84000.0,85200.0,285262.0
2026-01-07,010950,84200.0,84200.0,80200.0,80900.0,465970.0
2026-01-08,010950,81100.0,82200.0,80200.0,81500.0,275822.0
2026-01-09,010950,82500.0,86600.0,81600.0,84000.0,431176.0
2026-01-12,010950,84400.0,87200.0,83050.0,87100.0,324767.0
2026-01-13,010950,87300.0,88300.0,85700.0,87800.0,237556.0
2026-01-14,010950,89800.0,91900.0,85400.0,87200.0,366908.0
2026-01-15,010950,87900.0,92600.0,87300.0,91800.0,763146.0
2026-01-16,010950,90600.0,91800.0,88800.0,89700.0,265158.0
2026-01-19,010950,89500.0,91500.0,88600.0,90100.0,222927.0
2026-01-20,010950,89100.0,90900.0,89000.0,90600.0,212359.0
2026-01-21,010950,89300.0,92300.0,88800.0,91900.0,298303.0
2026-01-22,010950,91300.0,98800.0,90900.0,98500.0,606978.0
2026-01-23,010950,97400.0,99900.0,97200.0,99500.0,328705.0
2026-01-26,010950,99800.0,100700.0,95000.0,98300.0,391998.0
2026-01-27,010950,100900.0,104500.0,97600.0,101500.0,528600.0
2026-01-28,010950,101000.0,102300.0,98800.0,100500.0,272892.0
2026-01-29,010950,100500.0,102300.0,99500.0,100300.0,262163.0
2026-01-30,010950,102300.0,107400.0,101800.0,105900.0,599168.0
2026-02-02,010950,105700.0,106300.0,99900.0,101000.0,369136.0
2026-02-03,010950,101500.0,101600.0,96000.0,97700.0,498413.0
2026-02-04,010950,99500.0,100700.0,98900.0,99900.0,326703.0
2026-02-05,010950,100900.0,101500.0,98500.0,99800.0,226923.0
2026-02-06,010950,96700.0,98000.0,94600.0,98000.0,241572.0
2026-02-09,010950,99900.0,101800.0,98700.0,99600.0,219326.0
2026-02-10,010950,101100.0,101600.0,99500.0,100600.0,163402.0
2026-02-11,010950,101200.0,108500.0,101200.0,107400.0,517312.0
2026-02-12,010950,109000.0,109000.0,105300.0,108000.0,333639.0
2026-02-13,010950,106000.0,107100.0,105100.0,106200.0,154220.0
2026-02-19,010950,108400.0,111800.0,107400.0,110900.0,257229.0
2026-02-20,010950,115200.0,120000.0,115100.0,120000.0,386103.0
2026-02-23,010950,116600.0,116900.0,111200.0,114500.0,555607.0
2026-02-24,010950,113800.0,114600.0,111900.0,114100.0,418446.0
2026-02-25,010950,114400.0,114900.0,112000.0,112600.0,265424.0
2026-02-26,010950,112000.0,115600.0,109500.0,113700.0,319138.0
2026-02-27,010950,113100.0,113100.0,108200.0,110000.0,523395.0
2026-03-03,010950,135100.0,142800.0,125100.0,141300.0,4261597.0
2026-03-04,010950,168000.0,177100.0,120000.0,126500.0,10815571.0
2026-03-05,010950,125600.0,136700.0,115000.0,134700.0,5004431.0
2026-03-06,010950,141700.0,142100.0,122200.0,129700.0,2619819.0
2026-03-09,010950,136700.0,138000.0,124700.0,128700.0,2642463.0
2026-03-10,010950,119000.0,122500.0,115000.0,117900.0,1497393.0
2026-03-11,010950,114100.0,118900.0,111000.0,114600.0,1822406.0
2026-03-12,010950,118900.0,120000.0,115000.0,118000.0,1155363.0
2026-03-13,010950,120000.0,120300.0,107200.0,108000.0,1297882.0
2026-03-16,010950,105300.0,108400.0,105000.0,105400.0,650853.0
2026-03-17,010950,104400.0,108900.0,103600.0,106500.0,690457.0
2026-03-18,010950,107000.0,112700.0,106900.0,110600.0,831455.0
2026-03-19,010950,115300.0,115300.0,109500.0,111200.0,713012.0
2026-03-20,010950,110100.0,115800.0,110000.0,111800.0,615278.0
2026-03-23,010950,111000.0,114700.0,104900.0,106000.0,579648.0
2026-03-24,010950,106700.0,109600.0,105500.0,108400.0,483799.0
2026-03-25,010950,108700.0,113700.0,108400.0,113300.0,494701.0
2026-03-26,010950,113100.0,114800.0,111500.0,112300.0,299737.0
2026-03-27,010950,112500.0,112500.0,105100.0,109700.0,408328.0
2026-03-30,010950,106300.0,111400.0,105100.0,110100.0,390212.0
2026-03-31,010950,107900.0,109800.0,104700.0,105300.0,509557.0
2026-04-01,010950,108500.0,113500.0,106400.0,113100.0,599881.0
2026-04-02,010950,111300.0,111400.0,105400.0,106500.0,513820.0
2026-04-03,010950,108200.0,113400.0,105800.0,111400.0,467871.0
2026-04-06,010950,111300.0,120400.0,111200.0,118100.0,865177.0
2026-04-07,010950,115500.0,120200.0,114300.0,114800.0,497660.0
2026-04-08,010950,117200.0,119000.0,110000.0,112100.0,618205.0
2026-04-09,010950,113000.0,119900.0,111200.0,119600.0,844806.0
2026-04-10,010950,117600.0,122300.0,117100.0,120700.0,550835.0
2026-04-13,010950,123300.0,124500.0,118900.0,122000.0,623589.0
2026-04-14,010950,121000.0,122000.0,117500.0,119100.0,418615.0
2026-04-15,010950,117600.0,118200.0,115000.0,117500.0,410464.0
2026-04-16,010950,116600.0,119000.0,116300.0,118100.0,299952.0
2026-04-17,010950,118000.0,118900.0,115700.0,117300.0,237681.0
2026-04-20,010950,118200.0,118800.0,114500.0,115900.0,280643.0
2026-04-21,010950,115300.0,115600.0,113900.0,114300.0,358211.0
2026-04-22,010950,115500.0,115800.0,113600.0,114100.0,272328.0
2026-04-23,010950,115400.0,121700.0,115000.0,120800.0,702046.0
2026-04-24,010950,121800.0,122000.0,116600.0,119400.0,362111.0
2026-04-27,010950,119500.0,119600.0,114300.0,115400.0,450656.0
2026-04-28,010950,115700.0,119000.0,115400.0,118700.0,426553.0
2026-04-29,010950,122500.0,135200.0,122100.0,134300.0,1781339.0
2026-04-30,010950,133700.0,137500.0,132100.0,134500.0,753766.0
2026-05-04,010950,132500.0,132600.0,126400.0,128000.0,593891.0
2026-05-06,010950,124900.0,125000.0,121000.0,122000.0,553251.0
2026-05-07,010950,118800.0,120800.0,116600.0,118200.0,466858.0
2026-05-08,010950,118600.0,119100.0,115600.0,116800.0,372629.0
2026-05-11,010950,118700.0,122500.0,108600.0,110900.0,1032132.0
2026-05-12,010950,112400.0,115500.0,110000.0,114300.0,543747.0
2026-05-13,010950,117300.0,122500.0,113500.0,115300.0,587672.0
2026-05-14,010950,114200.0,115000.0,108800.0,115000.0,590700.0
2026-05-15,010950,114100.0,118200.0,111000.0,112100.0,425932.0
2026-05-18,010950,113800.0,115200.0,107700.0,111500.0,268425.0
2026-05-19,010950,111600.0,114500.0,107000.0,110100.0,299520.0
2026-05-20,010950,110100.0,111400.0,106200.0,110800.0,376140.0
2026-05-21,010950,109000.0,110700.0,106100.0,107300.0,470506.0
2026-05-22,010950,108300.0,110900.0,107700.0,109000.0,320315.0
2026-05-26,010950,108800.0,111800.0,107900.0,110100.0,290354.0
2026-05-27,010950,110000.0,111900.0,106600.0,108100.0,365297.0
2026-05-28,010950,107600.0,108800.0,105900.0,107000.0,335984.0
2026-05-29,010950,107100.0,108700.0,102100.0,107400.0,908028.0
2026-06-01,010950,105600.0,107200.0,103600.0,104700.0,596676.0
2026-06-02,010950,102900.0,110900.0,102500.0,108300.0,593523.0
2026-06-04,010950,109100.0,116900.0,109100.0,114500.0,463271.0
2026-06-05,010950,114400.0,114400.0,110500.0,112800.0,206462.0
2026-06-08,010950,105000.0,111000.0,104000.0,108500.0,343566.0
2026-06-09,010950,108500.0,113000.0,105700.0,110900.0,407011.0
2026-06-10,010950,109900.0,115000.0,107600.0,110800.0,337850.0
2026-06-11,010950,111200.0,113500.0,109400.0,113100.0,345816.0
2026-06-12,010950,112800.0,113000.0,108700.0,111400.0,358576.0
2026-06-15,010950,112100.0,115400.0,111400.0,113700.0,297952.0
2026-06-16,010950,113600.0,115800.0,111300.0,114100.0,284836.0
2026-06-17,010950,114800.0,115700.0,109600.0,109800.0,371589.0
2026-06-18,010950,109700.0,110100.0,104900.0,105100.0,332539.0
2026-06-19,010950,105500.0,106900.0,102100.0,105300.0,359927.0
2026-06-22,010950,106300.0,107900.0,104200.0,107000.0,261026.0
2026-06-23,010950,105000.0,106600.0,101300.0,101500.0,252274.0
2026-06-24,010950,98600.0,110000.0,98600.0,107300.0,348670.0
2026-06-25,010950,106600.0,107500.0,98200.0,98200.0,434430.0
2026-06-26,010950,98500.0,98900.0,90400.0,93200.0,506436.0
2026-06-29,010950,94100.0,104400.0,94100.0,103700.0,505426.0
2026-06-30,010950,103300.0,108900.0,99300.0,106400.0,439004.0
2026-07-01,010950,109400.0,109600.0,105800.0,109600.0,232199.0
2026-07-02,010950,110000.0,111900.0,105500.0,109200.0,264160.0
2026-07-03,010950,111700.0,112700.0,106600.0,110200.0,369661.0
2026-07-06,010950,109200.0,116900.0,109200.0,116900.0,484720.0
2026-07-07,010950,119900.0,127800.0,118000.0,127400.0,1083295.0
2026-07-08,010950,127400.0,134700.0,124200.0,131600.0,820161.0
2026-07-09,010950,130100.0,134300.0,128000.0,133500.0,457699.0
2026-07-10,010950,132700.0,134800.0,129200.0,132100.0,356636.0
2026-07-13,010950,136800.0,146500.0,136000.0,139500.0,808578.0
2026-07-14,010950,143500.0,143500.0,130100.0,131400.0,471618.0
2026-07-15,010950,131900.0,143000.0,130900.0,140400.0,559405.0
2026-07-16,010950,143000.0,146400.0,140600.0,144900.0,513882.0
2025-01-15,011200,18740.0,19890.0,18700.0,19800.0,4866843.0
2025-01-16,011200,19920.0,19930.0,19430.0,19820.0,2260451.0
2025-01-17,011200,19810.0,19810.0,19300.0,19430.0,1754617.0
2025-01-20,011200,19700.0,19710.0,18000.0,18000.0,3805240.0
2025-01-21,011200,18000.0,18280.0,18000.0,18050.0,1482535.0
2025-01-22,011200,18240.0,19800.0,18090.0,19170.0,5410262.0
2025-01-23,011200,19050.0,19340.0,18710.0,18810.0,2107084.0
2025-01-24,011200,19030.0,19170.0,18510.0,18640.0,1369271.0
2025-01-31,011200,18800.0,19050.0,18590.0,19040.0,2315366.0
2025-02-03,011200,18660.0,18660.0,18100.0,18370.0,1308273.0
2025-02-04,011200,18470.0,18680.0,18340.0,18460.0,1076572.0
2025-02-05,011200,18490.0,18750.0,18420.0,18420.0,1175783.0
2025-02-06,011200,18580.0,18780.0,18480.0,18700.0,838485.0
2025-02-07,011200,18650.0,18950.0,18540.0,18580.0,873383.0
2025-02-10,011200,18440.0,18770.0,18210.0,18240.0,1109965.0
2025-02-11,011200,18260.0,19000.0,18230.0,18410.0,1829464.0
2025-02-12,011200,18600.0,19000.0,18290.0,18360.0,1910796.0
2025-02-13,011200,18350.0,18360.0,18050.0,18110.0,1850313.0
2025-02-14,011200,18310.0,18340.0,17950.0,18320.0,1419919.0
2025-02-17,011200,18370.0,18370.0,18060.0,18100.0,1148596.0
2025-02-18,011200,18090.0,18250.0,18010.0,18180.0,966490.0
2025-02-19,011200,18100.0,18410.0,18070.0,18300.0,1417477.0
2025-02-20,011200,18200.0,18750.0,18190.0,18730.0,2105088.0
2025-02-21,011200,18790.0,19000.0,18350.0,18670.0,1438535.0
2025-02-24,011200,19620.0,21650.0,19420.0,20000.0,28312869.0
2025-02-25,011200,19670.0,21450.0,19100.0,20900.0,17234939.0
2025-02-26,011200,21200.0,21350.0,20200.0,20500.0,4591291.0
2025-02-27,011200,20450.0,20750.0,20000.0,20500.0,2855080.0
2025-02-28,011200,20200.0,20600.0,19210.0,19590.0,4980633.0
2025-03-04,011200,19500.0,21200.0,19280.0,20650.0,6118697.0
2025-03-05,011200,20850.0,21850.0,20750.0,21500.0,6923107.0
2025-03-06,011200,21750.0,21750.0,20900.0,21450.0,2669828.0
2025-03-07,011200,21350.0,22000.0,21000.0,21650.0,3248426.0
2025-03-10,011200,21750.0,22650.0,21150.0,22150.0,4804741.0
2025-03-11,011200,21400.0,21900.0,21000.0,21250.0,2997429.0
2025-03-12,011200,21300.0,21500.0,20750.0,20950.0,2175055.0
2025-03-13,011200,20900.0,21100.0,20500.0,20600.0,2710209.0
2025-03-14,011200,20750.0,21150.0,20250.0,20700.0,1976062.0
2025-03-17,011200,20650.0,20900.0,20550.0,20850.0,1346575.0
2025-03-18,011200,20950.0,21150.0,20700.0,20800.0,1527052.0
2025-03-19,011200,20850.0,20900.0,20000.0,20000.0,2390038.0
2025-03-20,011200,20150.0,20350.0,19740.0,20050.0,1899891.0
2025-03-21,011200,19830.0,20150.0,19440.0,19840.0,2008944.0
2025-03-24,011200,19830.0,20550.0,19740.0,20350.0,2362012.0
2025-03-25,011200,20350.0,21000.0,20350.0,20550.0,1784934.0
2025-03-26,011200,20550.0,20800.0,20200.0,20500.0,1074723.0
2025-03-27,011200,20150.0,20300.0,19980.0,20050.0,955729.0
2025-03-28,011200,20150.0,20200.0,19500.0,19670.0,904795.0
2025-03-31,011200,19400.0,19840.0,19130.0,19560.0,1622658.0
2025-04-01,011200,19750.0,20750.0,19730.0,20550.0,1848065.0
2025-04-02,011200,20700.0,20800.0,20200.0,20550.0,1232283.0
2025-04-03,011200,19930.0,20100.0,19660.0,19750.0,1514820.0
2025-04-04,011200,19330.0,19890.0,19170.0,19600.0,1366835.0
2025-04-07,011200,19000.0,19100.0,18010.0,18250.0,2153008.0
2025-04-08,011200,18650.0,19180.0,17960.0,17990.0,1784291.0
2025-04-09,011200,17880.0,18120.0,17560.0,17690.0,1501952.0
2025-04-10,011200,18900.0,19170.0,18590.0,19110.0,1965062.0
2025-04-11,011200,18700.0,19500.0,18500.0,19320.0,1990121.0
2025-04-14,011200,19320.0,19500.0,18910.0,19220.0,1244978.0
2025-04-15,011200,19230.0,19350.0,19100.0,19220.0,586483.0
2025-04-16,011200,19260.0,19540.0,18930.0,19440.0,952778.0
2025-04-17,011200,19430.0,19520.0,19140.0,19270.0,675651.0
2025-04-18,011200,20850.0,20850.0,19320.0,19350.0,4330697.0
2025-04-21,011200,19380.0,19400.0,18810.0,18960.0,2019719.0
2025-04-22,011200,19110.0,19550.0,18970.0,19010.0,1690132.0
2025-04-23,011200,19160.0,19260.0,19020.0,19070.0,1367125.0
2025-04-24,011200,19080.0,19170.0,18880.0,18940.0,1126509.0
2025-04-25,011200,19030.0,19030.0,18590.0,18820.0,1776211.0
2025-04-28,011200,18770.0,18800.0,18610.0,18660.0,1110071.0
2025-04-29,011200,18600.0,18630.0,18200.0,18250.0,2031119.0
2025-04-30,011200,18300.0,18360.0,18010.0,18260.0,1455242.0
2025-05-02,011200,18180.0,18300.0,18060.0,18250.0,1027760.0
2025-05-07,011200,18300.0,18610.0,18210.0,18530.0,1381648.0
2025-05-08,011200,18450.0,18460.0,18090.0,18110.0,1987659.0
2025-05-09,011200,18200.0,18350.0,18150.0,18160.0,1053125.0
2025-05-12,011200,18310.0,19340.0,18290.0,19280.0,4412644.0
2025-05-13,011200,19510.0,20800.0,19500.0,20400.0,5925521.0
2025-05-14,011200,20300.0,21100.0,20100.0,20800.0,3358604.0
2025-05-15,011200,22300.0,23000.0,21800.0,22150.0,6123797.0
2025-05-16,011200,22250.0,23200.0,21500.0,22950.0,3865416.0
2025-05-19,011200,22600.0,23100.0,22350.0,22550.0,1788049.0
2025-05-20,011200,23000.0,23200.0,21850.0,22100.0,1950025.0
2025-05-21,011200,22100.0,22650.0,21900.0,22350.0,1397616.0
2025-05-22,011200,22300.0,22400.0,21900.0,22200.0,1166866.0
2025-05-23,011200,22000.0,22450.0,21700.0,22200.0,1002424.0
2025-05-26,011200,22100.0,23000.0,21950.0,22200.0,1428353.0
2025-05-27,011200,22050.0,22450.0,21300.0,21750.0,1380640.0
2025-05-28,011200,22000.0,22250.0,21450.0,21700.0,1424962.0
2025-05-29,011200,21900.0,21950.0,21550.0,21800.0,1399538.0
2025-05-30,011200,21650.0,21750.0,21050.0,21300.0,2553909.0
2025-06-02,011200,22350.0,22600.0,21950.0,22300.0,2418245.0
2025-06-04,011200,23300.0,23650.0,22250.0,22550.0,2651013.0
2025-06-05,011200,22650.0,22950.0,21550.0,21600.0,3020941.0
2025-06-09,011200,21950.0,22200.0,21650.0,22150.0,2557621.0
2025-06-10,011200,22150.0,22700.0,21700.0,22350.0,2285665.0
2025-06-11,011200,22450.0,22550.0,22000.0,22500.0,1452670.0
2025-06-12,011200,22550.0,23350.0,22250.0,23000.0,2912115.0
2025-06-13,011200,23550.0,25000.0,22800.0,24200.0,10270590.0
2025-06-16,011200,25000.0,25350.0,23550.0,24300.0,5246933.0
2025-06-17,011200,23650.0,23650.0,22750.0,23000.0,4484756.0
2025-06-18,011200,23050.0,23300.0,22900.0,22950.0,2079323.0
2025-06-19,011200,23100.0,23150.0,22500.0,22750.0,1703760.0
2025-06-20,011200,22400.0,23150.0,22400.0,23000.0,2803690.0
2025-06-23,011200,24550.0,24600.0,23150.0,23550.0,4624142.0
2025-06-24,011200,22600.0,23200.0,22450.0,22800.0,3052164.0
2025-06-25,011200,23100.0,23150.0,22700.0,22850.0,1816170.0
2025-06-26,011200,23000.0,23700.0,22850.0,23100.0,2592527.0
2025-06-27,011200,23100.0,23150.0,22250.0,22400.0,1562326.0
2025-06-30,011200,22600.0,22850.0,22500.0,22500.0,987748.0
2025-07-01,011200,22850.0,23700.0,22800.0,23300.0,1900273.0
2025-07-02,011200,23650.0,23750.0,23000.0,23350.0,1528215.0
2025-07-03,011200,23400.0,24100.0,23250.0,23900.0,2045683.0
2025-07-04,011200,24400.0,25300.0,24100.0,24300.0,4092417.0
2025-07-07,011200,24550.0,24600.0,23500.0,24000.0,1456575.0
2025-07-08,011200,23750.0,24450.0,23600.0,24050.0,1612845.0
2025-07-09,011200,24050.0,24900.0,23850.0,24750.0,2142199.0
2025-07-10,011200,24800.0,24800.0,24300.0,24700.0,1815817.0
2025-07-11,011200,24700.0,25750.0,24600.0,25450.0,3099390.0
2025-07-14,011200,25500.0,26200.0,25000.0,25500.0,2088112.0
2025-07-15,011200,25950.0,26250.0,25550.0,25950.0,2028883.0
2025-07-16,011200,25650.0,25700.0,25100.0,25200.0,1597797.0
2025-07-17,011200,25150.0,25400.0,24800.0,25250.0,1437024.0
2025-07-18,011200,25150.0,25300.0,24700.0,25000.0,974570.0
2025-07-21,011200,24750.0,24900.0,24150.0,24400.0,1789266.0
2025-07-22,011200,24350.0,24700.0,24150.0,24350.0,1054254.0
2025-07-23,011200,24600.0,25100.0,24500.0,24700.0,1372846.0
2025-07-24,011200,24800.0,25000.0,24500.0,24600.0,945010.0
2025-07-25,011200,24400.0,24950.0,24400.0,24600.0,754531.0
2025-07-28,011200,24300.0,24750.0,23600.0,23950.0,1449849.0
2025-07-29,011200,23650.0,23750.0,23350.0,23650.0,1024346.0
2025-07-30,011200,23500.0,23750.0,23400.0,23650.0,879686.0
2025-07-31,011200,24150.0,24300.0,23400.0,23450.0,1188005.0
2025-08-01,011200,23400.0,23700.0,22850.0,23000.0,1103275.0
2025-08-04,011200,22600.0,23150.0,22600.0,23000.0,837977.0
2025-08-05,011200,23200.0,23300.0,22600.0,23050.0,1141560.0
2025-08-06,011200,22900.0,23250.0,22750.0,23050.0,655158.0
2025-08-07,011200,23500.0,23550.0,23050.0,23200.0,697335.0
2025-08-08,011200,23200.0,23200.0,22900.0,23000.0,5473234.0
2025-08-11,011200,22900.0,23000.0,22500.0,22550.0,659051.0
2025-08-12,011200,22450.0,22800.0,22350.0,22450.0,734822.0
2025-08-13,011200,22600.0,22650.0,22300.0,22550.0,926142.0
2025-08-14,011200,22600.0,22700.0,21450.0,22100.0,2472780.0
2025-08-18,011200,24400.0,24500.0,23500.0,23650.0,5425175.0
2025-08-19,011200,23500.0,23550.0,22800.0,22950.0,2345848.0
2025-08-20,011200,22500.0,23200.0,22450.0,23000.0,2083910.0
2025-08-21,011200,22800.0,22950.0,22500.0,22600.0,1925830.0
2025-08-22,011200,22700.0,22900.0,22450.0,22600.0,855733.0
2025-08-25,011200,22700.0,22800.0,22400.0,22450.0,1036714.0
2025-08-26,011200,22500.0,22550.0,21900.0,22000.0,2415351.0
2025-08-27,011200,22200.0,22250.0,21850.0,21900.0,1023995.0
2025-08-28,011200,21900.0,22000.0,21800.0,21850.0,1345367.0
2025-08-29,011200,21950.0,22600.0,21700.0,22100.0,1296230.0
2025-09-01,011200,22400.0,22600.0,22050.0,22400.0,969669.0
2025-09-02,011200,22350.0,22600.0,22100.0,22350.0,912075.0
2025-09-03,011200,22300.0,22450.0,22100.0,22250.0,831062.0
2025-09-04,011200,22150.0,22600.0,22150.0,22500.0,1126537.0
2025-09-05,011200,24100.0,24100.0,22750.0,22950.0,5127767.0
2025-09-08,011200,23000.0,23100.0,22600.0,23050.0,1440410.0
2025-09-09,011200,23150.0,23250.0,22900.0,23050.0,1737477.0
2025-09-10,011200,23000.0,23800.0,23000.0,23750.0,2239788.0
2025-09-11,011200,23700.0,23900.0,23200.0,23900.0,1948243.0
2025-09-12,011200,23800.0,24650.0,23650.0,24300.0,2364519.0
2025-09-15,011200,23950.0,23950.0,23300.0,23450.0,1088519.0
2025-09-16,011200,23450.0,23875.0,23300.0,23700.0,974019.0
2025-09-17,011200,23550.0,23900.0,23400.0,23500.0,1321926.0
2025-09-18,011200,23550.0,23550.0,22900.0,23000.0,2435127.0
2025-09-19,011200,23050.0,23050.0,22450.0,22450.0,2382968.0
2025-09-22,011200,22600.0,22650.0,21800.0,21900.0,2655834.0
2025-09-23,011200,22000.0,22100.0,21100.0,21250.0,3238314.0
2025-09-24,011200,21550.0,21600.0,21200.0,21300.0,1676252.0
2025-09-25,011200,21450.0,21500.0,21000.0,21050.0,1503486.0
2025-09-26,011200,21000.0,21000.0,20425.0,20550.0,1456625.0
2025-09-29,011200,20950.0,21150.0,20550.0,20600.0,1305154.0
2025-09-30,011200,20600.0,20650.0,19990.0,20050.0,2611458.0
2025-10-01,011200,20050.0,20250.0,19950.0,20000.0,1304689.0
2025-10-02,011200,20100.0,20550.0,20100.0,20400.0,2130538.0
2025-10-10,011200,20200.0,20450.0,19810.0,19870.0,2751819.0
2025-10-13,011200,19550.0,20100.0,19470.0,20050.0,1341072.0
2025-10-14,011200,20000.0,20800.0,19950.0,20400.0,2657751.0
2025-10-15,011200,20500.0,20600.0,20250.0,20350.0,1051718.0
2025-10-16,011200,20650.0,21350.0,20550.0,20950.0,2357189.0
2025-10-17,011200,21300.0,21300.0,20700.0,20800.0,1431564.0
2025-10-20,011200,20900.0,20900.0,20400.0,20450.0,1688157.0
2025-10-21,011200,20550.0,20600.0,20200.0,20200.0,2057218.0
2025-10-22,011200,20400.0,20850.0,20300.0,20850.0,1754055.0
2025-10-23,011200,20750.0,21150.0,20600.0,20750.0,1137374.0
2025-10-24,011200,20800.0,20800.0,20250.0,20550.0,1938070.0
2025-10-27,011200,20550.0,21600.0,20500.0,21200.0,2482267.0
2025-10-28,011200,21200.0,21200.0,20750.0,21000.0,967668.0
2025-10-29,011200,21100.0,21150.0,20550.0,20650.0,1442559.0
2025-10-30,011200,21000.0,21450.0,20650.0,20750.0,1574965.0
2025-10-31,011200,20600.0,20850.0,20450.0,20550.0,1405454.0
2025-11-03,011200,20450.0,20500.0,20100.0,20250.0,1361996.0
2025-11-04,011200,20150.0,20400.0,20050.0,20200.0,1168772.0
2025-11-05,011200,20250.0,20250.0,19430.0,19800.0,2281476.0
2025-11-06,011200,20000.0,20200.0,19810.0,20050.0,1054234.0
2025-11-07,011200,19900.0,20050.0,19600.0,19820.0,1293166.0
2025-11-10,011200,19820.0,20200.0,19700.0,20200.0,876894.0
2025-11-11,011200,20050.0,20300.0,19800.0,19910.0,1151056.0
2025-11-12,011200,19950.0,20250.0,19750.0,20200.0,793634.0
2025-11-13,011200,20000.0,20200.0,19860.0,20000.0,1510829.0
2025-11-14,011200,19990.0,19990.0,19400.0,19420.0,1637011.0
2025-11-17,011200,19440.0,19490.0,19060.0,19240.0,1185437.0
2025-11-18,011200,19020.0,19200.0,18740.0,18750.0,1132039.0
2025-11-19,011200,18930.0,19300.0,18930.0,19050.0,1119880.0
2025-11-20,011200,19090.0,19450.0,19050.0,19230.0,791032.0
2025-11-21,011200,19050.0,19170.0,18940.0,19150.0,811115.0
2025-11-24,011200,19250.0,19290.0,18660.0,18660.0,1792050.0
2025-11-25,011200,18850.0,18950.0,18660.0,18710.0,699300.0
2025-11-26,011200,18890.0,19070.0,18830.0,19010.0,891017.0
2025-11-27,011200,19010.0,19090.0,18950.0,19000.0,804634.0
2025-11-28,011200,19030.0,19290.0,18960.0,19140.0,926144.0
2025-12-01,011200,19470.0,20600.0,19460.0,19980.0,2761859.0
2025-12-02,011200,19980.0,20300.0,19750.0,20150.0,1183634.0
2025-12-03,011200,20350.0,20400.0,19970.0,20150.0,914819.0
2025-12-04,011200,20050.0,20500.0,19960.0,20100.0,1011957.0
2025-12-05,011200,20100.0,20650.0,20000.0,20550.0,1882949.0
2025-12-08,011200,20600.0,20650.0,20200.0,20500.0,1461790.0
2025-12-09,011200,20550.0,20950.0,20400.0,20600.0,1212593.0
2025-12-10,011200,20600.0,20650.0,20050.0,20150.0,944858.0
2025-12-11,011200,20250.0,20650.0,20100.0,20400.0,1603017.0
2025-12-12,011200,20500.0,20800.0,20500.0,20750.0,1048310.0
2025-12-15,011200,20500.0,20950.0,20350.0,20700.0,1178042.0
2025-12-16,011200,20900.0,21100.0,20600.0,20800.0,1887128.0
2025-12-17,011200,21050.0,21100.0,20550.0,20750.0,988746.0
2025-12-18,011200,20500.0,20650.0,20300.0,20500.0,787596.0
2025-12-19,011200,20700.0,20700.0,20200.0,20550.0,2678229.0
2025-12-22,011200,20700.0,20800.0,20400.0,20550.0,779923.0
2025-12-23,011200,20600.0,20750.0,20450.0,20500.0,673012.0
2025-12-24,011200,20550.0,20800.0,20500.0,20650.0,825840.0
2025-12-26,011200,20650.0,20700.0,20200.0,20300.0,833715.0
2025-12-29,011200,20250.0,20400.0,20050.0,20350.0,984614.0
2025-12-30,011200,20300.0,20600.0,20250.0,20500.0,675599.0
2026-01-02,011200,20600.0,20600.0,20000.0,20200.0,1345331.0
2026-01-05,011200,20100.0,20150.0,19760.0,19850.0,1927746.0
2026-01-06,011200,19880.0,19940.0,19770.0,19920.0,1639208.0
2026-01-07,011200,19800.0,20000.0,19640.0,19930.0,1857534.0
2026-01-08,011200,19830.0,20250.0,19790.0,19960.0,1562627.0
2026-01-09,011200,20100.0,20200.0,19910.0,20000.0,1057976.0
2026-01-12,011200,20000.0,20300.0,19880.0,20250.0,1563578.0
2026-01-13,011200,20350.0,20900.0,20250.0,20900.0,2072943.0
2026-01-14,011200,21150.0,21150.0,20500.0,20750.0,1419392.0
2026-01-15,011200,20650.0,20900.0,20200.0,20250.0,1722186.0
2026-01-16,011200,20350.0,20400.0,20000.0,20000.0,1976574.0
2026-01-19,011200,20000.0,20050.0,19580.0,19890.0,2090777.0
2026-01-20,011200,19850.0,21100.0,19850.0,20950.0,4472716.0
2026-01-21,011200,20550.0,20600.0,20000.0,20100.0,1970284.0
2026-01-22,011200,20150.0,20800.0,20050.0,20550.0,2453202.0
2026-01-23,011200,20600.0,20600.0,20200.0,20350.0,1759967.0
2026-01-26,011200,20350.0,20400.0,20050.0,20100.0,1698162.0
2026-01-27,011200,20100.0,20200.0,20000.0,20150.0,1322878.0
2026-01-28,011200,20150.0,20200.0,19970.0,20000.0,2004303.0
2026-01-29,011200,19930.0,20450.0,19760.0,20400.0,2961282.0
2026-01-30,011200,20250.0,20500.0,19950.0,20000.0,1769729.0
2026-02-02,011200,19980.0,20050.0,19390.0,19530.0,2113019.0
2026-02-03,011200,19760.0,20200.0,19750.0,20100.0,1680757.0
2026-02-04,011200,20000.0,20550.0,19990.0,20500.0,2337562.0
2026-02-05,011200,20400.0,20750.0,20200.0,20300.0,1469694.0
2026-02-06,011200,20000.0,20100.0,19640.0,20100.0,1775393.0
2026-02-09,011200,20350.0,20600.0,20150.0,20400.0,1919629.0
2026-02-10,011200,20500.0,21550.0,20450.0,21200.0,5028284.0
2026-02-11,011200,21600.0,21650.0,20850.0,21050.0,2579066.0
2026-02-12,011200,21200.0,21450.0,21050.0,21350.0,2174641.0
2026-02-13,011200,21150.0,21850.0,20950.0,21450.0,2828722.0
2026-02-19,011200,22650.0,23000.0,22150.0,22700.0,4026952.0
2026-02-20,011200,23250.0,23300.0,22700.0,23150.0,2619449.0
2026-02-23,011200,23200.0,23250.0,22600.0,22950.0,1810316.0
2026-02-24,011200,23000.0,23050.0,22600.0,22950.0,1564676.0
2026-02-25,011200,22950.0,23900.0,22800.0,23450.0,3221427.0
2026-02-26,011200,23200.0,23200.0,22150.0,22300.0,2945822.0
2026-02-27,011200,22500.0,22600.0,21350.0,21350.0,4005360.0
2026-03-03,011200,24650.0,24950.0,23300.0,24500.0,15527327.0
2026-03-04,011200,23100.0,23150.0,19660.0,20500.0,8383381.0
2026-03-05,011200,21200.0,21650.0,20700.0,21250.0,5207570.0
2026-03-06,011200,21850.0,22050.0,20800.0,21150.0,2914661.0
2026-03-09,011200,20800.0,21600.0,20400.0,20650.0,2525375.0
2026-03-10,011200,20950.0,21200.0,20700.0,20900.0,1669635.0
2026-03-11,011200,20950.0,21550.0,20950.0,21000.0,2900100.0
2026-03-12,011200,21050.0,21650.0,20950.0,21650.0,2458718.0
2026-03-13,011200,21300.0,21400.0,21000.0,21050.0,1906186.0
2026-03-16,011200,21250.0,21800.0,20900.0,20950.0,2198294.0
2026-03-17,011200,21050.0,21100.0,20700.0,20850.0,1025325.0
2026-03-18,011200,21000.0,21200.0,20850.0,21100.0,1164348.0
2026-03-19,011200,21200.0,21250.0,20800.0,20850.0,1013546.0
2026-03-20,011200,20850.0,21400.0,20800.0,21250.0,1715802.0
2026-03-23,011200,20750.0,20800.0,19810.0,19810.0,1927151.0
2026-03-24,011200,20100.0,20200.0,19440.0,19930.0,1926055.0
2026-03-25,011200,20000.0,20200.0,19880.0,19930.0,1979504.0
2026-03-26,011200,20050.0,20150.0,19650.0,19810.0,2230269.0
2026-03-27,011200,19590.0,19710.0,19110.0,19660.0,1462587.0
2026-03-30,011200,19220.0,19570.0,19110.0,19550.0,997600.0
2026-03-31,011200,19220.0,19670.0,19150.0,19570.0,1754901.0
2026-04-01,011200,20100.0,20500.0,19620.0,20350.0,1699870.0
2026-04-02,011200,20500.0,20700.0,19890.0,20150.0,1492831.0
2026-04-03,011200,20250.0,20300.0,20050.0,20050.0,555280.0
2026-04-06,011200,20200.0,20350.0,20050.0,20100.0,668571.0
2026-04-07,011200,20100.0,20250.0,20000.0,20150.0,616400.0
2026-04-08,011200,20650.0,20900.0,20350.0,20650.0,1531581.0
2026-04-09,011200,20700.0,20900.0,20500.0,20850.0,1351181.0
2026-04-10,011200,20750.0,21900.0,20650.0,21650.0,2583258.0
2026-04-13,011200,21500.0,21600.0,20900.0,21150.0,1409154.0
2026-04-14,011200,21250.0,21300.0,20850.0,21000.0,983620.0
2026-04-15,011200,21250.0,21300.0,20900.0,21100.0,1272556.0
2026-04-16,011200,21100.0,21450.0,21050.0,21200.0,1339723.0
2026-04-17,011200,21150.0,21200.0,20900.0,21100.0,836927.0
2026-04-20,011200,21200.0,21350.0,21000.0,21000.0,1102110.0
2026-04-21,011200,21050.0,21200.0,20900.0,21100.0,821520.0
2026-04-22,011200,21050.0,21100.0,20650.0,20850.0,1117187.0
2026-04-23,011200,20850.0,21000.0,20450.0,20750.0,1227356.0
2026-04-24,011200,20650.0,21300.0,20600.0,21100.0,1373810.0
2026-04-27,011200,21200.0,21250.0,20850.0,20950.0,853387.0
2026-04-28,011200,20900.0,21050.0,20650.0,20750.0,903590.0
2026-04-29,011200,20750.0,20800.0,20500.0,20750.0,670706.0
2026-04-30,011200,20650.0,20750.0,20300.0,20500.0,1013500.0
2026-05-04,011200,22050.0,22050.0,21050.0,21150.0,2366415.0
2026-05-06,011200,20850.0,20900.0,20550.0,20550.0,1687422.0
2026-05-07,011200,20700.0,21100.0,20650.0,20950.0,1446250.0
2026-05-08,011200,20750.0,21000.0,20500.0,20600.0,1058706.0
2026-05-11,011200,20400.0,20400.0,19990.0,20050.0,1462624.0
2026-05-12,011200,20050.0,20050.0,19370.0,19800.0,1806276.0
2026-05-13,011200,20000.0,20250.0,19530.0,19830.0,1149268.0
2026-05-14,011200,19680.0,20100.0,19340.0,20100.0,1817808.0
2026-05-15,011200,20150.0,20400.0,19590.0,19890.0,1771846.0
2026-05-18,011200,19730.0,20150.0,19250.0,19960.0,1714572.0
2026-05-19,011200,20050.0,20250.0,19510.0,19820.0,1279956.0
2026-05-20,011200,19940.0,19950.0,19330.0,19670.0,1266333.0
2026-05-21,011200,19940.0,20450.0,19930.0,20250.0,1586080.0
2026-05-22,011200,20350.0,20850.0,20250.0,20500.0,1448051.0
2026-05-26,011200,20800.0,20800.0,20150.0,20200.0,979554.0
2026-05-27,011200,20150.0,20450.0,19660.0,19740.0,1567558.0
2026-05-28,011200,19970.0,19990.0,19250.0,19610.0,1849835.0
2026-05-29,011200,19650.0,19710.0,19170.0,19560.0,4878532.0
2026-06-01,011200,19560.0,20150.0,19490.0,19770.0,1869134.0
2026-06-02,011200,19630.0,19640.0,19190.0,19510.0,1663134.0
2026-06-04,011200,19700.0,20300.0,19500.0,19620.0,1712067.0
2026-06-05,011200,19670.0,19750.0,19200.0,19450.0,1254965.0
2026-06-08,011200,18500.0,19200.0,18500.0,18650.0,1381984.0
2026-06-09,011200,18630.0,19270.0,18600.0,19030.0,1307905.0
2026-06-10,011200,18850.0,19000.0,18020.0,18380.0,1532018.0
2026-06-11,011200,18100.0,18850.0,18000.0,18850.0,1514045.0
2026-06-12,011200,19230.0,20150.0,19010.0,20050.0,1884795.0
2026-06-15,011200,20800.0,22050.0,20350.0,21300.0,3112754.0
2026-06-16,011200,21050.0,22200.0,20600.0,22150.0,2870572.0
2026-06-17,011200,21900.0,23200.0,21700.0,22100.0,2899739.0
2026-06-18,011200,21900.0,21900.0,20450.0,20450.0,1606593.0
2026-06-19,011200,20450.0,20500.0,19410.0,20150.0,2617721.0
2026-06-22,011200,19660.0,19940.0,19500.0,19550.0,1250720.0
2026-06-23,011200,19400.0,19670.0,18540.0,18590.0,1305362.0
2026-06-24,011200,18380.0,19280.0,18240.0,18940.0,1287314.0
2026-06-25,011200,19010.0,19440.0,18660.0,18660.0,903622.0
2026-06-26,011200,18670.0,18770.0,17910.0,18310.0,1323756.0
2026-06-29,011200,18320.0,19340.0,18040.0,19220.0,1067053.0
2026-06-30,011200,19180.0,19190.0,18610.0,18610.0,948016.0
2026-07-01,011200,18900.0,19000.0,18430.0,18660.0,782865.0
2026-07-02,011200,18740.0,19590.0,18270.0,19100.0,1365885.0
2026-07-03,011200,19240.0,19380.0,18710.0,19170.0,796152.0
2026-07-06,011200,19270.0,19700.0,19050.0,19380.0,781207.0
2026-07-07,011200,19370.0,19600.0,19030.0,19600.0,1022105.0
2026-07-08,011200,19460.0,20200.0,19250.0,20050.0,1792200.0
2026-07-09,011200,19970.0,20150.0,19320.0,19320.0,1704499.0
2026-07-10,011200,19540.0,20100.0,19540.0,19740.0,1145498.0
2026-07-13,011200,19710.0,20500.0,19400.0,19550.0,1869104.0
2026-07-14,011200,19600.0,20400.0,19460.0,19760.0,2415311.0
2026-07-15,011200,20000.0,20300.0,19820.0,20100.0,1475566.0
2026-07-16,011200,19940.0,20500.0,19800.0,20050.0,1405959.0
2025-01-15,012330,254000.0,258000.0,250500.0,253500.0,186326.0
2025-01-16,012330,254000.0,254500.0,249500.0,252500.0,184625.0
2025-01-17,012330,250000.0,253000.0,247500.0,252500.0,170954.0
2025-01-20,012330,252000.0,252500.0,243500.0,244000.0,127000.0
2025-01-21,012330,245000.0,252500.0,245000.0,250000.0,151404.0
2025-01-22,012330,252000.0,254000.0,248000.0,253000.0,180573.0
2025-01-23,012330,253500.0,257500.0,251500.0,252000.0,289693.0
2025-01-24,012330,259000.0,265000.0,259000.0,263500.0,569055.0
2025-01-31,012330,266000.0,268500.0,259500.0,263500.0,288546.0
2025-02-03,012330,258500.0,261000.0,253500.0,257000.0,273890.0
2025-02-04,012330,264500.0,264500.0,252500.0,252500.0,185193.0
2025-02-05,012330,252500.0,254500.0,248000.0,251500.0,198039.0
2025-02-06,012330,251500.0,254500.0,249000.0,251500.0,195482.0
2025-02-07,012330,248500.0,250000.0,245500.0,247000.0,172737.0
2025-02-10,012330,244000.0,249500.0,243000.0,246500.0,191841.0
2025-02-11,012330,247000.0,252000.0,245000.0,248500.0,173078.0
2025-02-12,012330,249000.0,249500.0,241000.0,242500.0,123531.0
2025-02-13,012330,244000.0,247500.0,243000.0,243000.0,243167.0
2025-02-14,012330,247000.0,252500.0,247000.0,249500.0,161821.0
2025-02-17,012330,250000.0,250000.0,243000.0,245500.0,155375.0
2025-02-18,012330,245000.0,249500.0,245000.0,248000.0,150895.0
2025-02-19,012330,246000.0,258500.0,245500.0,255500.0,191123.0
2025-02-20,012330,252000.0,255500.0,249500.0,255500.0,159566.0
2025-02-21,012330,260500.0,269000.0,254000.0,254500.0,243582.0
2025-02-24,012330,254500.0,257500.0,252500.0,256500.0,99865.0
2025-02-25,012330,254000.0,259000.0,254000.0,255000.0,122768.0
2025-02-26,012330,254000.0,258000.0,251000.0,256500.0,135287.0
2025-02-27,012330,256500.0,260500.0,255000.0,260500.0,157654.0
2025-02-28,012330,257500.0,260000.0,245000.0,245500.0,283138.0
2025-03-04,012330,248500.0,256500.0,246500.0,250000.0,149579.0
2025-03-05,012330,252500.0,254000.0,245500.0,251000.0,156230.0
2025-03-06,012330,253000.0,259000.0,252500.0,257000.0,122205.0
2025-03-07,012330,257000.0,259000.0,255000.0,256000.0,104329.0
2025-03-10,012330,255000.0,261000.0,255000.0,258500.0,113858.0
2025-03-11,012330,251000.0,253000.0,245000.0,248000.0,226218.0
2025-03-12,012330,245000.0,248000.0,240500.0,248000.0,173718.0
2025-03-13,012330,248000.0,256000.0,247500.0,256000.0,219828.0
2025-03-14,012330,253500.0,256500.0,250000.0,255500.0,216811.0
2025-03-17,012330,255000.0,259500.0,254000.0,259500.0,159986.0
2025-03-18,012330,259500.0,265500.0,258500.0,264000.0,222834.0
2025-03-19,012330,264000.0,272000.0,263500.0,270000.0,342647.0
2025-03-20,012330,269500.0,275000.0,269500.0,270500.0,330007.0
2025-03-21,012330,266500.0,272000.0,263500.0,266500.0,259174.0
2025-03-24,012330,268500.0,281000.0,266500.0,279500.0,377410.0
2025-03-25,012330,288000.0,289000.0,279500.0,281500.0,358202.0
2025-03-26,012330,285000.0,286000.0,281500.0,285500.0,189924.0
2025-03-27,012330,276500.0,283000.0,274000.0,279500.0,330838.0
2025-03-28,012330,276000.0,276500.0,264500.0,267500.0,212911.0
2025-03-31,012330,264000.0,265500.0,258500.0,260500.0,179462.0
2025-04-01,012330,262500.0,264000.0,258000.0,261500.0,164973.0
2025-04-02,012330,260500.0,268500.0,258500.0,265000.0,144936.0
2025-04-03,012330,253500.0,260000.0,252500.0,260000.0,243145.0
2025-04-04,012330,258500.0,263000.0,255500.0,259000.0,154827.0
2025-04-07,012330,248500.0,251500.0,243000.0,248500.0,170953.0
2025-04-08,012330,250500.0,251000.0,235500.0,236500.0,236443.0
2025-04-09,012330,237500.0,239500.0,233500.0,235000.0,154384.0
2025-04-10,012330,247500.0,249000.0,241500.0,243500.0,192769.0
2025-04-11,012330,238500.0,239500.0,233000.0,234500.0,195165.0
2025-04-14,012330,233500.0,237000.0,232000.0,235000.0,131869.0
2025-04-15,012330,246000.0,249000.0,240500.0,241500.0,192501.0
2025-04-16,012330,241500.0,243000.0,238500.0,239500.0,82988.0
2025-04-17,012330,238000.0,241500.0,235000.0,238500.0,103479.0
2025-04-18,012330,239000.0,245500.0,237500.0,243500.0,98734.0
2025-04-21,012330,244000.0,247000.0,241500.0,244000.0,100447.0
2025-04-22,012330,244000.0,245000.0,240000.0,241000.0,119924.0
2025-04-23,012330,244500.0,253500.0,243000.0,252000.0,171554.0
2025-04-24,012330,252000.0,254500.0,249000.0,252500.0,142931.0
2025-04-25,012330,255500.0,258000.0,247000.0,250000.0,161180.0
2025-04-28,012330,248500.0,252000.0,248500.0,251000.0,100735.0
2025-04-29,012330,254500.0,259000.0,253000.0,256500.0,172236.0
2025-04-30,012330,259000.0,267500.0,255000.0,267500.0,190763.0
2025-05-02,012330,265000.0,266000.0,256000.0,256500.0,138585.0
2025-05-07,012330,257000.0,258500.0,252000.0,258000.0,158435.0
2025-05-08,012330,256000.0,260000.0,256000.0,259000.0,126993.0
2025-05-09,012330,260500.0,262000.0,254500.0,255500.0,100524.0
2025-05-12,012330,255500.0,261000.0,253000.0,261000.0,114403.0
2025-05-13,012330,258500.0,262500.0,256500.0,257000.0,204302.0
2025-05-14,012330,258000.0,260500.0,255500.0,258000.0,100296.0
2025-05-15,012330,255000.0,258500.0,254000.0,255000.0,77969.0
2025-05-16,012330,254500.0,256000.0,250000.0,255000.0,91545.0
2025-05-19,012330,252500.0,253500.0,247000.0,249500.0,89127.0
2025-05-20,012330,250000.0,252000.0,246500.0,248000.0,102238.0
2025-05-21,012330,248000.0,249000.0,246500.0,247500.0,85462.0
2025-05-22,012330,247000.0,248000.0,242500.0,246000.0,114299.0
2025-05-23,012330,245500.0,247000.0,241000.0,242000.0,103469.0
2025-05-26,012330,243000.0,245000.0,240000.0,244000.0,146391.0
2025-05-27,012330,242000.0,246000.0,240000.0,243000.0,146086.0
2025-05-28,012330,242500.0,256500.0,242500.0,254000.0,275785.0
2025-05-29,012330,255000.0,265000.0,255000.0,263000.0,299714.0
2025-05-30,012330,259500.0,260500.0,252000.0,253000.0,253174.0
2025-06-02,012330,250500.0,253000.0,245000.0,246500.0,141969.0
2025-06-04,012330,249500.0,252000.0,247500.0,250000.0,229704.0
2025-06-05,012330,249000.0,257500.0,249000.0,254000.0,178381.0
2025-06-09,012330,266500.0,285000.0,257500.0,279500.0,537125.0
2025-06-10,012330,281500.0,282500.0,274000.0,275000.0,254661.0
2025-06-11,012330,280000.0,290000.0,279000.0,288500.0,395396.0
2025-06-12,012330,284500.0,290500.0,282500.0,284500.0,328418.0
2025-06-13,012330,284500.0,288500.0,278500.0,282000.0,283397.0
2025-06-16,012330,286500.0,288000.0,278500.0,285500.0,198580.0
2025-06-17,012330,286500.0,291000.0,283000.0,286000.0,227695.0
2025-06-18,012330,282500.0,302000.0,277500.0,299500.0,542226.0
2025-06-19,012330,297000.0,299000.0,290500.0,293000.0,232025.0
2025-06-20,012330,295000.0,296500.0,289500.0,291500.0,274485.0
2025-06-23,012330,285000.0,285500.0,278000.0,280500.0,238590.0
2025-06-24,012330,286500.0,289500.0,282750.0,285000.0,191281.0
2025-06-25,012330,285500.0,298500.0,285500.0,297500.0,397717.0
2025-06-26,012330,294500.0,297500.0,290500.0,294500.0,203323.0
2025-06-27,012330,292000.0,292000.0,285500.0,289500.0,138407.0
2025-06-30,012330,291000.0,292000.0,284500.0,287000.0,150016.0
2025-07-01,012330,287500.0,296500.0,287500.0,288000.0,230402.0
2025-07-02,012330,285000.0,300000.0,284500.0,297000.0,329310.0
2025-07-03,012330,298500.0,303000.0,295000.0,299500.0,244228.0
2025-07-04,012330,300500.0,305000.0,294500.0,295500.0,146856.0
2025-07-07,012330,291000.0,296500.0,288000.0,294500.0,149244.0
2025-07-08,012330,294000.0,309500.0,293000.0,305000.0,357902.0
2025-07-09,012330,304500.0,310500.0,300500.0,309500.0,323611.0
2025-07-10,012330,313500.0,318000.0,305500.0,313500.0,253511.0
2025-07-11,012330,311500.0,312000.0,304000.0,306500.0,186798.0
2025-07-14,012330,304500.0,316000.0,304500.0,314500.0,196909.0
2025-07-15,012330,311500.0,312000.0,304000.0,306500.0,212226.0
2025-07-16,012330,309500.0,312000.0,305000.0,305500.0,126689.0
2025-07-17,012330,306500.0,310000.0,302500.0,307500.0,157347.0
2025-07-18,012330,306500.0,309500.0,299000.0,303000.0,159995.0
2025-07-21,012330,301000.0,306000.0,296500.0,299000.0,167353.0
2025-07-22,012330,296500.0,301500.0,291000.0,293000.0,156817.0
2025-07-23,012330,298500.0,304500.0,297500.0,299000.0,315829.0
2025-07-24,012330,299500.0,307000.0,293500.0,296000.0,157675.0
2025-07-25,012330,292500.0,306500.0,289000.0,297500.0,181789.0
2025-07-28,012330,300000.0,303000.0,292500.0,300500.0,182968.0
2025-07-29,012330,297500.0,300500.0,295000.0,297500.0,155692.0
2025-07-30,012330,296500.0,308500.0,296500.0,306500.0,207698.0
2025-07-31,012330,311000.0,312500.0,285500.0,294500.0,353101.0
2025-08-01,012330,289500.0,292000.0,281500.0,283500.0,226073.0
2025-08-04,012330,281000.0,287000.0,279000.0,285000.0,103176.0
2025-08-05,012330,286500.0,290000.0,282000.0,286000.0,134961.0
2025-08-06,012330,283500.0,289000.0,283000.0,286000.0,146201.0
2025-08-07,012330,289000.0,296000.0,288500.0,295000.0,174355.0
2025-08-08,012330,293500.0,296000.0,289500.0,296000.0,126782.0
2025-08-11,012330,296500.0,298000.0,292000.0,293500.0,91433.0
2025-08-12,012330,292500.0,299500.0,292500.0,295500.0,185221.0
2025-08-13,012330,296500.0,300500.0,295000.0,299000.0,136786.0
2025-08-14,012330,301000.0,304000.0,295500.0,296500.0,125528.0
2025-08-18,012330,294000.0,296000.0,290000.0,292000.0,93609.0
2025-08-19,012330,296000.0,302000.0,292000.0,302000.0,150346.0
2025-08-20,012330,303000.0,303000.0,296000.0,301500.0,130049.0
2025-08-21,012330,301500.0,304000.0,297500.0,297500.0,82366.0
2025-08-22,012330,298000.0,304000.0,297500.0,299500.0,78081.0
2025-08-25,012330,300000.0,300000.0,293000.0,299000.0,152610.0
2025-08-26,012330,297000.0,302500.0,296000.0,299500.0,222025.0
2025-08-27,012330,302000.0,304000.0,299000.0,302500.0,133201.0
2025-08-28,012330,304500.0,310000.0,301500.0,302500.0,199023.0
2025-08-29,012330,308000.0,322500.0,306000.0,318500.0,552076.0
2025-09-01,012330,320000.0,326000.0,317500.0,321500.0,268038.0
2025-09-02,012330,321500.0,324000.0,319500.0,323500.0,176539.0
2025-09-03,012330,322500.0,326000.0,318000.0,324500.0,145348.0
2025-09-04,012330,321500.0,325500.0,317500.0,320500.0,210607.0
2025-09-05,012330,318500.0,323500.0,318500.0,323000.0,149648.0
2025-09-08,012330,323500.0,324000.0,318000.0,323000.0,185042.0
2025-09-09,012330,324000.0,327000.0,312000.0,315500.0,212611.0
2025-09-10,012330,313500.0,325500.0,313500.0,319000.0,216004.0
2025-09-11,012330,319000.0,324500.0,314000.0,316000.0,275234.0
2025-09-12,012330,318000.0,321000.0,311000.0,313500.0,197547.0
2025-09-15,012330,310500.0,313000.0,306500.0,309500.0,145731.0
2025-09-16,012330,308500.0,310000.0,304500.0,309000.0,150505.0
2025-09-17,012330,310500.0,313000.0,308500.0,311000.0,103522.0
2025-09-18,012330,310000.0,317000.0,307500.0,317000.0,167612.0
2025-09-19,012330,313500.0,314000.0,303000.0,308000.0,383684.0
2025-09-22,012330,308000.0,312500.0,307000.0,312500.0,130228.0
2025-09-23,012330,309000.0,312500.0,308500.0,312000.0,92973.0
2025-09-24,012330,312000.0,313500.0,308000.0,308000.0,81257.0
2025-09-25,012330,307000.0,308500.0,300500.0,301000.0,247888.0
2025-09-26,012330,299000.0,300000.0,292500.0,295000.0,231752.0
2025-09-29,012330,297500.0,297750.0,294000.0,296000.0,175732.0
2025-09-30,012330,295500.0,300500.0,295000.0,298500.0,164694.0
2025-10-01,012330,298500.0,299500.0,293500.0,295500.0,130029.0
2025-10-02,012330,297000.0,301000.0,295500.0,297000.0,241778.0
2025-10-10,012330,308000.0,308000.0,296500.0,298000.0,236742.0
2025-10-13,012330,299000.0,299000.0,288000.0,289000.0,238724.0
2025-10-14,012330,286500.0,300500.0,285500.0,299500.0,217693.0
2025-10-15,012330,300500.0,302500.0,297500.0,300500.0,162540.0
2025-10-16,012330,307500.0,312500.0,303500.0,309000.0,234256.0
2025-10-17,012330,306000.0,310500.0,304000.0,308000.0,130462.0
2025-10-20,012330,310000.0,312000.0,303500.0,308500.0,124554.0
2025-10-21,012330,309500.0,317500.0,306000.0,308500.0,276383.0
2025-10-22,012330,311500.0,315000.0,305000.0,314500.0,148850.0
2025-10-23,012330,309500.0,313500.0,305500.0,306000.0,143817.0
2025-10-24,012330,308000.0,309500.0,303000.0,307000.0,164856.0
2025-10-27,012330,305000.0,309000.0,304500.0,305000.0,166002.0
2025-10-28,012330,305000.0,305000.0,300500.0,304500.0,177830.0
2025-10-29,012330,306500.0,307000.0,301500.0,306500.0,148178.0
2025-10-30,012330,320500.0,321500.0,304500.0,307000.0,313371.0
2025-10-31,012330,308000.0,322000.0,306000.0,316000.0,400660.0
2025-11-03,012330,313000.0,314000.0,297500.0,299500.0,534250.0
2025-11-04,012330,299500.0,301000.0,294000.0,296000.0,200106.0
2025-11-05,012330,295500.0,295500.0,283000.0,288000.0,311849.0
2025-11-06,012330,292000.0,297500.0,290500.0,294500.0,216280.0
2025-11-07,012330,294000.0,295500.0,287000.0,290000.0,127187.0
2025-11-10,012330,293500.0,302000.0,292500.0,300500.0,181548.0
2025-11-11,012330,299000.0,302000.0,297000.0,298500.0,163489.0
2025-11-12,012330,297000.0,300500.0,295000.0,300000.0,175934.0
2025-11-13,012330,297000.0,301500.0,296000.0,300000.0,167662.0
2025-11-14,012330,298500.0,303500.0,296500.0,298000.0,156922.0
2025-11-17,012330,298500.0,298500.0,292000.0,294000.0,132443.0
2025-11-18,012330,291500.0,296000.0,288000.0,288500.0,100219.0
2025-11-19,012330,293000.0,297500.0,289500.0,295500.0,149235.0
2025-11-20,012330,295500.0,299000.0,294500.0,296000.0,141245.0
2025-11-21,012330,296000.0,297000.0,290000.0,296000.0,135555.0
2025-11-24,012330,298500.0,299500.0,293000.0,293500.0,200935.0
2025-11-25,012330,296000.0,297500.0,291500.0,293500.0,104305.0
2025-11-26,012330,298000.0,299000.0,295000.0,298000.0,132670.0
2025-11-27,012330,297500.0,307000.0,297500.0,304500.0,229815.0
2025-11-28,012330,304500.0,315000.0,302000.0,309500.0,273800.0
2025-12-01,012330,307500.0,310000.0,302000.0,303500.0,158359.0
2025-12-02,012330,307000.0,317000.0,305000.0,317000.0,290243.0
2025-12-03,012330,314500.0,322000.0,312500.0,319500.0,211198.0
2025-12-04,012330,325000.0,351000.0,322500.0,347500.0,822306.0
2025-12-05,012330,347500.0,364000.0,345000.0,362500.0,621180.0
2025-12-08,012330,370000.0,371500.0,354000.0,362500.0,372145.0
2025-12-09,012330,359500.0,369000.0,351500.0,359000.0,343286.0
2025-12-10,012330,359000.0,372500.0,352000.0,362000.0,303696.0
2025-12-11,012330,370000.0,374500.0,360000.0,360500.0,378606.0
2025-12-12,012330,362000.0,383000.0,360500.0,377500.0,374301.0
2025-12-15,012330,368000.0,374000.0,364500.0,364500.0,371575.0
2025-12-16,012330,366000.0,370000.0,354500.0,357000.0,316642.0
2025-12-17,012330,357500.0,365000.0,354000.0,362000.0,221241.0
2025-12-18,012330,354000.0,363000.0,349500.0,352000.0,186783.0
2025-12-19,012330,355500.0,372000.0,347000.0,366500.0,474382.0
2025-12-22,012330,367000.0,367000.0,358500.0,363000.0,175735.0
2025-12-23,012330,363500.0,376000.0,360000.0,363000.0,218163.0
2025-12-24,012330,365500.0,376000.0,362000.0,365000.0,167819.0
2025-12-26,012330,369000.0,369000.0,356000.0,358000.0,135892.0
2025-12-29,012330,353000.0,370000.0,351000.0,366500.0,231713.0
2025-12-30,012330,363500.0,375000.0,363500.0,373000.0,200312.0
2026-01-02,012330,374000.0,385000.0,365000.0,369000.0,230839.0
2026-01-05,012330,371000.0,382500.0,367000.0,372000.0,239154.0
2026-01-06,012330,380500.0,390000.0,363000.0,366000.0,614394.0
2026-01-07,012330,368000.0,403500.0,367000.0,392500.0,983557.0
2026-01-08,012330,404500.0,404500.0,390000.0,391000.0,470773.0
2026-01-09,012330,399500.0,402500.0,382500.0,399500.0,517573.0
2026-01-12,012330,418000.0,418000.0,389500.0,394000.0,585772.0
2026-01-13,012330,402500.0,468500.0,402000.0,451000.0,1659185.0
2026-01-14,012330,448000.0,453000.0,433000.0,450000.0,672126.0
2026-01-15,012330,444000.0,459000.0,440500.0,450500.0,606056.0
2026-01-16,012330,449000.0,449500.0,428500.0,431000.0,648235.0
2026-01-19,012330,431500.0,462500.0,430000.0,457500.0,761480.0
2026-01-20,012330,461000.0,474000.0,439000.0,451000.0,531236.0
2026-01-21,012330,435500.0,491000.0,434500.0,487500.0,1202269.0
2026-01-22,012330,497000.0,499500.0,451500.0,453500.0,1272206.0
2026-01-23,012330,447000.0,466500.0,444000.0,457500.0,637298.0
2026-01-26,012330,460500.0,476000.0,456000.0,465500.0,523224.0
2026-01-27,012330,441500.0,467000.0,439000.0,460000.0,529631.0
2026-01-28,012330,466000.0,468250.0,446000.0,447000.0,586775.0
2026-01-29,012330,450500.0,460500.0,446500.0,457000.0,677223.0
2026-01-30,012330,450500.0,456000.0,443500.0,449000.0,389855.0
2026-02-02,012330,440000.0,455500.0,432000.0,436000.0,404323.0
2026-02-03,012330,435000.0,447000.0,429500.0,444500.0,361268.0
2026-02-04,012330,447000.0,455000.0,442000.0,448500.0,287368.0
2026-02-05,012330,436500.0,447000.0,426000.0,433500.0,326087.0
2026-02-06,012330,417500.0,426000.0,406000.0,426000.0,365979.0
2026-02-09,012330,437000.0,438000.0,428000.0,435000.0,244335.0
2026-02-10,012330,446000.0,448000.0,434000.0,437000.0,219665.0
2026-02-11,012330,438500.0,447500.0,434500.0,446000.0,312230.0
2026-02-12,012330,443000.0,446000.0,436000.0,446000.0,314889.0
2026-02-13,012330,440000.0,445500.0,434000.0,435000.0,274054.0
2026-02-19,012330,437000.0,445500.0,433000.0,440500.0,297467.0
2026-02-20,012330,441000.0,446500.0,439500.0,443000.0,223694.0
2026-02-23,012330,447000.0,455500.0,441500.0,445500.0,277449.0
2026-02-24,012330,446000.0,453000.0,441500.0,453000.0,297925.0
2026-02-25,012330,457000.0,475000.0,452500.0,469500.0,712489.0
2026-02-26,012330,488000.0,531000.0,481500.0,529000.0,908063.0
2026-02-27,012330,507000.0,531000.0,492500.0,517000.0,1070764.0
2026-03-03,012330,512000.0,520000.0,467000.0,468500.0,568767.0
2026-03-04,012330,437500.0,450500.0,387500.0,399000.0,595147.0
2026-03-05,012330,439500.0,441500.0,422500.0,432000.0,474443.0
2026-03-06,012330,423500.0,451000.0,422500.0,444000.0,449828.0
2026-03-09,012330,402500.0,412000.0,393500.0,409000.0,421928.0
2026-03-10,012330,431000.0,435000.0,414000.0,423000.0,277816.0
2026-03-11,012330,443000.0,447000.0,419500.0,423000.0,326398.0
2026-03-12,012330,415000.0,419500.0,403500.0,414500.0,389077.0
2026-03-13,012330,399000.0,412500.0,398500.0,404000.0,267460.0
2026-03-16,012330,400500.0,405000.0,392000.0,401000.0,177548.0
2026-03-17,012330,413500.0,420000.0,410500.0,412500.0,166536.0
2026-03-18,012330,420500.0,431000.0,419000.0,430000.0,210557.0
2026-03-19,012330,414000.0,419500.0,411000.0,413000.0,177528.0
2026-03-20,012330,414500.0,415000.0,400500.0,400500.0,357334.0
2026-03-23,012330,379500.0,387000.0,372000.0,381000.0,295324.0
2026-03-24,012330,397500.0,397500.0,382500.0,392500.0,236563.0
2026-03-25,012330,400000.0,403000.0,395500.0,402000.0,226151.0
2026-03-26,012330,402000.0,402000.0,393500.0,398500.0,198857.0
2026-03-27,012330,388000.0,411000.0,385500.0,408500.0,298310.0
2026-03-30,012330,383500.0,400000.0,380000.0,398000.0,198668.0
2026-03-31,012330,387500.0,391500.0,376500.0,378000.0,334294.0
2026-04-01,012330,397000.0,410000.0,389500.0,409000.0,305094.0
2026-04-02,012330,413500.0,414000.0,384000.0,389500.0,194342.0
2026-04-03,012330,395000.0,400500.0,385000.0,388500.0,163868.0
2026-04-06,012330,388500.0,395500.0,383500.0,388500.0,157756.0
2026-04-07,012330,389000.0,391000.0,384000.0,390000.0,190610.0
2026-04-08,012330,409000.0,411000.0,397000.0,407000.0,333379.0
2026-04-09,012330,408000.0,414500.0,398500.0,401500.0,270996.0
2026-04-10,012330,406500.0,408000.0,398500.0,402500.0,255234.0
2026-04-13,012330,391500.0,392500.0,386500.0,391500.0,222824.0
2026-04-14,012330,403000.0,410000.0,400500.0,405000.0,166665.0
2026-04-15,012330,422000.0,424000.0,410500.0,415500.0,284353.0
2026-04-16,012330,427000.0,432000.0,423500.0,427000.0,266959.0
2026-04-17,012330,433500.0,433500.0,422500.0,427000.0,174151.0
2026-04-20,012330,426500.0,428000.0,418500.0,420000.0,198799.0
2026-04-21,012330,427000.0,452000.0,424500.0,447000.0,330317.0
2026-04-22,012330,447500.0,457500.0,443000.0,456500.0,300701.0
2026-04-23,012330,472000.0,472000.0,441000.0,442500.0,407394.0
2026-04-24,012330,442500.0,443000.0,419000.0,422500.0,436579.0
2026-04-27,012330,426500.0,438500.0,422500.0,432500.0,326092.0
2026-04-28,012330,439500.0,456500.0,434500.0,447000.0,316712.0
2026-04-29,012330,447500.0,451500.0,437000.0,439000.0,229251.0
2026-04-30,012330,438500.0,443000.0,425000.0,425000.0,317288.0
2026-05-04,012330,431500.0,435000.0,428000.0,431500.0,211193.0
2026-05-06,012330,431500.0,441500.0,427000.0,432500.0,379661.0
2026-05-07,012330,449000.0,459000.0,436500.0,441500.0,376034.0
2026-05-08,012330,458500.0,547000.0,447000.0,509000.0,1579602.0
2026-05-11,012330,535000.0,588000.0,520000.0,553000.0,1085217.0
2026-05-12,012330,595000.0,607000.0,525000.0,548000.0,1301498.0
2026-05-13,012330,564000.0,677000.0,555000.0,649000.0,1750264.0
2026-05-14,012330,680000.0,687000.0,644000.0,650000.0,1177293.0
2026-05-15,012330,671000.0,685000.0,610000.0,629000.0,1010628.0
2026-05-18,012330,612000.0,620000.0,562000.0,571000.0,947011.0
2026-05-19,012330,572000.0,575000.0,509000.0,525000.0,908666.0
2026-05-20,012330,532000.0,561000.0,515000.0,535000.0,964849.0
2026-05-21,012330,571000.0,680000.0,565000.0,670000.0,1334364.0
2026-05-22,012330,654000.0,663000.0,619000.0,646000.0,991976.0
2026-05-26,012330,675000.0,688000.0,640000.0,664000.0,870942.0
2026-05-27,012330,661000.0,712000.0,648000.0,688000.0,1501583.0
2026-05-28,012330,739000.0,749000.0,653000.0,686000.0,1660889.0
2026-05-29,012330,712000.0,795000.0,706000.0,768000.0,1963281.0
2026-06-01,012330,770000.0,822000.0,742000.0,761000.0,1822258.0
2026-06-02,012330,763000.0,775000.0,698000.0,759000.0,1212449.0
2026-06-04,012330,721000.0,778000.0,713000.0,748000.0,788548.0
2026-06-05,012330,708000.0,723000.0,665000.0,697000.0,935096.0
2026-06-08,012330,605000.0,642000.0,602000.0,612000.0,773309.0
2026-06-09,012330,630000.0,636000.0,560000.0,595000.0,1196958.0
2026-06-10,012330,586000.0,620000.0,545000.0,570000.0,748496.0
2026-06-11,012330,542000.0,583000.0,534000.0,576000.0,590857.0
2026-06-12,012330,615000.0,648000.0,605000.0,607000.0,936211.0
2026-06-15,012330,637000.0,647000.0,621000.0,640000.0,515561.0
2026-06-16,012330,654000.0,686000.0,635000.0,660000.0,501325.0
2026-06-17,012330,651000.0,651000.0,626000.0,631000.0,308035.0
2026-06-18,012330,624000.0,627000.0,599000.0,603000.0,421462.0
2026-06-19,012330,603000.0,659000.0,592000.0,612000.0,902462.0
2026-06-22,012330,599000.0,600000.0,568000.0,569000.0,438282.0
2026-06-23,012330,572000.0,572000.0,509000.0,510000.0,655186.0
2026-06-24,012330,520000.0,522000.0,496000.0,509000.0,522174.0
2026-06-25,012330,529000.0,533000.0,508000.0,513000.0,406638.0
2026-06-26,012330,501000.0,510000.0,463000.0,486500.0,494414.0
2026-06-29,012330,480000.0,508000.0,462500.0,502000.0,499087.0
2026-06-30,012330,516000.0,516000.0,493500.0,500000.0,317486.0
2026-07-01,012330,507000.0,524000.0,480500.0,494000.0,306223.0
2026-07-02,012330,483500.0,509000.0,461000.0,492000.0,593458.0
2026-07-03,012330,487500.0,495500.0,466000.0,494000.0,376599.0
2026-07-06,012330,495500.0,528000.0,489000.0,515000.0,392653.0
2026-07-07,012330,506000.0,506000.0,473500.0,495000.0,436939.0
2026-07-08,012330,495000.0,518000.0,479000.0,488500.0,411202.0
2026-07-09,012330,486000.0,486500.0,455000.0,465000.0,384154.0
2026-07-10,012330,469500.0,500000.0,466500.0,488000.0,272847.0
2026-07-13,012330,488000.0,522000.0,480500.0,487500.0,351687.0
2026-07-14,012330,490000.0,491000.0,452000.0,466000.0,420830.0
2026-07-15,012330,484000.0,495000.0,473000.0,489500.0,285432.0
2026-07-16,012330,486000.0,496500.0,471500.0,482000.0,270493.0
2025-01-15,017670,55600.0,55800.0,55000.0,55200.0,340658.0
2025-01-16,017670,55400.0,55600.0,55000.0,55300.0,326260.0
2025-01-17,017670,55100.0,55700.0,55100.0,55700.0,386870.0
2025-01-20,017670,55500.0,55600.0,55100.0,55400.0,282138.0
2025-01-21,017670,55000.0,55500.0,54600.0,54900.0,694682.0
2025-01-22,017670,55000.0,55200.0,54200.0,54500.0,712731.0
2025-01-23,017670,54600.0,55200.0,54500.0,54900.0,454669.0
2025-01-24,017670,55100.0,55300.0,54300.0,54800.0,600388.0
2025-01-31,017670,55300.0,55700.0,55000.0,55400.0,917281.0
2025-02-03,017670,54900.0,55900.0,54800.0,55900.0,1135847.0
2025-02-04,017670,55700.0,56100.0,55400.0,55700.0,427000.0
2025-02-05,017670,55700.0,56100.0,55500.0,55800.0,385639.0
2025-02-06,017670,55800.0,56100.0,55500.0,56100.0,341741.0
2025-02-07,017670,55600.0,56000.0,55200.0,55200.0,425766.0
2025-02-10,017670,55400.0,55800.0,54900.0,55000.0,666106.0
2025-02-11,017670,55000.0,56000.0,55000.0,56000.0,502170.0
2025-02-12,017670,56500.0,57200.0,55700.0,56000.0,400834.0
2025-02-13,017670,55800.0,56300.0,55600.0,56300.0,521661.0
2025-02-14,017670,56300.0,56500.0,55900.0,56300.0,355303.0
2025-02-17,017670,56300.0,56700.0,55900.0,56400.0,369195.0
2025-02-18,017670,56200.0,56300.0,55800.0,56000.0,375811.0
2025-02-19,017670,56100.0,57700.0,56000.0,57700.0,774212.0
2025-02-20,017670,58000.0,59100.0,57700.0,59100.0,755501.0
2025-02-21,017670,58800.0,58900.0,57800.0,58200.0,290145.0
2025-02-24,017670,58200.0,59000.0,58100.0,58700.0,378570.0
2025-02-25,017670,58200.0,58200.0,57400.0,58200.0,423812.0
2025-02-26,017670,58400.0,58500.0,57700.0,58000.0,613359.0
2025-02-27,017670,57500.0,57500.0,55900.0,56300.0,949550.0
2025-02-28,017670,56300.0,57200.0,56000.0,56000.0,1084138.0
2025-03-04,017670,56700.0,57500.0,55800.0,56000.0,696920.0
2025-03-05,017670,56400.0,56800.0,56000.0,56600.0,538931.0
2025-03-06,017670,56300.0,56500.0,55500.0,56000.0,591270.0
2025-03-07,017670,55900.0,56000.0,55100.0,55400.0,550882.0
2025-03-10,017670,55000.0,56000.0,55000.0,55100.0,521608.0
2025-03-11,017670,55000.0,55600.0,55000.0,55600.0,450300.0
2025-03-12,017670,55700.0,55900.0,55200.0,55900.0,372127.0
2025-03-13,017670,55900.0,56000.0,55300.0,56000.0,595666.0
2025-03-14,017670,56000.0,56000.0,55200.0,55300.0,510417.0
2025-03-17,017670,55600.0,55800.0,55400.0,55800.0,550101.0
2025-03-18,017670,55700.0,56200.0,55500.0,55900.0,419298.0
2025-03-19,017670,56000.0,56700.0,55800.0,56700.0,482354.0
2025-03-20,017670,56500.0,56600.0,56200.0,56300.0,327396.0
2025-03-21,017670,56100.0,56500.0,56000.0,56300.0,447711.0
2025-03-24,017670,56000.0,56200.0,55800.0,55800.0,327348.0
2025-03-25,017670,55700.0,56200.0,55600.0,56100.0,315942.0
2025-03-26,017670,56100.0,56300.0,55800.0,55800.0,303640.0
2025-03-27,017670,55600.0,56100.0,55600.0,55700.0,295742.0
2025-03-28,017670,55400.0,56000.0,55400.0,55700.0,315483.0
2025-03-31,017670,55500.0,55700.0,54900.0,55500.0,494539.0
2025-04-01,017670,55700.0,56000.0,55400.0,55400.0,270999.0
2025-04-02,017670,55500.0,56000.0,55300.0,55800.0,416518.0
2025-04-03,017670,55000.0,55900.0,54500.0,55700.0,377033.0
2025-04-04,017670,55700.0,56100.0,55500.0,56100.0,460645.0
2025-04-07,017670,55000.0,55900.0,55000.0,55900.0,628581.0
2025-04-08,017670,55200.0,55500.0,54200.0,54800.0,884188.0
2025-04-09,017670,55400.0,55400.0,54500.0,55100.0,1007041.0
2025-04-10,017670,55300.0,55900.0,54700.0,55900.0,869220.0
2025-04-11,017670,55400.0,56500.0,55200.0,56500.0,412082.0
2025-04-14,017670,56000.0,56300.0,55700.0,55900.0,272329.0
2025-04-15,017670,55800.0,56400.0,55800.0,56200.0,318980.0
2025-04-16,017670,56400.0,57800.0,56300.0,57800.0,894790.0
2025-04-17,017670,57600.0,57900.0,57200.0,57900.0,348469.0
2025-04-18,017670,58000.0,58200.0,57600.0,57700.0,225417.0
2025-04-21,017670,57700.0,58000.0,57600.0,58000.0,165552.0
2025-04-22,017670,58100.0,58800.0,57700.0,58800.0,628806.0
2025-04-23,017670,58600.0,58600.0,57300.0,57600.0,610123.0
2025-04-24,017670,57200.0,57800.0,57200.0,57700.0,375945.0
2025-04-25,017670,57700.0,58400.0,57600.0,57800.0,488076.0
2025-04-28,017670,55500.0,55700.0,52900.0,53900.0,3257168.0
2025-04-29,017670,52800.0,53900.0,52600.0,53400.0,2448303.0
2025-04-30,017670,53600.0,54700.0,53500.0,54300.0,1444315.0
2025-05-02,017670,53500.0,53700.0,52900.0,53700.0,1177967.0
2025-05-07,017670,53700.0,54000.0,53100.0,53100.0,1404200.0
2025-05-08,017670,53100.0,53800.0,52900.0,53100.0,1072531.0
2025-05-09,017670,53000.0,53100.0,52300.0,52400.0,956445.0
2025-05-12,017670,52500.0,52600.0,51500.0,52200.0,1157794.0
2025-05-13,017670,52300.0,52500.0,51500.0,51600.0,1173452.0
2025-05-14,017670,51600.0,52000.0,51200.0,51300.0,1612625.0
2025-05-15,017670,51100.0,51800.0,51000.0,51100.0,1182555.0
2025-05-16,017670,51100.0,52400.0,51000.0,52200.0,1020577.0
2025-05-19,017670,51800.0,51900.0,51200.0,51200.0,932424.0
2025-05-20,017670,51300.0,52000.0,51200.0,51500.0,543658.0
2025-05-21,017670,51600.0,51900.0,51400.0,51600.0,615409.0
2025-05-22,017670,51400.0,51500.0,50400.0,50800.0,1326891.0
2025-05-23,017670,50700.0,51100.0,50600.0,50700.0,921410.0
2025-05-26,017670,50900.0,51500.0,50700.0,51500.0,600197.0
2025-05-27,017670,51300.0,51800.0,51300.0,51800.0,755230.0
2025-05-28,017670,51900.0,52200.0,51600.0,51700.0,1255821.0
2025-05-29,017670,51400.0,51600.0,51200.0,51300.0,987116.0
2025-05-30,017670,51400.0,51900.0,51300.0,51500.0,1574573.0
2025-06-02,017670,51500.0,51900.0,51500.0,51700.0,677882.0
2025-06-04,017670,51900.0,53100.0,51800.0,52500.0,1196353.0
2025-06-05,017670,52700.0,52900.0,52300.0,52600.0,879905.0
2025-06-09,017670,52800.0,53300.0,52650.0,53100.0,939726.0
2025-06-10,017670,53200.0,53300.0,52600.0,52800.0,894461.0
2025-06-11,017670,52900.0,53800.0,52800.0,53700.0,1200295.0
2025-06-12,017670,54000.0,54200.0,53500.0,54100.0,1149307.0
2025-06-13,017670,54400.0,55000.0,54100.0,54600.0,1841643.0
2025-06-16,017670,55100.0,55500.0,54500.0,55200.0,803389.0
2025-06-17,017670,55300.0,55600.0,55000.0,55300.0,1272261.0
2025-06-18,017670,54900.0,55500.0,54500.0,55300.0,852691.0
2025-06-19,017670,55200.0,55500.0,55000.0,55300.0,663399.0
2025-06-20,017670,55500.0,56800.0,55400.0,56300.0,910847.0
2025-06-23,017670,55800.0,56400.0,55400.0,56100.0,709184.0
2025-06-24,017670,56700.0,57000.0,56500.0,56800.0,1024495.0
2025-06-25,017670,57100.0,57300.0,56200.0,57100.0,788270.0
2025-06-26,017670,57200.0,57200.0,56400.0,56700.0,749636.0
2025-06-27,017670,56600.0,56700.0,55900.0,56200.0,639168.0
2025-06-30,017670,55900.0,57000.0,55700.0,56700.0,741639.0
2025-07-01,017670,57000.0,57700.0,56800.0,57500.0,712507.0
2025-07-02,017670,56600.0,58000.0,56600.0,57900.0,1155122.0
2025-07-03,017670,58000.0,58100.0,57300.0,57600.0,788433.0
2025-07-04,017670,56700.0,57800.0,54300.0,54400.0,2317864.0
2025-07-07,017670,53200.0,54500.0,52800.0,53900.0,1812868.0
2025-07-08,017670,53900.0,55200.0,53800.0,54600.0,1114121.0
2025-07-09,017670,55000.0,56000.0,54800.0,55000.0,988807.0
2025-07-10,017670,55400.0,55800.0,55100.0,55300.0,990517.0
2025-07-11,017670,55500.0,56000.0,55400.0,55700.0,786726.0
2025-07-14,017670,55600.0,56900.0,55600.0,56500.0,733546.0
2025-07-15,017670,56900.0,56900.0,56000.0,56000.0,894845.0
2025-07-16,017670,56300.0,56900.0,55900.0,55900.0,614679.0
2025-07-17,017670,56400.0,56500.0,55900.0,56400.0,610036.0
2025-07-18,017670,56500.0,56800.0,55900.0,56000.0,525083.0
2025-07-21,017670,56200.0,56400.0,55900.0,55900.0,416089.0
2025-07-22,017670,56200.0,56850.0,56100.0,56500.0,570359.0
2025-07-23,017670,56600.0,56800.0,56000.0,56100.0,462969.0
2025-07-24,017670,56400.0,56400.0,55500.0,55500.0,683382.0
2025-07-25,017670,55700.0,56000.0,55400.0,55500.0,516334.0
2025-07-28,017670,55800.0,55800.0,55100.0,55200.0,622141.0
2025-07-29,017670,54800.0,55300.0,54200.0,55100.0,757636.0
2025-07-30,017670,55000.0,56000.0,55000.0,56000.0,619875.0
2025-07-31,017670,55600.0,56100.0,55600.0,56100.0,528744.0
2025-08-01,017670,55700.0,56100.0,55400.0,55500.0,502513.0
2025-08-04,017670,55500.0,56400.0,55100.0,56200.0,545264.0
2025-08-05,017670,56600.0,57200.0,56200.0,56500.0,551169.0
2025-08-06,017670,56400.0,56700.0,56000.0,56300.0,476647.0
2025-08-07,017670,56000.0,56000.0,55200.0,55500.0,907842.0
2025-08-08,017670,55700.0,56100.0,55600.0,56100.0,384048.0
2025-08-11,017670,56100.0,56200.0,55700.0,55900.0,307904.0
2025-08-12,017670,55900.0,56500.0,55900.0,56100.0,378175.0
2025-08-13,017670,56200.0,56200.0,55700.0,55900.0,357034.0
2025-08-14,017670,56000.0,56300.0,55900.0,56100.0,387088.0
2025-08-18,017670,55800.0,56000.0,55600.0,55800.0,581602.0
2025-08-19,017670,55900.0,55900.0,55500.0,55700.0,517668.0
2025-08-20,017670,55900.0,56000.0,55600.0,55900.0,633210.0
2025-08-21,017670,56000.0,56400.0,55500.0,55500.0,542945.0
2025-08-22,017670,55600.0,55800.0,55400.0,55500.0,358496.0
2025-08-25,017670,55600.0,55700.0,55200.0,55200.0,828367.0
2025-08-26,017670,55200.0,55500.0,55000.0,55100.0,862682.0
2025-08-27,017670,55300.0,55600.0,55100.0,55400.0,542428.0
2025-08-28,017670,55000.0,55300.0,54800.0,54900.0,704797.0
2025-08-29,017670,55000.0,55100.0,54200.0,54200.0,1014170.0
2025-09-01,017670,54300.0,55100.0,54100.0,54800.0,476628.0
2025-09-02,017670,54900.0,55300.0,54600.0,54700.0,480839.0
2025-09-03,017670,54700.0,54800.0,54300.0,54400.0,405659.0
2025-09-04,017670,54200.0,54800.0,54200.0,54700.0,280404.0
2025-09-05,017670,54500.0,54900.0,54500.0,54800.0,244775.0
2025-09-08,017670,54800.0,54900.0,54000.0,54100.0,605744.0
2025-09-09,017670,54400.0,54400.0,54100.0,54200.0,522785.0
2025-09-10,017670,54100.0,54900.0,54100.0,54800.0,683214.0
2025-09-11,017670,54700.0,55100.0,54600.0,54900.0,636267.0
2025-09-12,017670,55100.0,55300.0,54800.0,55100.0,653103.0
2025-09-15,017670,55000.0,55200.0,54400.0,54500.0,669445.0
2025-09-16,017670,54400.0,54800.0,54300.0,54500.0,504582.0
2025-09-17,017670,54500.0,55400.0,54500.0,55400.0,840509.0
2025-09-18,017670,55200.0,55700.0,55100.0,55700.0,449138.0
2025-09-19,017670,55500.0,55600.0,55200.0,55500.0,997145.0
2025-09-22,017670,55500.0,55500.0,55000.0,55100.0,363252.0
2025-09-23,017670,55100.0,55200.0,54900.0,55000.0,462075.0
2025-09-24,017670,55200.0,55400.0,54900.0,55100.0,329476.0
2025-09-25,017670,55100.0,55300.0,54900.0,55200.0,553931.0
2025-09-26,017670,55000.0,55100.0,54700.0,54900.0,576165.0
2025-09-29,017670,54900.0,55100.0,54500.0,54500.0,710802.0
2025-09-30,017670,54300.0,54700.0,54200.0,54300.0,821758.0
2025-10-01,017670,54400.0,54600.0,54300.0,54400.0,410494.0
2025-10-02,017670,54400.0,54800.0,54300.0,54400.0,1064753.0
2025-10-10,017670,54100.0,54800.0,54000.0,54600.0,2379791.0
2025-10-13,017670,54400.0,54600.0,54000.0,54300.0,689003.0
2025-10-14,017670,54000.0,54100.0,53600.0,53600.0,1280221.0
2025-10-15,017670,53800.0,54400.0,53800.0,54100.0,598149.0
2025-10-16,017670,54300.0,54800.0,54200.0,54800.0,477136.0
2025-10-17,017670,54600.0,54700.0,54300.0,54500.0,485639.0
2025-10-20,017670,54400.0,54700.0,54200.0,54500.0,550983.0
2025-10-21,017670,54500.0,54800.0,54300.0,54300.0,727453.0
2025-10-22,017670,54300.0,54600.0,54200.0,54600.0,576418.0
2025-10-23,017670,54400.0,54500.0,54100.0,54200.0,624507.0
2025-10-24,017670,54300.0,54400.0,53600.0,53800.0,1019707.0
2025-10-27,017670,53800.0,54100.0,53800.0,53800.0,498423.0
2025-10-28,017670,53700.0,53900.0,53600.0,53800.0,571131.0
2025-10-29,017670,53900.0,54700.0,53700.0,54100.0,1074651.0
2025-10-30,017670,53900.0,54100.0,51900.0,52700.0,2076493.0
2025-10-31,017670,52100.0,52300.0,51400.0,52300.0,1485546.0
2025-11-03,017670,52900.0,52900.0,52100.0,52100.0,1266806.0
2025-11-04,017670,52300.0,52900.0,52200.0,52400.0,990020.0
2025-11-05,017670,52400.0,52700.0,51800.0,52700.0,1104824.0
2025-11-06,017670,52900.0,53700.0,52800.0,53500.0,1015403.0
2025-11-07,017670,53200.0,53600.0,52800.0,53400.0,1164417.0
2025-11-10,017670,53800.0,54400.0,53600.0,53900.0,976744.0
2025-11-11,017670,54000.0,54400.0,53800.0,54200.0,682758.0
2025-11-12,017670,54300.0,54400.0,54100.0,54100.0,536150.0
2025-11-13,017670,54000.0,54300.0,53800.0,54100.0,843445.0
2025-11-14,017670,54100.0,54400.0,53900.0,53900.0,606861.0
2025-11-17,017670,53900.0,54000.0,53300.0,53600.0,615499.0
2025-11-18,017670,53400.0,53700.0,52700.0,52700.0,621674.0
2025-11-19,017670,52900.0,53700.0,52700.0,53400.0,701409.0
2025-11-20,017670,53700.0,53900.0,53400.0,53400.0,637226.0
2025-11-21,017670,53300.0,53600.0,52900.0,53400.0,841029.0
2025-11-24,017670,53600.0,54100.0,53100.0,54100.0,5597624.0
2025-11-25,017670,53900.0,54000.0,53500.0,53500.0,741627.0
2025-11-26,017670,53900.0,54200.0,53600.0,54100.0,776549.0
2025-11-27,017670,53700.0,54300.0,53300.0,53400.0,449828.0
2025-11-28,017670,53500.0,53700.0,53300.0,53500.0,343883.0
2025-12-01,017670,53700.0,53800.0,53100.0,53500.0,365995.0
2025-12-02,017670,53500.0,53700.0,53300.0,53400.0,520645.0
2025-12-03,017670,53400.0,54000.0,53400.0,53900.0,563915.0
2025-12-04,017670,53700.0,54200.0,53600.0,54200.0,465614.0
2025-12-05,017670,54100.0,54400.0,54000.0,54400.0,460225.0
2025-12-08,017670,54300.0,54400.0,53700.0,53900.0,398841.0
2025-12-09,017670,54000.0,54000.0,53600.0,54000.0,360127.0
2025-12-10,017670,53900.0,54000.0,53600.0,53600.0,347052.0
2025-12-11,017670,53800.0,53900.0,53400.0,53400.0,697646.0
2025-12-12,017670,53700.0,54000.0,53400.0,54000.0,639680.0
2025-12-15,017670,53900.0,54000.0,53500.0,53600.0,335492.0
2025-12-16,017670,53600.0,53700.0,52900.0,53000.0,1351057.0
2025-12-17,017670,53100.0,53200.0,52800.0,53000.0,406436.0
2025-12-18,017670,52900.0,53100.0,52700.0,53000.0,415364.0
2025-12-19,017670,53000.0,53500.0,52800.0,53500.0,693700.0
2025-12-22,017670,52600.0,53200.0,52400.0,53200.0,683774.0
2025-12-23,017670,53000.0,53400.0,52800.0,53400.0,421775.0
2025-12-24,017670,53300.0,53600.0,53200.0,53400.0,339335.0
2025-12-26,017670,53300.0,53500.0,53000.0,53100.0,383370.0
2025-12-29,017670,52900.0,53200.0,52700.0,53200.0,359600.0
2025-12-30,017670,53200.0,53500.0,53000.0,53500.0,451306.0
2026-01-02,017670,53500.0,53700.0,52900.0,53300.0,509639.0
2026-01-05,017670,53300.0,53400.0,52900.0,53000.0,578565.0
2026-01-06,017670,53100.0,53300.0,53000.0,53200.0,610336.0
2026-01-07,017670,53000.0,53200.0,52800.0,53100.0,609996.0
2026-01-08,017670,53200.0,53300.0,52700.0,52800.0,686938.0
2026-01-09,017670,53100.0,53100.0,52600.0,53000.0,445753.0
2026-01-12,017670,52900.0,53100.0,52600.0,53000.0,510996.0
2026-01-13,017670,53500.0,54400.0,53400.0,54300.0,1785740.0
2026-01-14,017670,54300.0,55100.0,54100.0,54900.0,994623.0
2026-01-15,017670,54900.0,55100.0,54200.0,54900.0,921872.0
2026-01-16,017670,55600.0,55600.0,55000.0,55300.0,885656.0
2026-01-19,017670,55200.0,59600.0,54900.0,59200.0,2911218.0
2026-01-20,017670,59500.0,63000.0,59300.0,62200.0,3784804.0
2026-01-21,017670,61300.0,61500.0,60000.0,61000.0,1528834.0
2026-01-22,017670,62000.0,62900.0,61200.0,61700.0,1194187.0
2026-01-23,017670,62000.0,63500.0,61900.0,62700.0,1123298.0
2026-01-26,017670,62600.0,62800.0,60900.0,61800.0,1169977.0
2026-01-27,017670,63300.0,71600.0,63200.0,69400.0,5938623.0
2026-01-28,017670,70000.0,70000.0,67600.0,69000.0,2381065.0
2026-01-29,017670,69700.0,70100.0,67200.0,69500.0,1745150.0
2026-01-30,017670,70400.0,75100.0,70400.0,72500.0,3149692.0
2026-02-02,017670,71500.0,71900.0,68200.0,69100.0,1715655.0
2026-02-03,017670,71700.0,73700.0,71400.0,73600.0,1596162.0
2026-02-04,017670,77100.0,79400.0,75700.0,77900.0,2024677.0
2026-02-05,017670,76800.0,79000.0,76200.0,77500.0,1644691.0
2026-02-06,017670,73600.0,73700.0,67600.0,69200.0,2886610.0
2026-02-09,017670,73100.0,74400.0,72000.0,73400.0,1641780.0
2026-02-10,017670,74500.0,74900.0,72800.0,73700.0,1044261.0
2026-02-11,017670,74400.0,75600.0,73700.0,75400.0,1278084.0
2026-02-12,017670,76200.0,78000.0,75400.0,78000.0,1425568.0
2026-02-13,017670,81200.0,88600.0,79500.0,86500.0,4134911.0
2026-02-19,017670,84200.0,84800.0,79900.0,81500.0,2352769.0
2026-02-20,017670,82100.0,82300.0,80500.0,80800.0,1296944.0
2026-02-23,017670,80900.0,82000.0,78800.0,80100.0,1315259.0
2026-02-24,017670,80100.0,82100.0,79100.0,80900.0,1068342.0
2026-02-25,017670,81000.0,81400.0,79600.0,81000.0,976090.0
2026-02-26,017670,81200.0,82300.0,80400.0,82300.0,998759.0
2026-02-27,017670,80800.0,80900.0,77900.0,79800.0,2108292.0
2026-03-03,017670,79800.0,81500.0,77800.0,78200.0,1676549.0
2026-03-04,017670,75000.0,77400.0,69000.0,70300.0,1891071.0
2026-03-05,017670,77300.0,78500.0,74800.0,77900.0,1756072.0
2026-03-06,017670,76300.0,77300.0,74700.0,76500.0,847527.0
2026-03-09,017670,71600.0,76400.0,71100.0,75800.0,996566.0
2026-03-10,017670,78900.0,78900.0,75700.0,77200.0,838936.0
2026-03-11,017670,78200.0,79900.0,77300.0,77900.0,1080443.0
2026-03-12,017670,76700.0,77800.0,76000.0,76200.0,622743.0
2026-03-13,017670,74000.0,75900.0,73600.0,75000.0,420881.0
2026-03-16,017670,76000.0,77300.0,75800.0,76300.0,415991.0
2026-03-17,017670,78000.0,81400.0,77500.0,79700.0,1010185.0
2026-03-18,017670,81100.0,81500.0,80000.0,81200.0,806629.0
2026-03-19,017670,79000.0,80200.0,78100.0,78200.0,1009929.0
2026-03-20,017670,78300.0,79000.0,77100.0,78800.0,1316759.0
2026-03-23,017670,76100.0,76300.0,73900.0,74200.0,562548.0
2026-03-24,017670,77200.0,77200.0,74900.0,76600.0,472244.0
2026-03-25,017670,80000.0,80600.0,77900.0,79800.0,734636.0
2026-03-26,017670,81000.0,82100.0,79800.0,80000.0,830301.0
2026-03-27,017670,78500.0,79900.0,77500.0,79900.0,823758.0
2026-03-30,017670,77600.0,78500.0,76300.0,78300.0,842066.0
2026-03-31,017670,76400.0,77700.0,75800.0,76400.0,855608.0
2026-04-01,017670,78500.0,79000.0,77100.0,78500.0,670971.0
2026-04-02,017670,78600.0,79500.0,76700.0,77800.0,807732.0
2026-04-03,017670,78800.0,81000.0,78500.0,80900.0,667043.0
2026-04-06,017670,80300.0,81500.0,79600.0,80400.0,341676.0
2026-04-07,017670,80000.0,81600.0,79500.0,81600.0,558531.0
2026-04-08,017670,85600.0,89500.0,84500.0,89000.0,1998469.0
2026-04-09,017670,93000.0,99700.0,91300.0,93800.0,2478327.0
2026-04-10,017670,95000.0,96300.0,90000.0,93000.0,1372619.0
2026-04-13,017670,94000.0,96700.0,92000.0,92500.0,1272423.0
2026-04-14,017670,95400.0,98000.0,94400.0,95500.0,878473.0
2026-04-15,017670,99500.0,100400.0,97300.0,98100.0,1428297.0
2026-04-16,017670,100000.0,100100.0,95600.0,95900.0,933706.0
2026-04-17,017670,98200.0,99800.0,97100.0,98300.0,890641.0
2026-04-20,017670,98300.0,98300.0,95600.0,96500.0,938182.0
2026-04-21,017670,98100.0,102000.0,97800.0,100500.0,1087598.0
2026-04-22,017670,100900.0,102000.0,99200.0,100300.0,845288.0
2026-04-23,017670,102400.0,102600.0,97200.0,98800.0,1074272.0
2026-04-24,017670,99800.0,101500.0,99300.0,100000.0,805874.0
2026-04-27,017670,99900.0,100000.0,97000.0,98000.0,832809.0
2026-04-28,017670,97400.0,97750.0,96700.0,96800.0,618645.0
2026-04-29,017670,96000.0,96400.0,95000.0,95600.0,546336.0
2026-04-30,017670,96700.0,96900.0,94700.0,95100.0,1154339.0
2026-05-04,017670,96500.0,97400.0,95600.0,97400.0,522944.0
2026-05-06,017670,98900.0,98900.0,95200.0,95500.0,928054.0
2026-05-07,017670,96000.0,96100.0,91400.0,93200.0,1223892.0
2026-05-08,017670,95400.0,97300.0,93000.0,93500.0,937879.0
2026-05-11,017670,95200.0,99900.0,95200.0,98200.0,1045624.0
2026-05-12,017670,101200.0,108000.0,99800.0,103400.0,2243801.0
2026-05-13,017670,105800.0,106100.0,99300.0,105800.0,1222542.0
2026-05-14,017670,104900.0,104900.0,100800.0,102700.0,1081008.0
2026-05-15,017670,103000.0,105200.0,100100.0,101300.0,1013036.0
2026-05-18,017670,102200.0,105000.0,97600.0,100500.0,1231431.0
2026-05-19,017670,99000.0,99100.0,95900.0,97700.0,963282.0
2026-05-20,017670,99600.0,100800.0,97000.0,98100.0,1189952.0
2026-05-21,017670,102500.0,103400.0,99700.0,102800.0,1034793.0
2026-05-22,017670,110300.0,111500.0,99900.0,102800.0,2011742.0
2026-05-26,017670,102400.0,103800.0,99600.0,102100.0,1088933.0
2026-05-27,017670,101200.0,102600.0,99900.0,100400.0,1096434.0
2026-05-28,017670,98900.0,99200.0,95400.0,96900.0,913562.0
2026-05-29,017670,99300.0,102000.0,96900.0,100600.0,1964174.0
2026-06-01,017670,103000.0,120300.0,100100.0,112200.0,3634772.0
2026-06-02,017670,134000.0,139500.0,112100.0,125200.0,8152778.0
2026-06-04,017670,119000.0,120000.0,107800.0,108900.0,3053343.0
2026-06-05,017670,109400.0,112800.0,105000.0,106400.0,2027663.0
2026-06-08,017670,104900.0,115700.0,103000.0,106700.0,4492964.0
2026-06-09,017670,114000.0,115500.0,103300.0,108100.0,3713310.0
2026-06-10,017670,108000.0,110300.0,102600.0,105700.0,1890636.0
2026-06-11,017670,100000.0,102000.0,97200.0,100000.0,1968301.0
2026-06-12,017670,102800.0,108500.0,102600.0,103000.0,1806259.0
2026-06-15,017670,106000.0,107900.0,104000.0,105400.0,1019998.0
2026-06-16,017670,105000.0,105100.0,100100.0,100100.0,1630561.0
2026-06-17,017670,99900.0,100000.0,98500.0,99000.0,773704.0
2026-06-18,017670,98100.0,98600.0,95900.0,95900.0,1261804.0
2026-06-19,017670,94100.0,97400.0,91700.0,94900.0,2656228.0
2026-06-22,017670,95100.0,95200.0,92500.0,94200.0,1007364.0
2026-06-23,017670,97000.0,97200.0,89500.0,89900.0,1251966.0
2026-06-24,017670,89700.0,92700.0,88600.0,91000.0,1054710.0
2026-06-25,017670,91700.0,92000.0,90000.0,91400.0,752498.0
2026-06-26,017670,93800.0,93900.0,87200.0,90600.0,1179413.0
2026-06-29,017670,88800.0,95000.0,87000.0,90200.0,1225012.0
2026-06-30,017670,90200.0,92200.0,88300.0,88400.0,949247.0
2026-07-01,017670,89600.0,89600.0,85700.0,88600.0,785469.0
2026-07-02,017670,86000.0,88500.0,85200.0,87400.0,838511.0
2026-07-03,017670,86500.0,87200.0,83400.0,86400.0,1025920.0
2026-07-06,017670,86800.0,87200.0,83400.0,86200.0,816843.0
2026-07-07,017670,85500.0,86600.0,84100.0,85200.0,784014.0
2026-07-08,017670,84400.0,85200.0,82200.0,84000.0,861856.0
2026-07-09,017670,85700.0,89000.0,85300.0,86700.0,1227995.0
2026-07-10,017670,89600.0,90300.0,88200.0,88700.0,660833.0
2026-07-13,017670,88700.0,89000.0,84100.0,85700.0,631228.0
2026-07-14,017670,83200.0,85800.0,82700.0,83900.0,736413.0
2026-07-15,017670,85800.0,86700.0,84600.0,85000.0,508623.0
2026-07-16,017670,87000.0,93300.0,86900.0,89700.0,1366866.0
2025-01-15,028260,120700.0,121500.0,118100.0,118200.0,184619.0
2025-01-16,028260,119400.0,120600.0,119000.0,120300.0,171755.0
2025-01-17,028260,120200.0,121500.0,118700.0,118800.0,151583.0
2025-01-20,028260,121200.0,123000.0,120000.0,120700.0,141994.0
2025-01-21,028260,121200.0,121400.0,118700.0,119400.0,133769.0
2025-01-22,028260,120300.0,123600.0,119200.0,122600.0,210404.0
2025-01-23,028260,123600.0,123900.0,115600.0,115600.0,678881.0
2025-01-24,028260,116400.0,116600.0,114200.0,115000.0,392757.0
2025-01-31,028260,116100.0,119900.0,114200.0,119900.0,630392.0
2025-02-03,028260,118600.0,119600.0,116000.0,118700.0,420051.0
2025-02-04,028260,119000.0,121400.0,117600.0,118600.0,296534.0
2025-02-05,028260,119600.0,119900.0,117700.0,118500.0,177434.0
2025-02-06,028260,119100.0,119600.0,118000.0,119600.0,185334.0
2025-02-07,028260,118500.0,120300.0,118200.0,120000.0,217647.0
2025-02-10,028260,119200.0,119700.0,116600.0,118600.0,289759.0
2025-02-11,028260,118600.0,120000.0,117800.0,118800.0,215247.0
2025-02-12,028260,119900.0,121600.0,119000.0,121000.0,226397.0
2025-02-13,028260,121400.0,122100.0,120300.0,121600.0,269261.0
2025-02-14,028260,121800.0,129000.0,121800.0,127600.0,678715.0
2025-02-17,028260,129700.0,131900.0,128500.0,130400.0,467897.0
2025-02-18,028260,129800.0,133500.0,129100.0,132900.0,394727.0
2025-02-19,028260,132100.0,136800.0,131100.0,134400.0,392444.0
2025-02-20,028260,133100.0,135000.0,131800.0,132700.0,323264.0
2025-02-21,028260,132700.0,132700.0,127800.0,128900.0,397648.0
2025-02-24,028260,128900.0,130100.0,127700.0,130100.0,237007.0
2025-02-25,028260,128800.0,130600.0,127100.0,129100.0,249280.0
2025-02-26,028260,128000.0,128600.0,124300.0,125200.0,465642.0
2025-02-27,028260,125700.0,126900.0,125200.0,126000.0,212770.0
2025-02-28,028260,124700.0,124800.0,121500.0,121500.0,499389.0
2025-03-04,028260,121300.0,124400.0,121200.0,122200.0,199433.0
2025-03-05,028260,122100.0,123000.0,121000.0,121500.0,239312.0
2025-03-06,028260,122100.0,123700.0,121700.0,122300.0,210702.0
2025-03-07,028260,121200.0,123000.0,119300.0,122200.0,231386.0
2025-03-10,028260,121000.0,122900.0,120900.0,122200.0,135883.0
2025-03-11,028260,119500.0,120200.0,118200.0,119200.0,203070.0
2025-03-12,028260,119100.0,120200.0,118200.0,119600.0,281555.0
2025-03-13,028260,119600.0,121600.0,118600.0,118900.0,285549.0
2025-03-14,028260,119100.0,119800.0,118300.0,119600.0,275806.0
2025-03-17,028260,120500.0,124500.0,120500.0,123500.0,373791.0
2025-03-18,028260,124000.0,124100.0,121900.0,122300.0,177144.0
2025-03-19,028260,122300.0,124200.0,122300.0,123200.0,162004.0
2025-03-20,028260,123500.0,124400.0,123200.0,124100.0,160103.0
2025-03-21,028260,123300.0,126200.0,123000.0,124900.0,382337.0
2025-03-24,028260,124400.0,125400.0,123800.0,124000.0,137489.0
2025-03-25,028260,124000.0,124800.0,122800.0,124100.0,139862.0
2025-03-26,028260,124900.0,124900.0,122900.0,124300.0,131779.0
2025-03-27,028260,123000.0,124700.0,122600.0,124000.0,150294.0
2025-03-28,028260,123500.0,123600.0,119000.0,119900.0,229119.0
2025-03-31,028260,118100.0,118700.0,116300.0,116900.0,353978.0
2025-04-01,028260,117100.0,121000.0,117100.0,119200.0,215787.0
2025-04-02,028260,119300.0,120500.0,117000.0,119300.0,307897.0
2025-04-03,028260,116100.0,118100.0,115500.0,118100.0,239733.0
2025-04-04,028260,116700.0,119000.0,115300.0,117400.0,269509.0
2025-04-07,028260,112800.0,113600.0,110700.0,112200.0,348099.0
2025-04-08,028260,113400.0,114300.0,111200.0,111400.0,236919.0
2025-04-09,028260,110600.0,111300.0,108100.0,108300.0,282877.0
2025-04-10,028260,111600.0,113900.0,110600.0,113800.0,272014.0
2025-04-11,028260,112000.0,114500.0,111500.0,114500.0,192141.0
2025-04-14,028260,114500.0,115000.0,113300.0,113700.0,136454.0
2025-04-15,028260,114200.0,115900.0,114000.0,115400.0,143161.0
2025-04-16,028260,114800.0,115400.0,114000.0,114000.0,99707.0
2025-04-17,028260,114100.0,114400.0,113100.0,113800.0,135610.0
2025-04-18,028260,114200.0,114700.0,113300.0,114400.0,69710.0
2025-04-21,028260,114700.0,115300.0,113600.0,114500.0,79598.0
2025-04-22,028260,114200.0,116800.0,113600.0,115800.0,123933.0
2025-04-23,028260,117500.0,118000.0,115700.0,117600.0,148918.0
2025-04-24,028260,116900.0,118600.0,116100.0,118100.0,136552.0
2025-04-25,028260,118600.0,119300.0,116500.0,117000.0,159021.0
2025-04-28,028260,117600.0,119300.0,117400.0,117600.0,115074.0
2025-04-29,028260,117900.0,118900.0,117600.0,118900.0,128705.0
2025-04-30,028260,118000.0,122400.0,118000.0,122400.0,290974.0
2025-05-02,028260,121000.0,122800.0,120100.0,122200.0,212726.0
2025-05-07,028260,123700.0,123800.0,121200.0,122800.0,222256.0
2025-05-08,028260,122000.0,122900.0,121600.0,121800.0,195550.0
2025-05-09,028260,121900.0,123200.0,121500.0,123000.0,161453.0
2025-05-12,028260,123600.0,125300.0,123300.0,125300.0,175449.0
2025-05-13,028260,124100.0,125200.0,123400.0,124300.0,147343.0
2025-05-14,028260,124100.0,125900.0,123400.0,125200.0,209039.0
2025-05-15,028260,124100.0,124800.0,122900.0,123200.0,138878.0
2025-05-16,028260,122800.0,123900.0,122300.0,123900.0,106983.0
2025-05-19,028260,122400.0,123300.0,119700.0,122400.0,188011.0
2025-05-20,028260,123000.0,124700.0,122000.0,124400.0,170947.0
2025-05-21,028260,124500.0,140400.0,124400.0,139000.0,1746887.0
2025-05-22,028260,148700.0,151000.0,136500.0,138500.0,1874116.0
2025-05-23,028260,140700.0,144200.0,139600.0,142000.0,782665.0
2025-05-26,028260,147200.0,153000.0,144000.0,152100.0,1012359.0
2025-05-27,028260,154000.0,159000.0,149000.0,150500.0,991515.0
2025-05-28,028260,153000.0,157500.0,149700.0,151200.0,810347.0
2025-05-29,028260,153000.0,156300.0,151300.0,154500.0,657516.0
2025-05-30,028260,156000.0,158500.0,148400.0,149800.0,1109176.0
2025-06-02,028260,148300.0,153200.0,147900.0,151300.0,480912.0
2025-06-04,028260,153400.0,158700.0,153000.0,157800.0,807743.0
2025-06-05,028260,162100.0,169000.0,157400.0,168900.0,1122819.0
2025-06-09,028260,173000.0,174500.0,165200.0,167100.0,1042179.0
2025-06-10,028260,167300.0,170800.0,163000.0,166300.0,689562.0
2025-06-11,028260,166400.0,174300.0,163900.0,173200.0,719841.0
2025-06-12,028260,172700.0,173900.0,168100.0,168100.0,1023195.0
2025-06-13,028260,169000.0,169600.0,164500.0,165900.0,647645.0
2025-06-16,028260,165000.0,172300.0,162600.0,172200.0,619409.0
2025-06-17,028260,172600.0,173300.0,169000.0,172400.0,549321.0
2025-06-18,028260,169800.0,170000.0,163000.0,164800.0,915121.0
2025-06-19,028260,164500.0,166600.0,162500.0,165300.0,421152.0
2025-06-20,028260,163700.0,163800.0,160200.0,161900.0,807457.0
2025-06-23,028260,158200.0,162500.0,158000.0,161600.0,389793.0
2025-06-24,028260,166100.0,166400.0,160100.0,162500.0,549331.0
2025-06-25,028260,163500.0,168800.0,162000.0,165100.0,714792.0
2025-06-26,028260,163600.0,163600.0,156000.0,160600.0,473935.0
2025-06-27,028260,161900.0,164300.0,158300.0,158800.0,339200.0
2025-06-30,028260,161900.0,164700.0,159100.0,161400.0,352768.0
2025-07-01,028260,163200.0,173600.0,163100.0,165400.0,943258.0
2025-07-02,028260,165000.0,165600.0,159500.0,162200.0,420995.0
2025-07-03,028260,162300.0,163700.0,160600.0,162700.0,283930.0
2025-07-04,028260,163400.0,171300.0,161100.0,162500.0,546501.0
2025-07-07,028260,160500.0,163200.0,160400.0,162700.0,192216.0
2025-07-08,028260,163300.0,168000.0,159500.0,166600.0,368179.0
2025-07-09,028260,164900.0,170800.0,164900.0,170700.0,466678.0
2025-07-10,028260,170600.0,178700.0,170100.0,177900.0,1047319.0
2025-07-11,028260,176200.0,177900.0,172000.0,172300.0,673078.0
2025-07-14,028260,172300.0,186600.0,172300.0,183700.0,1005710.0
2025-07-15,028260,182400.0,184900.0,179500.0,181500.0,538580.0
2025-07-16,028260,180000.0,183500.0,179500.0,181400.0,427680.0
2025-07-17,028260,184000.0,188900.0,178100.0,184400.0,895329.0
2025-07-18,028260,183600.0,183700.0,172400.0,174400.0,698587.0
2025-07-21,028260,173200.0,175600.0,173200.0,174200.0,320252.0
2025-07-22,028260,173900.0,176400.0,169200.0,170200.0,439622.0
2025-07-23,028260,171900.0,172000.0,166300.0,170000.0,357200.0
2025-07-24,028260,170300.0,174300.0,168000.0,168900.0,305515.0
2025-07-25,028260,167600.0,169800.0,167600.0,168600.0,209676.0
2025-07-28,028260,168700.0,170600.0,164400.0,167500.0,272571.0
2025-07-29,028260,168900.0,173800.0,168000.0,172900.0,624179.0
2025-07-30,028260,172200.0,176500.0,172200.0,175500.0,404699.0
2025-07-31,028260,173800.0,173800.0,166800.0,168500.0,702381.0
2025-08-01,028260,166300.0,167500.0,161700.0,161700.0,456592.0
2025-08-04,028260,160600.0,162800.0,160100.0,161700.0,183195.0
2025-08-05,028260,163000.0,166900.0,162200.0,162600.0,228920.0
2025-08-06,028260,161100.0,164850.0,161100.0,162900.0,213161.0
2025-08-07,028260,164400.0,167600.0,162900.0,165100.0,217014.0
2025-08-08,028260,165400.0,166000.0,161600.0,162800.0,288243.0
2025-08-11,028260,163000.0,164300.0,161900.0,162700.0,171802.0
2025-08-12,028260,162400.0,164500.0,160300.0,160300.0,196349.0
2025-08-13,028260,161200.0,162500.0,159300.0,161400.0,191756.0
2025-08-14,028260,161800.0,167100.0,161300.0,163900.0,362917.0
2025-08-18,028260,163100.0,163100.0,160600.0,161500.0,191040.0
2025-08-19,028260,162300.0,162300.0,159500.0,160500.0,198380.0
2025-08-20,028260,161300.0,161400.0,155300.0,159000.0,268765.0
2025-08-21,028260,159400.0,163100.0,159100.0,162100.0,180602.0
2025-08-22,028260,163000.0,170800.0,163000.0,167200.0,351749.0
2025-08-25,028260,168500.0,169500.0,165500.0,166600.0,189191.0
2025-08-26,028260,167500.0,167600.0,162800.0,162800.0,317007.0
2025-08-27,028260,163700.0,165300.0,162800.0,163400.0,170337.0
2025-08-28,028260,163900.0,171900.0,162500.0,169100.0,546772.0
2025-08-29,028260,169300.0,170400.0,167800.0,167800.0,186711.0
2025-09-01,028260,167300.0,169500.0,165000.0,166400.0,141583.0
2025-09-02,028260,166400.0,168700.0,165500.0,168000.0,157174.0
2025-09-03,028260,167500.0,172000.0,167200.0,171300.0,251919.0
2025-09-04,028260,171500.0,177300.0,171300.0,174300.0,420913.0
2025-09-05,028260,173300.0,175500.0,173300.0,175000.0,193402.0
2025-09-08,028260,175800.0,177000.0,174000.0,175200.0,208552.0
2025-09-09,028260,176600.0,181000.0,175500.0,178500.0,478063.0
2025-09-10,028260,178000.0,182800.0,178000.0,182400.0,486104.0
2025-09-11,028260,183000.0,186500.0,182100.0,186500.0,614829.0
2025-09-12,028260,186200.0,187100.0,180700.0,183000.0,337472.0
2025-09-15,028260,182300.0,198500.0,182300.0,195900.0,895258.0
2025-09-16,028260,194700.0,197000.0,193000.0,195900.0,358816.0
2025-09-17,028260,196100.0,197900.0,191000.0,193000.0,319257.0
2025-09-18,028260,193700.0,197700.0,193100.0,196700.0,460586.0
2025-09-19,028260,199000.0,199300.0,195800.0,196400.0,617453.0
2025-09-22,028260,198000.0,200000.0,194900.0,197700.0,248291.0
2025-09-23,028260,200000.0,203500.0,195700.0,197700.0,244582.0
2025-09-24,028260,197700.0,199000.0,189900.0,193700.0,372155.0
2025-09-25,028260,193400.0,193400.0,189900.0,190300.0,238353.0
2025-09-26,028260,188400.0,189300.0,185900.0,187900.0,286185.0
2025-09-29,028260,191600.0,193300.0,187000.0,188000.0,240724.0
2025-09-30,028260,187000.0,187900.0,183000.0,184600.0,372202.0
2025-10-01,028260,185600.0,189100.0,185500.0,188500.0,211186.0
2025-10-02,028260,193800.0,202000.0,189100.0,197800.0,649135.0
2025-10-10,028260,204000.0,205500.0,199200.0,202500.0,435805.0
2025-10-13,028260,198500.0,202000.0,194500.0,201500.0,260152.0
2025-10-14,028260,200000.0,204000.0,193300.0,194800.0,378860.0
2025-10-15,028260,195900.0,207500.0,195500.0,206000.0,386262.0
2025-10-16,028260,207000.0,218500.0,206500.0,217000.0,758091.0
2025-10-17,028260,214500.0,216500.0,208500.0,210500.0,433956.0
2025-10-20,028260,210000.0,211000.0,202000.0,208000.0,297367.0
2025-10-21,028260,209000.0,214500.0,204000.0,204500.0,350094.0
2025-10-22,028260,204000.0,208500.0,200500.0,208000.0,240437.0
2025-10-23,028260,204000.0,210000.0,201750.0,206000.0,249956.0
2025-10-24,028260,209000.0,210500.0,205000.0,209000.0,228437.0
2025-10-27,028260,212500.0,216500.0,211000.0,215500.0,381502.0
2025-10-28,028260,215500.0,216000.0,205000.0,207000.0,400693.0
2025-10-29,028260,215000.0,232500.0,213500.0,231000.0,1013687.0
2025-10-30,028260,225000.0,233000.0,220500.0,227000.0,540182.0
2025-10-31,028260,226500.0,227500.0,223000.0,226000.0,324733.0
2025-11-03,028260,225500.0,229500.0,222000.0,226500.0,310444.0
2025-11-04,028260,226500.0,234000.0,218500.0,221000.0,356030.0
2025-11-05,028260,220500.0,221000.0,208500.0,215500.0,340331.0
2025-11-06,028260,221000.0,223500.0,214500.0,217000.0,294311.0
2025-11-07,028260,217500.0,220000.0,210000.0,214000.0,231688.0
2025-11-10,028260,220500.0,227500.0,218000.0,224500.0,398170.0
2025-11-11,028260,226000.0,231500.0,224500.0,225500.0,356253.0
2025-11-12,028260,224500.0,230000.0,222500.0,228500.0,256593.0
2025-11-13,028260,226000.0,229000.0,223000.0,225000.0,269287.0
2025-11-14,028260,221000.0,223500.0,218500.0,219500.0,205063.0
2025-11-17,028260,220500.0,224000.0,218000.0,220500.0,156718.0
2025-11-18,028260,218500.0,221500.0,212000.0,214500.0,262223.0
2025-11-19,028260,218000.0,218000.0,208500.0,213000.0,235263.0
2025-11-20,028260,218000.0,226500.0,217500.0,224000.0,328703.0
2025-11-21,028260,218000.0,222000.0,212000.0,216000.0,408920.0
2025-11-24,028260,222000.0,223000.0,213000.0,218000.0,546634.0
2025-11-25,028260,225000.0,230500.0,223500.0,228500.0,468197.0
2025-11-26,028260,234000.0,240500.0,229000.0,236000.0,616934.0
2025-11-27,028260,237000.0,239000.0,230500.0,231500.0,368085.0
2025-11-28,028260,232500.0,232500.0,224000.0,225000.0,252125.0
2025-12-01,028260,226500.0,228500.0,222000.0,226500.0,236905.0
2025-12-02,028260,228000.0,228500.0,222500.0,224500.0,235117.0
2025-12-03,028260,227500.0,252500.0,227500.0,245500.0,934576.0
2025-12-04,028260,241500.0,244000.0,237500.0,240500.0,569040.0
2025-12-05,028260,240500.0,244500.0,236000.0,244000.0,296707.0
2025-12-08,028260,245000.0,258000.0,243000.0,251500.0,488434.0
2025-12-09,028260,251500.0,258500.0,250000.0,252000.0,329868.0
2025-12-10,028260,253000.0,257500.0,245500.0,247500.0,217246.0
2025-12-11,028260,255000.0,258000.0,248500.0,252000.0,375663.0
2025-12-12,028260,254500.0,257500.0,250500.0,255000.0,201019.0
2025-12-15,028260,251000.0,252000.0,246000.0,246500.0,305207.0
2025-12-16,028260,245500.0,248500.0,241500.0,243000.0,294052.0
2025-12-17,028260,245000.0,245000.0,239500.0,243000.0,221910.0
2025-12-18,028260,239500.0,246000.0,238000.0,239500.0,180965.0
2025-12-19,028260,243000.0,249000.0,240000.0,249000.0,377353.0
2025-12-22,028260,252000.0,252500.0,242000.0,244500.0,313717.0
2025-12-23,028260,246000.0,246000.0,239000.0,240500.0,235793.0
2025-12-24,028260,241500.0,242500.0,238000.0,240000.0,133920.0
2025-12-26,028260,240000.0,244000.0,235500.0,240500.0,214579.0
2025-12-29,028260,237500.0,242000.0,236500.0,241500.0,227840.0
2025-12-30,028260,239000.0,240500.0,237500.0,239500.0,205216.0
2026-01-02,028260,237000.0,246500.0,234000.0,245000.0,360079.0
2026-01-05,028260,245500.0,254500.0,244000.0,254500.0,435864.0
2026-01-06,028260,254000.0,260000.0,247500.0,260000.0,408885.0
2026-01-07,028260,260000.0,274500.0,259000.0,265000.0,541952.0
2026-01-08,028260,262500.0,272500.0,259500.0,270500.0,613747.0
2026-01-09,028260,270500.0,270500.0,258500.0,268500.0,375808.0
2026-01-12,028260,270000.0,271500.0,262000.0,267500.0,218294.0
2026-01-13,028260,271000.0,274000.0,269000.0,273500.0,517012.0
2026-01-14,028260,275500.0,287000.0,273500.0,283500.0,452750.0
2026-01-15,028260,280000.0,286000.0,278000.0,286000.0,429794.0
2026-01-16,028260,290500.0,290500.0,283000.0,290000.0,280126.0
2026-01-19,028260,287000.0,296500.0,286500.0,289000.0,324276.0
2026-01-20,028260,288500.0,307500.0,287000.0,296000.0,668593.0
2026-01-21,028260,292000.0,300000.0,289000.0,299000.0,281914.0
2026-01-22,028260,308000.0,310000.0,294000.0,297500.0,503524.0
2026-01-23,028260,300000.0,310000.0,298000.0,305500.0,408118.0
2026-01-26,028260,304500.0,311000.0,294500.0,297500.0,389178.0
2026-01-27,028260,299000.0,301000.0,292000.0,298000.0,462695.0
2026-01-28,028260,298500.0,306500.0,296000.0,302000.0,370055.0
2026-01-29,028260,304500.0,309000.0,293500.0,303000.0,435669.0
2026-01-30,028260,297500.0,306500.0,292500.0,301500.0,514418.0
2026-02-02,028260,300500.0,308000.0,288000.0,291000.0,397457.0
2026-02-03,028260,300500.0,315000.0,300500.0,315000.0,352121.0
2026-02-04,028260,315000.0,322500.0,313000.0,316500.0,329642.0
2026-02-05,028260,308500.0,318000.0,301000.0,306000.0,453918.0
2026-02-06,028260,298500.0,298500.0,276500.0,289500.0,779733.0
2026-02-09,028260,310000.0,314500.0,302000.0,312500.0,576983.0
2026-02-10,028260,320000.0,320000.0,310000.0,317000.0,336750.0
2026-02-11,028260,319000.0,319000.0,312000.0,316500.0,331350.0
2026-02-12,028260,317000.0,334000.0,312000.0,334000.0,577338.0
2026-02-13,028260,328500.0,333000.0,316000.0,318000.0,564408.0
2026-02-19,028260,330000.0,337500.0,315500.0,319500.0,507208.0
2026-02-20,028260,321500.0,331500.0,319500.0,331000.0,512739.0
2026-02-23,028260,340000.0,344500.0,327000.0,332000.0,426850.0
2026-02-24,028260,335500.0,340000.0,328000.0,338000.0,418201.0
2026-02-25,028260,342000.0,351000.0,336000.0,347000.0,550441.0
2026-02-26,028260,347500.0,364000.0,347500.0,360000.0,626910.0
2026-02-27,028260,352500.0,354500.0,345000.0,350500.0,677648.0
2026-03-03,028260,327500.0,340000.0,317000.0,317000.0,720785.0
2026-03-04,028260,300000.0,304000.0,264500.0,272000.0,993497.0
2026-03-05,028260,294500.0,299000.0,287000.0,293000.0,644944.0
2026-03-06,028260,281000.0,290500.0,276500.0,283500.0,504797.0
2026-03-09,028260,258000.0,271000.0,253500.0,270500.0,423716.0
2026-03-10,028260,286000.0,286000.0,267000.0,273000.0,493211.0
2026-03-11,028260,282000.0,295500.0,278000.0,283500.0,427416.0
2026-03-12,028260,283000.0,287500.0,277000.0,280500.0,271092.0
2026-03-13,028260,269000.0,284000.0,266500.0,280500.0,310180.0
2026-03-16,028260,279000.0,285000.0,273500.0,278500.0,315465.0
2026-03-17,028260,283500.0,288500.0,279000.0,279500.0,288986.0
2026-03-18,028260,290500.0,304500.0,282000.0,299000.0,524546.0
2026-03-19,028260,289000.0,296500.0,288500.0,291000.0,233252.0
2026-03-20,028260,297000.0,305000.0,294000.0,297500.0,626346.0
2026-03-23,028260,286500.0,289000.0,271000.0,274500.0,387487.0
2026-03-24,028260,288000.0,289000.0,270500.0,281500.0,340184.0
2026-03-25,028260,290000.0,291000.0,281500.0,289000.0,367791.0
2026-03-26,028260,289000.0,294000.0,273000.0,278000.0,357316.0
2026-03-27,028260,267500.0,270500.0,258000.0,269000.0,683519.0
2026-03-30,028260,248500.0,262500.0,247500.0,259500.0,583936.0
2026-03-31,028260,251000.0,260000.0,245500.0,253500.0,616965.0
2026-04-01,028260,264000.0,275500.0,261500.0,273000.0,460078.0
2026-04-02,028260,276000.0,281000.0,259000.0,264000.0,362147.0
2026-04-03,028260,268500.0,273000.0,262000.0,263000.0,259592.0
2026-04-06,028260,265500.0,276500.0,265500.0,269500.0,397245.0
2026-04-07,028260,281000.0,286000.0,269500.0,274000.0,362411.0
2026-04-08,028260,299500.0,312500.0,294500.0,309000.0,776090.0
2026-04-09,028260,305000.0,311500.0,299000.0,300000.0,398764.0
2026-04-10,028260,310500.0,314000.0,302500.0,302500.0,256873.0
2026-04-13,028260,293500.0,299000.0,286000.0,289500.0,395949.0
2026-04-14,028260,297000.0,302000.0,292000.0,296000.0,409310.0
2026-04-15,028260,308500.0,312000.0,304000.0,307500.0,403705.0
2026-04-16,028260,314500.0,317000.0,300000.0,306000.0,339116.0
2026-04-17,028260,305500.0,305500.0,300500.0,301500.0,190471.0
2026-04-20,028260,305000.0,305000.0,300000.0,300000.0,176568.0
2026-04-21,028260,302000.0,306000.0,300000.0,304000.0,311495.0
2026-04-22,028260,301000.0,303000.0,298500.0,301000.0,393769.0
2026-04-23,028260,309000.0,323500.0,307500.0,320000.0,706220.0
2026-04-24,028260,316500.0,319000.0,310000.0,311500.0,322709.0
2026-04-27,028260,313500.0,317500.0,310000.0,312000.0,231196.0
2026-04-28,028260,313000.0,317000.0,308000.0,309500.0,361853.0
2026-04-29,028260,308500.0,309000.0,297000.0,308500.0,330509.0
2026-04-30,028260,305500.0,307500.0,296000.0,298500.0,455000.0
2026-05-04,028260,305500.0,321500.0,305000.0,320000.0,638338.0
2026-05-06,028260,348000.0,386000.0,340000.0,375500.0,1745292.0
2026-05-07,028260,392000.0,405500.0,367000.0,405000.0,1222878.0
2026-05-08,028260,405000.0,432000.0,395000.0,422500.0,959566.0
2026-05-11,028260,479000.0,480000.0,427000.0,452000.0,1337572.0
2026-05-12,028260,459000.0,465000.0,418000.0,435000.0,965392.0
2026-05-13,028260,414500.0,437500.0,396000.0,428500.0,825293.0
2026-05-14,028260,426500.0,447000.0,422000.0,442000.0,826031.0
2026-05-15,028260,435000.0,439500.0,389000.0,396500.0,712137.0
2026-05-18,028260,386500.0,405500.0,374000.0,399500.0,489373.0
2026-05-19,028260,393500.0,393500.0,362500.0,380500.0,707368.0
2026-05-20,028260,382000.0,383500.0,359000.0,370500.0,600431.0
2026-05-21,028260,399000.0,424000.0,397000.0,418500.0,684854.0
2026-05-22,028260,425000.0,432500.0,415000.0,420500.0,459012.0
2026-05-26,028260,438500.0,447000.0,408500.0,411000.0,404582.0
2026-05-27,028260,439500.0,444000.0,406000.0,410500.0,539890.0
2026-05-28,028260,410500.0,413000.0,385500.0,399500.0,442727.0
2026-05-29,028260,424000.0,443000.0,410500.0,432500.0,1049549.0
2026-06-01,028260,444000.0,493500.0,440000.0,455000.0,1005218.0
2026-06-02,028260,464000.0,498000.0,441500.0,485500.0,866619.0
2026-06-04,028260,502000.0,565000.0,485000.0,535000.0,1331923.0
2026-06-05,028260,504000.0,504000.0,438000.0,460500.0,837033.0
2026-06-08,028260,400000.0,433000.0,400000.0,408500.0,542410.0
2026-06-09,028260,425000.0,438000.0,396500.0,429000.0,644486.0
2026-06-10,028260,403000.0,414500.0,390000.0,407500.0,631317.0
2026-06-11,028260,389500.0,420500.0,384000.0,410000.0,615013.0
2026-06-12,028260,440000.0,460500.0,421500.0,432000.0,732415.0
2026-06-15,028260,467000.0,509000.0,461000.0,495000.0,667754.0
2026-06-16,028260,499000.0,506000.0,482000.0,497000.0,480592.0
2026-06-17,028260,490000.0,495500.0,470000.0,490000.0,370049.0
2026-06-18,028260,487000.0,494000.0,472000.0,485500.0,431143.0
2026-06-19,028260,519000.0,559000.0,480500.0,491500.0,1429057.0
2026-06-22,028260,501000.0,541000.0,493500.0,520000.0,799994.0
2026-06-23,028260,535000.0,552000.0,455000.0,455000.0,957626.0
2026-06-24,028260,477000.0,522000.0,470000.0,481500.0,1136130.0
2026-06-25,028260,532000.0,563000.0,519000.0,519000.0,1056966.0
2026-06-26,028260,524000.0,530000.0,475500.0,494500.0,775707.0
2026-06-29,028260,498000.0,501000.0,457500.0,471000.0,726570.0
2026-06-30,028260,472500.0,487500.0,444000.0,468500.0,734101.0
2026-07-01,028260,478500.0,479000.0,421000.0,434000.0,870586.0
2026-07-02,028260,409500.0,424500.0,397000.0,406500.0,748737.0
2026-07-03,028260,405500.0,435000.0,391500.0,433500.0,663171.0
2026-07-06,028260,433500.0,460000.0,433500.0,449500.0,556041.0
2026-07-07,028260,446500.0,450500.0,409500.0,424500.0,526019.0
2026-07-08,028260,412500.0,421500.0,385500.0,395000.0,606631.0
2026-07-09,028260,400500.0,414500.0,373500.0,378500.0,980567.0
2026-07-10,028260,392000.0,404000.0,384000.0,391500.0,501429.0
2026-07-13,028260,388000.0,394000.0,357000.0,361000.0,572948.0
2026-07-14,028260,359500.0,369000.0,334000.0,354000.0,749944.0
2026-07-15,028260,373000.0,376500.0,360000.0,367000.0,704821.0
2026-07-16,028260,352500.0,354000.0,336500.0,346000.0,652157.0
2025-01-15,030200,44200.0,44500.0,44100.0,44400.0,356802.0
2025-01-16,030200,44450.0,44850.0,44350.0,44850.0,326762.0
2025-01-17,030200,44650.0,45950.0,44650.0,45950.0,474394.0
2025-01-20,030200,45850.0,46600.0,45550.0,46050.0,332417.0
2025-01-21,030200,46150.0,46900.0,45600.0,46000.0,351925.0
2025-01-22,030200,46500.0,46700.0,45350.0,45550.0,592090.0
2025-01-23,030200,45900.0,46200.0,45650.0,45650.0,237013.0
2025-01-24,030200,45700.0,47000.0,45700.0,47000.0,366537.0
2025-01-31,030200,47450.0,48200.0,47050.0,48000.0,679942.0
2025-02-03,030200,48500.0,48550.0,46750.0,46900.0,395742.0
2025-02-04,030200,46950.0,47200.0,46500.0,46700.0,620994.0
2025-02-05,030200,46750.0,47750.0,46450.0,46450.0,458850.0
2025-02-06,030200,46600.0,47000.0,45450.0,46050.0,696822.0
2025-02-07,030200,45600.0,45900.0,45250.0,45350.0,490595.0
2025-02-10,030200,45350.0,45850.0,45200.0,45850.0,290170.0
2025-02-11,030200,45500.0,46000.0,45350.0,46000.0,713574.0
2025-02-12,030200,46300.0,46300.0,45100.0,45150.0,555153.0
2025-02-13,030200,45250.0,45850.0,45050.0,45200.0,695896.0
2025-02-14,030200,45400.0,46950.0,45300.0,46950.0,638050.0
2025-02-17,030200,46950.0,47700.0,46600.0,46800.0,620264.0
2025-02-18,030200,47200.0,47200.0,46450.0,46550.0,406036.0
2025-02-19,030200,46250.0,47150.0,46250.0,46800.0,527839.0
2025-02-20,030200,46350.0,47650.0,46300.0,47650.0,894518.0
2025-02-21,030200,47700.0,47750.0,47200.0,47200.0,544496.0
2025-02-24,030200,47200.0,48350.0,47200.0,48000.0,596474.0
2025-02-25,030200,47550.0,48150.0,47500.0,47800.0,427938.0
2025-02-26,030200,48200.0,48400.0,47900.0,48050.0,882045.0
2025-02-27,030200,47900.0,48050.0,46900.0,47650.0,784894.0
2025-02-28,030200,47300.0,47650.0,46800.0,47000.0,545342.0
2025-03-04,030200,46850.0,48000.0,46850.0,47700.0,444485.0
2025-03-05,030200,47600.0,47700.0,46900.0,47400.0,457065.0
2025-03-06,030200,47500.0,48500.0,47500.0,48500.0,639687.0
2025-03-07,030200,48500.0,48500.0,48050.0,48050.0,297451.0
2025-03-10,030200,47850.0,48700.0,47850.0,48250.0,383525.0
2025-03-11,030200,47750.0,48150.0,47400.0,47550.0,348493.0
2025-03-12,030200,47600.0,48950.0,47550.0,48850.0,365345.0
2025-03-13,030200,48850.0,49800.0,48400.0,48400.0,748911.0
2025-03-14,030200,48550.0,49400.0,48250.0,49100.0,513610.0
2025-03-17,030200,49250.0,49900.0,49150.0,49800.0,345293.0
2025-03-18,030200,49800.0,50000.0,49500.0,49500.0,292814.0
2025-03-19,030200,49800.0,50900.0,49700.0,50700.0,498981.0
2025-03-20,030200,50800.0,51500.0,50400.0,50700.0,399091.0
2025-03-21,030200,50200.0,51000.0,49750.0,49750.0,299550.0
2025-03-24,030200,49550.0,49950.0,49300.0,49600.0,247304.0
2025-03-25,030200,49250.0,50000.0,49250.0,50000.0,169840.0
2025-03-26,030200,50400.0,50500.0,49800.0,49800.0,219485.0
2025-03-27,030200,49450.0,50600.0,49450.0,49850.0,261841.0
2025-03-28,030200,49650.0,50000.0,49400.0,49850.0,195671.0
2025-03-31,030200,49300.0,49800.0,48850.0,49600.0,296509.0
2025-04-01,030200,49800.0,50000.0,48700.0,48700.0,331877.0
2025-04-02,030200,48600.0,48950.0,48050.0,48250.0,374429.0
2025-04-03,030200,47300.0,48950.0,47125.0,48700.0,364328.0
2025-04-04,030200,48500.0,49450.0,48000.0,49300.0,600209.0
2025-04-07,030200,47800.0,48400.0,46850.0,48350.0,457486.0
2025-04-08,030200,48150.0,48200.0,47300.0,47450.0,682845.0
2025-04-09,030200,46950.0,47250.0,46200.0,46350.0,600945.0
2025-04-10,030200,47100.0,48200.0,46350.0,48200.0,819412.0
2025-04-11,030200,47600.0,47900.0,47000.0,47350.0,351717.0
2025-04-14,030200,47400.0,47700.0,47000.0,47300.0,223543.0
2025-04-15,030200,47150.0,47750.0,47050.0,47650.0,156243.0
2025-04-16,030200,48000.0,49300.0,47850.0,48450.0,411083.0
2025-04-17,030200,48750.0,49100.0,48450.0,49050.0,248290.0
2025-04-18,030200,48950.0,49800.0,48800.0,49200.0,164080.0
2025-04-21,030200,49600.0,49600.0,49200.0,49600.0,124167.0
2025-04-22,030200,49750.0,49750.0,49200.0,49250.0,342270.0
2025-04-23,030200,49600.0,50000.0,49400.0,49700.0,340467.0
2025-04-24,030200,49500.0,50000.0,49150.0,49150.0,314937.0
2025-04-25,030200,49600.0,50300.0,49600.0,50200.0,324084.0
2025-04-28,030200,52000.0,52000.0,51000.0,51100.0,518085.0
2025-04-29,030200,52100.0,52200.0,51300.0,51600.0,476869.0
2025-04-30,030200,51500.0,52200.0,51400.0,51800.0,515899.0
2025-05-02,030200,52900.0,54000.0,52700.0,53500.0,619283.0
2025-05-07,030200,54100.0,54300.0,52000.0,52000.0,1379548.0
2025-05-08,030200,52100.0,52300.0,50800.0,50800.0,734094.0
2025-05-09,030200,51000.0,52000.0,50900.0,51500.0,653147.0
2025-05-12,030200,51600.0,51900.0,50300.0,50800.0,485700.0
2025-05-13,030200,50100.0,51300.0,50000.0,51000.0,563841.0
2025-05-14,030200,51200.0,52200.0,51000.0,51300.0,292029.0
2025-05-15,030200,50900.0,51800.0,50900.0,51000.0,216562.0
2025-05-16,030200,51200.0,51700.0,51200.0,51400.0,214498.0
2025-05-19,030200,51500.0,52100.0,51400.0,52000.0,206552.0
2025-05-20,030200,52200.0,52200.0,51500.0,51900.0,187097.0
2025-05-21,030200,52000.0,52300.0,51300.0,51300.0,503850.0
2025-05-22,030200,51100.0,51300.0,50200.0,50700.0,294602.0
2025-05-23,030200,50200.0,50500.0,50000.0,50000.0,296135.0
2025-05-26,030200,50200.0,51700.0,50200.0,51700.0,271314.0
2025-05-27,030200,51200.0,51500.0,50800.0,51300.0,256864.0
2025-05-28,030200,50800.0,51600.0,50550.0,50800.0,341961.0
2025-05-29,030200,51100.0,51600.0,50800.0,51000.0,283642.0
2025-05-30,030200,50900.0,51200.0,50700.0,50800.0,466533.0
2025-06-02,030200,50600.0,50900.0,49400.0,49400.0,459204.0
2025-06-04,030200,49400.0,50600.0,49400.0,49850.0,502838.0
2025-06-05,030200,49900.0,51000.0,49900.0,50300.0,513181.0
2025-06-09,030200,50500.0,51100.0,50500.0,50600.0,513418.0
2025-06-10,030200,50600.0,51300.0,50600.0,50900.0,436500.0
2025-06-11,030200,50900.0,51700.0,50800.0,51600.0,434400.0
2025-06-12,030200,51200.0,52100.0,51200.0,51800.0,660220.0
2025-06-13,030200,51800.0,52300.0,51500.0,51600.0,564264.0
2025-06-16,030200,52200.0,53100.0,51400.0,53100.0,474689.0
2025-06-17,030200,52600.0,53500.0,52400.0,53000.0,645959.0
2025-06-18,030200,52600.0,53200.0,52300.0,52400.0,268487.0
2025-06-19,030200,52400.0,52700.0,51500.0,51900.0,294479.0
2025-06-20,030200,52100.0,52500.0,51700.0,51800.0,293355.0
2025-06-23,030200,51400.0,51700.0,51000.0,51000.0,481902.0
2025-06-24,030200,51600.0,52700.0,51500.0,52100.0,668799.0
2025-06-25,030200,52200.0,52500.0,51800.0,52400.0,476935.0
2025-06-26,030200,52400.0,52700.0,52000.0,52400.0,308620.0
2025-06-27,030200,52400.0,55500.0,52200.0,54400.0,975631.0
2025-06-30,030200,55500.0,56500.0,55100.0,55700.0,1000960.0
2025-07-01,030200,55800.0,57400.0,55700.0,57300.0,543599.0
2025-07-02,030200,56800.0,57500.0,55400.0,56800.0,400207.0
2025-07-03,030200,57100.0,57700.0,56500.0,56500.0,370191.0
2025-07-04,030200,56700.0,59100.0,56700.0,57700.0,629016.0
2025-07-07,030200,58200.0,58300.0,57100.0,57100.0,398322.0
2025-07-08,030200,57500.0,57500.0,56100.0,56200.0,508166.0
2025-07-09,030200,56100.0,56200.0,55500.0,55600.0,396876.0
2025-07-10,030200,55700.0,57600.0,55700.0,56200.0,651879.0
2025-07-11,030200,56700.0,58300.0,56700.0,58100.0,425135.0
2025-07-14,030200,57800.0,58400.0,57500.0,57800.0,662516.0
2025-07-15,030200,57700.0,59200.0,57300.0,58400.0,529239.0
2025-07-16,030200,58100.0,58800.0,57800.0,58000.0,345751.0
2025-07-17,030200,58100.0,58600.0,57500.0,57800.0,450155.0
2025-07-18,030200,57600.0,58000.0,56900.0,57200.0,250746.0
2025-07-21,030200,56800.0,57300.0,56600.0,56600.0,266710.0
2025-07-22,030200,56800.0,57600.0,56700.0,57300.0,342421.0
2025-07-23,030200,57800.0,57800.0,56300.0,56400.0,286948.0
2025-07-24,030200,56500.0,57400.0,56200.0,56400.0,236794.0
2025-07-25,030200,56000.0,56600.0,55700.0,55900.0,193209.0
2025-07-28,030200,56100.0,56100.0,55000.0,55300.0,265655.0
2025-07-29,030200,54700.0,54900.0,53800.0,54600.0,348934.0
2025-07-30,030200,54300.0,55000.0,54300.0,54600.0,234246.0
2025-07-31,030200,54300.0,55200.0,54200.0,55200.0,298400.0
2025-08-01,030200,54500.0,55100.0,54000.0,54000.0,274057.0
2025-08-04,030200,54300.0,56200.0,54300.0,54300.0,532929.0
2025-08-05,030200,54800.0,55600.0,54500.0,54800.0,388735.0
2025-08-06,030200,54400.0,54800.0,54100.0,54400.0,413017.0
2025-08-07,030200,54400.0,54500.0,53200.0,54300.0,493409.0
2025-08-08,030200,53900.0,54500.0,53200.0,53700.0,289619.0
2025-08-11,030200,54100.0,54900.0,53700.0,54100.0,627695.0
2025-08-12,030200,54600.0,55500.0,54400.0,55000.0,468678.0
2025-08-13,030200,54700.0,54700.0,53900.0,54100.0,301697.0
2025-08-14,030200,54400.0,55700.0,54100.0,55700.0,329639.0
2025-08-18,030200,55200.0,55300.0,54500.0,55300.0,181110.0
2025-08-19,030200,55300.0,55600.0,54600.0,55400.0,402378.0
2025-08-20,030200,55900.0,56000.0,55100.0,55700.0,419358.0
2025-08-21,030200,55700.0,55900.0,55300.0,55400.0,313963.0
2025-08-22,030200,55500.0,55700.0,54800.0,55000.0,229275.0
2025-08-25,030200,54900.0,55100.0,54500.0,55100.0,200743.0
2025-08-26,030200,54900.0,55500.0,54600.0,55100.0,447826.0
2025-08-27,030200,54900.0,55000.0,53700.0,54200.0,259095.0
2025-08-28,030200,54000.0,54200.0,53800.0,54000.0,139657.0
2025-08-29,030200,54300.0,54300.0,53500.0,54100.0,265764.0
2025-09-01,030200,53800.0,53900.0,53200.0,53300.0,249185.0
2025-09-02,030200,52600.0,52700.0,51400.0,52100.0,346673.0
2025-09-03,030200,52000.0,52700.0,52000.0,52300.0,220317.0
2025-09-04,030200,52100.0,53000.0,52100.0,52900.0,215236.0
2025-09-05,030200,52400.0,53500.0,52300.0,53500.0,147208.0
2025-09-08,030200,52900.0,53300.0,52400.0,53100.0,240419.0
2025-09-09,030200,52800.0,52800.0,51500.0,51800.0,479655.0
2025-09-10,030200,51000.0,51500.0,50300.0,51100.0,898032.0
2025-09-11,030200,51200.0,52200.0,51100.0,52200.0,671592.0
2025-09-12,030200,51600.0,51900.0,51000.0,51300.0,865184.0
2025-09-15,030200,51200.0,51700.0,51200.0,51700.0,392521.0
2025-09-16,030200,51600.0,51800.0,51300.0,51300.0,496399.0
2025-09-17,030200,51400.0,51700.0,50900.0,51000.0,360626.0
2025-09-18,030200,51300.0,51600.0,51000.0,51400.0,235259.0
2025-09-19,030200,51300.0,51500.0,50800.0,50800.0,868643.0
2025-09-22,030200,50400.0,50500.0,49700.0,49700.0,430568.0
2025-09-23,030200,49650.0,50000.0,49650.0,49850.0,363900.0
2025-09-24,030200,50100.0,51000.0,50000.0,50800.0,318504.0
2025-09-25,030200,50700.0,51200.0,50500.0,51200.0,314040.0
2025-09-26,030200,50700.0,51100.0,50300.0,51100.0,251541.0
2025-09-29,030200,51400.0,51400.0,50500.0,50500.0,171171.0
2025-09-30,030200,50400.0,50700.0,50300.0,50500.0,189193.0
2025-10-01,030200,50700.0,50800.0,50500.0,50500.0,85830.0
2025-10-02,030200,50500.0,51600.0,50500.0,51200.0,605136.0
2025-10-10,030200,50500.0,50600.0,49800.0,49850.0,496445.0
2025-10-13,030200,49900.0,50100.0,49300.0,49850.0,301905.0
2025-10-14,030200,49250.0,49250.0,48600.0,48600.0,985201.0
2025-10-15,030200,48650.0,49500.0,48650.0,49350.0,467109.0
2025-10-16,030200,49000.0,50000.0,49000.0,50000.0,273109.0
2025-10-17,030200,49550.0,50300.0,49550.0,49950.0,300647.0
2025-10-20,030200,50200.0,50500.0,49900.0,50500.0,250597.0
2025-10-21,030200,50400.0,50800.0,50200.0,50500.0,340587.0
2025-10-22,030200,50100.0,50700.0,49900.0,50600.0,279394.0
2025-10-23,030200,50200.0,50600.0,49800.0,49800.0,331068.0
2025-10-24,030200,49950.0,50100.0,49400.0,49650.0,400105.0
2025-10-27,030200,49600.0,49900.0,49450.0,49700.0,284066.0
2025-10-28,030200,49750.0,49800.0,49550.0,49700.0,204762.0
2025-10-29,030200,49900.0,50000.0,49450.0,49750.0,449093.0
2025-10-30,030200,49550.0,49900.0,49150.0,49350.0,362593.0
2025-10-31,030200,49500.0,49550.0,49000.0,49150.0,353462.0
2025-11-03,030200,49500.0,49550.0,49150.0,49200.0,341219.0
2025-11-04,030200,48750.0,48850.0,48300.0,48400.0,390864.0
2025-11-05,030200,48700.0,49400.0,48100.0,48450.0,718547.0
2025-11-06,030200,48600.0,49500.0,48250.0,49350.0,700207.0
2025-11-07,030200,49200.0,49200.0,48150.0,48250.0,278196.0
2025-11-10,030200,48500.0,49150.0,48200.0,48700.0,388208.0
2025-11-11,030200,48500.0,49300.0,48500.0,49300.0,423511.0
2025-11-12,030200,49050.0,49600.0,48950.0,49450.0,339646.0
2025-11-13,030200,49300.0,50700.0,49100.0,50700.0,462130.0
2025-11-14,030200,50200.0,50500.0,50000.0,50100.0,289982.0
2025-11-17,030200,50200.0,50400.0,49800.0,49900.0,235798.0
2025-11-18,030200,49550.0,50100.0,48900.0,49200.0,241892.0
2025-11-19,030200,49400.0,49950.0,49250.0,49600.0,279387.0
2025-11-20,030200,49500.0,50300.0,49300.0,49300.0,281964.0
2025-11-21,030200,49950.0,50100.0,49450.0,49900.0,391263.0
2025-11-24,030200,50200.0,50300.0,49800.0,50100.0,403822.0
2025-11-25,030200,50000.0,50300.0,49500.0,49850.0,209771.0
2025-11-26,030200,50200.0,50300.0,49900.0,50200.0,241727.0
2025-11-27,030200,50200.0,50500.0,50200.0,50400.0,118190.0
2025-11-28,030200,50200.0,50500.0,49900.0,50400.0,154588.0
2025-12-01,030200,50300.0,50800.0,50300.0,50400.0,126393.0
2025-12-02,030200,50600.0,51000.0,50500.0,50600.0,336486.0
2025-12-03,030200,51000.0,53000.0,51000.0,53000.0,809806.0
2025-12-04,030200,53200.0,53400.0,52800.0,53100.0,339441.0
2025-12-05,030200,52700.0,53300.0,52300.0,53100.0,609770.0
2025-12-08,030200,52800.0,52900.0,51500.0,51500.0,778360.0
2025-12-09,030200,51900.0,52100.0,51400.0,51600.0,201640.0
2025-12-10,030200,52000.0,52400.0,51600.0,51800.0,195446.0
2025-12-11,030200,52200.0,53100.0,51300.0,51300.0,821388.0
2025-12-12,030200,51600.0,53100.0,51500.0,52600.0,803439.0
2025-12-15,030200,52500.0,53100.0,52100.0,52800.0,298679.0
2025-12-16,030200,52800.0,54400.0,52600.0,54200.0,1211530.0
2025-12-17,030200,54500.0,54500.0,53600.0,53900.0,363362.0
2025-12-18,030200,53800.0,53900.0,53000.0,53000.0,242883.0
2025-12-19,030200,53600.0,53900.0,52800.0,53800.0,192405.0
2025-12-22,030200,53600.0,54000.0,53000.0,53100.0,330653.0
2025-12-23,030200,53200.0,53400.0,52900.0,53100.0,222587.0
2025-12-24,030200,53200.0,54100.0,53200.0,53400.0,253441.0
2025-12-26,030200,54000.0,54000.0,53100.0,53400.0,265347.0
2025-12-29,030200,52500.0,53000.0,51900.0,53000.0,246827.0
2025-12-30,030200,52200.0,52600.0,51900.0,52600.0,238632.0
2026-01-02,030200,52200.0,52300.0,51300.0,51300.0,342784.0
2026-01-05,030200,51600.0,52200.0,51400.0,51600.0,421645.0
2026-01-06,030200,52200.0,53300.0,52100.0,52800.0,492826.0
2026-01-07,030200,51500.0,53100.0,51500.0,52400.0,350004.0
2026-01-08,030200,52100.0,52800.0,51500.0,51500.0,539826.0
2026-01-09,030200,51900.0,52700.0,51900.0,52000.0,265078.0
2026-01-12,030200,52200.0,52300.0,51500.0,51700.0,415288.0
2026-01-13,030200,52200.0,53200.0,52200.0,52900.0,611893.0
2026-01-14,030200,53200.0,53600.0,52800.0,53000.0,296244.0
2026-01-15,030200,53100.0,53700.0,53100.0,53300.0,284125.0
2026-01-16,030200,54000.0,55200.0,53800.0,53900.0,464089.0
2026-01-19,030200,54000.0,54600.0,53300.0,53600.0,906507.0
2026-01-20,030200,53700.0,55500.0,53600.0,55200.0,789128.0
2026-01-21,030200,55300.0,56200.0,54600.0,55300.0,482282.0
2026-01-22,030200,54900.0,55700.0,54800.0,54900.0,497460.0
2026-01-23,030200,54900.0,55300.0,54200.0,54200.0,692056.0
2026-01-26,030200,53900.0,54900.0,53700.0,54400.0,368069.0
2026-01-27,030200,54500.0,56900.0,54400.0,56000.0,705721.0
2026-01-28,030200,56400.0,56900.0,55900.0,55900.0,516444.0
2026-01-29,030200,55900.0,56800.0,55200.0,56100.0,484066.0
2026-01-30,030200,55900.0,57400.0,55900.0,56900.0,495539.0
2026-02-02,030200,57300.0,57300.0,54800.0,55200.0,490699.0
2026-02-03,030200,56000.0,56800.0,55600.0,56500.0,358341.0
2026-02-04,030200,56800.0,57200.0,56500.0,57200.0,353604.0
2026-02-05,030200,56300.0,57100.0,55500.0,56100.0,502916.0
2026-02-06,030200,55200.0,56900.0,54300.0,56300.0,704494.0
2026-02-09,030200,57300.0,59500.0,57000.0,59300.0,696720.0
2026-02-10,030200,60000.0,62000.0,59000.0,60700.0,543101.0
2026-02-11,030200,61700.0,64800.0,61650.0,62700.0,810440.0
2026-02-12,030200,63600.0,65800.0,63300.0,64300.0,688644.0
2026-02-13,030200,65500.0,66600.0,64300.0,64500.0,653153.0
2026-02-19,030200,65500.0,66700.0,64700.0,65900.0,490893.0
2026-02-20,030200,66300.0,69300.0,66300.0,68900.0,669370.0
2026-02-23,030200,69400.0,69400.0,67300.0,67700.0,1053221.0
2026-02-24,030200,67000.0,67000.0,64900.0,65700.0,692387.0
2026-02-25,030200,65700.0,66200.0,64500.0,65500.0,523510.0
2026-02-26,030200,64900.0,66000.0,64600.0,64600.0,1053306.0
2026-02-27,030200,64300.0,64400.0,62900.0,63800.0,476270.0
2026-03-03,030200,63000.0,65200.0,62500.0,63000.0,595293.0
2026-03-04,030200,61200.0,61200.0,54200.0,54900.0,1088433.0
2026-03-05,030200,58900.0,59800.0,57500.0,57800.0,545551.0
2026-03-06,030200,56700.0,59600.0,56600.0,59000.0,490128.0
2026-03-09,030200,55700.0,59700.0,55600.0,59500.0,457208.0
2026-03-10,030200,60700.0,61400.0,59500.0,60800.0,282942.0
2026-03-11,030200,61100.0,61500.0,59700.0,59900.0,361354.0
2026-03-12,030200,59300.0,61500.0,58600.0,61500.0,427371.0
2026-03-13,030200,59200.0,60300.0,59100.0,59600.0,1396175.0
2026-03-16,030200,59100.0,59700.0,58600.0,58900.0,279593.0
2026-03-17,030200,59100.0,60500.0,59000.0,60000.0,263178.0
2026-03-18,030200,60700.0,61300.0,60400.0,60400.0,338150.0
2026-03-19,030200,59200.0,59900.0,59000.0,59300.0,258694.0
2026-03-20,030200,59400.0,60700.0,59400.0,60700.0,239308.0
2026-03-23,030200,59100.0,59200.0,56700.0,57800.0,1016576.0
2026-03-24,030200,59400.0,59400.0,57200.0,59300.0,429966.0
2026-03-25,030200,60500.0,61000.0,60000.0,60100.0,289831.0
2026-03-26,030200,60900.0,61400.0,59700.0,59700.0,285591.0
2026-03-27,030200,59500.0,60800.0,58800.0,60800.0,273113.0
2026-03-30,030200,58500.0,60800.0,58400.0,60800.0,355357.0
2026-03-31,030200,59500.0,60900.0,59200.0,60400.0,419410.0
2026-04-01,030200,61800.0,61800.0,60600.0,61400.0,435454.0
2026-04-02,030200,61400.0,62300.0,59400.0,59400.0,377631.0
2026-04-03,030200,59600.0,60500.0,59500.0,59500.0,312219.0
2026-04-06,030200,59700.0,60800.0,59500.0,60200.0,255137.0
2026-04-07,030200,59700.0,60200.0,59100.0,59100.0,274886.0
2026-04-08,030200,61100.0,62800.0,60700.0,61000.0,481562.0
2026-04-09,030200,61400.0,63700.0,61000.0,61000.0,950269.0
2026-04-10,030200,61000.0,63000.0,60900.0,62100.0,361553.0
2026-04-13,030200,61800.0,63100.0,61600.0,63000.0,253812.0
2026-04-14,030200,63500.0,65000.0,63400.0,64200.0,505082.0
2026-04-15,030200,65000.0,65100.0,64300.0,64400.0,326528.0
2026-04-16,030200,64500.0,64800.0,63600.0,63600.0,331974.0
2026-04-17,030200,63700.0,64400.0,63700.0,63900.0,364274.0
2026-04-20,030200,64500.0,64600.0,62800.0,62800.0,1156722.0
2026-04-21,030200,63100.0,63600.0,62200.0,62700.0,940085.0
2026-04-22,030200,62300.0,62500.0,61600.0,61800.0,251435.0
2026-04-23,030200,62900.0,62900.0,61400.0,62000.0,352316.0
2026-04-24,030200,62000.0,62400.0,61600.0,61700.0,375729.0
2026-04-27,030200,61700.0,62000.0,61100.0,61100.0,357319.0
2026-04-28,030200,61000.0,61400.0,60800.0,60900.0,360227.0
2026-04-29,030200,61200.0,61200.0,60400.0,60500.0,216608.0
2026-04-30,030200,60100.0,61000.0,60100.0,60900.0,386946.0
2026-05-04,030200,61200.0,61300.0,60100.0,60600.0,268658.0
2026-05-06,030200,60000.0,60500.0,58500.0,58500.0,555994.0
2026-05-07,030200,58700.0,59500.0,58000.0,59500.0,589327.0
2026-05-08,030200,60000.0,60100.0,58700.0,59300.0,267066.0
2026-05-11,030200,58800.0,59300.0,58500.0,58800.0,390754.0
2026-05-12,030200,59300.0,59900.0,58400.0,59900.0,474052.0
2026-05-13,030200,60600.0,60700.0,58900.0,59300.0,618052.0
2026-05-14,030200,59000.0,61600.0,57800.0,61600.0,790428.0
2026-05-15,030200,60600.0,60700.0,58000.0,58700.0,630265.0
2026-05-18,030200,58800.0,58800.0,56400.0,57000.0,436703.0
2026-05-19,030200,57200.0,57400.0,55900.0,56200.0,430274.0
2026-05-20,030200,57400.0,57500.0,55300.0,55800.0,588650.0
2026-05-21,030200,56300.0,56600.0,55300.0,55700.0,537250.0
2026-05-22,030200,56400.0,56800.0,55700.0,55800.0,309044.0
2026-05-26,030200,56000.0,56100.0,54000.0,54200.0,819627.0
2026-05-27,030200,54100.0,54700.0,52350.0,53400.0,612189.0
2026-05-28,030200,52800.0,52900.0,51700.0,51900.0,685197.0
2026-05-29,030200,52800.0,54100.0,52600.0,52800.0,550164.0
2026-06-01,030200,53600.0,54500.0,53000.0,53200.0,440363.0
2026-06-02,030200,55000.0,55400.0,53400.0,53900.0,519753.0
2026-06-04,030200,53900.0,55400.0,53300.0,54500.0,517208.0
2026-06-05,030200,54300.0,55000.0,53100.0,54000.0,696310.0
2026-06-08,030200,52300.0,53900.0,51900.0,53900.0,344259.0
2026-06-09,030200,53900.0,55000.0,53700.0,53800.0,351096.0
2026-06-10,030200,53400.0,55900.0,53400.0,55900.0,416842.0
2026-06-11,030200,55100.0,60000.0,53600.0,60000.0,935790.0
2026-06-12,030200,58300.0,58300.0,54800.0,54800.0,798521.0
2026-06-15,030200,55900.0,56800.0,55100.0,55400.0,619276.0
2026-06-16,030200,55500.0,57600.0,55500.0,56600.0,546517.0
2026-06-17,030200,56600.0,57100.0,55100.0,55300.0,288070.0
2026-06-18,030200,55000.0,55200.0,53500.0,53500.0,294887.0
2026-06-19,030200,53800.0,54500.0,52900.0,53300.0,410867.0
2026-06-22,030200,53600.0,54000.0,52300.0,52300.0,239997.0
2026-06-23,030200,52700.0,53100.0,51700.0,52400.0,412290.0
2026-06-24,030200,52900.0,53000.0,50700.0,51700.0,391513.0
2026-06-25,030200,51800.0,53800.0,51800.0,52000.0,293806.0
2026-06-26,030200,52500.0,52700.0,51000.0,52200.0,303739.0
2026-06-29,030200,52700.0,54000.0,52000.0,52700.0,297571.0
2026-06-30,030200,52900.0,54000.0,52700.0,52900.0,251043.0
2026-07-01,030200,53800.0,54300.0,52900.0,53700.0,255391.0
2026-07-02,030200,53700.0,54600.0,52600.0,54300.0,323394.0
2026-07-03,030200,54600.0,54800.0,53100.0,53700.0,380315.0
2026-07-06,030200,53500.0,54500.0,53500.0,54500.0,246927.0
2026-07-07,030200,54700.0,55600.0,53800.0,55500.0,295908.0
2026-07-08,030200,55700.0,55700.0,53500.0,55400.0,289204.0
2026-07-09,030200,55700.0,58000.0,53300.0,58000.0,849385.0
2026-07-10,030200,57400.0,57500.0,54200.0,54200.0,553409.0
2026-07-13,030200,54100.0,54600.0,51900.0,52700.0,927223.0
2026-07-14,030200,52900.0,53200.0,51600.0,51600.0,435569.0
2026-07-15,030200,52600.0,53500.0,52000.0,52000.0,310163.0
2026-07-16,030200,52500.0,53300.0,51900.0,52400.0,250887.0
2025-01-15,035420,203000.0,207000.0,202000.0,206500.0,678808.0
2025-01-16,035420,210000.0,211000.0,205000.0,206500.0,642605.0
2025-01-17,035420,206000.0,210000.0,203500.0,209000.0,701799.0
2025-01-20,035420,209000.0,209500.0,204500.0,205000.0,398841.0
2025-01-21,035420,205000.0,208000.0,203000.0,204500.0,357682.0
2025-01-22,035420,207000.0,211500.0,204000.0,204000.0,555170.0
2025-01-23,035420,206000.0,207500.0,204000.0,204500.0,487301.0
2025-01-24,035420,205500.0,209000.0,203500.0,204000.0,419464.0
2025-01-31,035420,208500.0,218500.0,208500.0,216500.0,1964710.0
2025-02-03,035420,217500.0,219500.0,213500.0,217000.0,1410072.0
2025-02-04,035420,220000.0,224000.0,217000.0,218500.0,1432688.0
2025-02-05,035420,222500.0,232000.0,219000.0,229000.0,2336982.0
2025-02-06,035420,229500.0,232000.0,223500.0,232000.0,1718369.0
2025-02-07,035420,235500.0,235500.0,223000.0,225500.0,1908836.0
2025-02-10,035420,229500.0,232000.0,227000.0,227500.0,1234703.0
2025-02-11,035420,227500.0,231500.0,225500.0,228500.0,808905.0
2025-02-12,035420,230000.0,230500.0,222500.0,225000.0,945298.0
2025-02-13,035420,225000.0,226000.0,218000.0,220000.0,1028493.0
2025-02-14,035420,222000.0,224500.0,220000.0,221000.0,574538.0
2025-02-17,035420,221500.0,224000.0,219500.0,221000.0,615576.0
2025-02-18,035420,221500.0,223000.0,218000.0,222500.0,630070.0
2025-02-19,035420,222500.0,224000.0,220000.0,222000.0,569222.0
2025-02-20,035420,221000.0,225500.0,218500.0,221500.0,614258.0
2025-02-21,035420,222500.0,228000.0,222000.0,226500.0,821558.0
2025-02-24,035420,224000.0,228000.0,224000.0,228000.0,526842.0
2025-02-25,035420,226000.0,230000.0,224500.0,228500.0,622624.0
2025-02-26,035420,228500.0,232000.0,227500.0,231500.0,708250.0
2025-02-27,035420,230500.0,230500.0,218000.0,219000.0,1125911.0
2025-02-28,035420,214500.0,217000.0,206500.0,207000.0,1660981.0
2025-03-04,035420,205000.0,210000.0,204500.0,205500.0,673266.0
2025-03-05,035420,210500.0,212000.0,205500.0,207500.0,761832.0
2025-03-06,035420,208500.0,220000.0,207500.0,219000.0,998317.0
2025-03-07,035420,216000.0,216500.0,213000.0,213000.0,630434.0
2025-03-10,035420,211500.0,217000.0,210500.0,215000.0,542653.0
2025-03-11,035420,205500.0,214500.0,205000.0,212500.0,586599.0
2025-03-12,035420,212500.0,215500.0,211000.0,214000.0,409913.0
2025-03-13,035420,217500.0,219500.0,213000.0,216000.0,622944.0
2025-03-14,035420,215500.0,216500.0,208000.0,208000.0,519114.0
2025-03-17,035420,210000.0,211000.0,207500.0,211000.0,481843.0
2025-03-18,035420,211000.0,214000.0,208000.0,209000.0,669726.0
2025-03-19,035420,208000.0,211500.0,207500.0,208000.0,710932.0
2025-03-20,035420,210000.0,210000.0,207500.0,208000.0,593445.0
2025-03-21,035420,209500.0,210500.0,206000.0,209500.0,685909.0
2025-03-24,035420,209500.0,210500.0,206000.0,207000.0,354434.0
2025-03-25,035420,208500.0,209000.0,206500.0,207500.0,365297.0
2025-03-26,035420,207500.0,208500.0,203000.0,204000.0,790441.0
2025-03-27,035420,201000.0,203000.0,196500.0,197800.0,1501086.0
2025-03-28,035420,197600.0,197700.0,193900.0,194700.0,700564.0
2025-03-31,035420,191400.0,192100.0,189200.0,191000.0,668750.0
2025-04-01,035420,191600.0,198000.0,191600.0,196700.0,485068.0
2025-04-02,035420,197600.0,197800.0,194200.0,195600.0,461848.0
2025-04-03,035420,190900.0,199600.0,190800.0,198600.0,577896.0
2025-04-04,035420,196700.0,202500.0,194100.0,197800.0,672143.0
2025-04-07,035420,192400.0,195200.0,189300.0,191800.0,597627.0
2025-04-08,035420,192100.0,193000.0,179200.0,179600.0,1366603.0
2025-04-09,035420,179000.0,181300.0,176200.0,176900.0,621304.0
2025-04-10,035420,184200.0,184600.0,179800.0,183900.0,656557.0
2025-04-11,035420,180200.0,184100.0,180100.0,183000.0,569473.0
2025-04-14,035420,183000.0,185100.0,182500.0,182700.0,391419.0
2025-04-15,035420,184800.0,186400.0,183700.0,183900.0,345595.0
2025-04-16,035420,183900.0,186300.0,183000.0,184400.0,427131.0
2025-04-17,035420,184800.0,185400.0,182100.0,183600.0,237641.0
2025-04-18,035420,184700.0,187900.0,184000.0,187500.0,287707.0
2025-04-21,035420,189100.0,190800.0,187200.0,187500.0,246628.0
2025-04-22,035420,187200.0,195700.0,186000.0,193700.0,645159.0
2025-04-23,035420,196000.0,196300.0,192600.0,192900.0,391879.0
2025-04-24,035420,192600.0,193800.0,190400.0,191500.0,417055.0
2025-04-25,035420,193400.0,195100.0,192200.0,193500.0,391764.0
2025-04-28,035420,194300.0,196500.0,192700.0,195500.0,313415.0
2025-04-29,035420,195500.0,197400.0,193700.0,196500.0,325432.0
2025-04-30,035420,196200.0,200500.0,195800.0,200500.0,523186.0
2025-05-02,035420,199800.0,200500.0,197300.0,197400.0,280801.0
2025-05-07,035420,200000.0,202000.0,198200.0,199100.0,622014.0
2025-05-08,035420,195100.0,196600.0,188500.0,188700.0,1199556.0
2025-05-09,035420,190000.0,192100.0,189500.0,191000.0,558440.0
2025-05-12,035420,192800.0,194300.0,189700.0,190200.0,437578.0
2025-05-13,035420,190000.0,191000.0,187600.0,188200.0,680047.0
2025-05-14,035420,189900.0,191400.0,188900.0,191200.0,363846.0
2025-05-15,035420,189800.0,190300.0,188200.0,189200.0,355097.0
2025-05-16,035420,189100.0,189700.0,187500.0,187800.0,285272.0
2025-05-19,035420,187600.0,188200.0,184500.0,185400.0,262018.0
2025-05-20,035420,185800.0,186500.0,184000.0,185000.0,293512.0
2025-05-21,035420,185900.0,186500.0,184600.0,184800.0,382117.0
2025-05-22,035420,183200.0,184500.0,181100.0,183200.0,469433.0
2025-05-23,035420,184100.0,185300.0,182800.0,183100.0,257074.0
2025-05-26,035420,183100.0,188000.0,181800.0,188000.0,472314.0
2025-05-27,035420,186200.0,186900.0,183000.0,183800.0,668670.0
2025-05-28,035420,184600.0,189000.0,184100.0,187700.0,727369.0
2025-05-29,035420,189300.0,190600.0,187700.0,189300.0,649059.0
2025-05-30,035420,188700.0,188800.0,186100.0,187500.0,989028.0
2025-06-02,035420,185800.0,188300.0,185700.0,186500.0,408085.0
2025-06-04,035420,189000.0,189100.0,185500.0,185500.0,817069.0
2025-06-05,035420,186300.0,192000.0,186300.0,191200.0,911249.0
2025-06-09,035420,195400.0,202500.0,192300.0,198500.0,1407038.0
2025-06-10,035420,204000.0,204000.0,196800.0,200000.0,911907.0
2025-06-11,035420,200500.0,202000.0,198900.0,201000.0,512085.0
2025-06-12,035420,199500.0,201500.0,198900.0,198900.0,624703.0
2025-06-13,035420,203500.0,206000.0,197400.0,200500.0,1050533.0
2025-06-16,035420,211000.0,211500.0,202000.0,209500.0,1159906.0
2025-06-17,035420,212000.0,213000.0,204000.0,206500.0,837169.0
2025-06-18,035420,204500.0,244500.0,204000.0,243500.0,5706879.0
2025-06-19,035420,254500.0,259000.0,248500.0,252000.0,3810468.0
2025-06-20,035420,249000.0,269500.0,245000.0,269500.0,4889308.0
2025-06-23,035420,276500.0,295000.0,270000.0,290000.0,5050411.0
2025-06-24,035420,288500.0,292500.0,277500.0,290500.0,4326501.0
2025-06-25,035420,282500.0,286500.0,276000.0,283500.0,2862461.0
2025-06-26,035420,270000.0,275000.0,254000.0,261000.0,4314779.0
2025-06-27,035420,263500.0,265000.0,252000.0,257500.0,2316733.0
2025-06-30,035420,257000.0,268000.0,255500.0,262500.0,2219752.0
2025-07-01,035420,264000.0,269000.0,260000.0,262000.0,1791173.0
2025-07-02,035420,263000.0,263500.0,250000.0,252000.0,1870730.0
2025-07-03,035420,250500.0,260000.0,249500.0,253000.0,1207730.0
2025-07-04,035420,252500.0,254500.0,247500.0,249000.0,874760.0
2025-07-07,035420,248500.0,260500.0,248500.0,256000.0,1175356.0
2025-07-08,035420,261500.0,263000.0,255000.0,258000.0,903743.0
2025-07-09,035420,258500.0,258500.0,251000.0,254000.0,952460.0
2025-07-10,035420,255500.0,265000.0,251000.0,259500.0,1754234.0
2025-07-11,035420,261000.0,261500.0,253000.0,253000.0,1249355.0
2025-07-14,035420,252000.0,252500.0,244000.0,249000.0,1205192.0
2025-07-15,035420,247500.0,253000.0,247000.0,249500.0,791762.0
2025-07-16,035420,251000.0,255500.0,249000.0,250000.0,785410.0
2025-07-17,035420,254000.0,255000.0,242500.0,243500.0,1262077.0
2025-07-18,035420,243500.0,245000.0,240000.0,242000.0,703602.0
2025-07-21,035420,241500.0,245500.0,240000.0,240000.0,674282.0
2025-07-22,035420,241500.0,242000.0,234500.0,235000.0,930384.0
2025-07-23,035420,236000.0,237500.0,229500.0,231500.0,719824.0
2025-07-24,035420,233000.0,234500.0,225000.0,227000.0,1177878.0
2025-07-25,035420,226500.0,236000.0,225000.0,234500.0,1202489.0
2025-07-28,035420,236000.0,237000.0,232000.0,235500.0,600063.0
2025-07-29,035420,235500.0,240000.0,232000.0,233000.0,928345.0
2025-07-30,035420,233500.0,240000.0,233500.0,234000.0,768748.0
2025-07-31,035420,235000.0,236500.0,232500.0,235000.0,521064.0
2025-08-01,035420,232500.0,233000.0,224000.0,225000.0,827729.0
2025-08-04,035420,225500.0,239500.0,225000.0,232500.0,1276649.0
2025-08-05,035420,236000.0,236500.0,229000.0,232000.0,683813.0
2025-08-06,035420,236500.0,236500.0,226000.0,228500.0,1076418.0
2025-08-07,035420,230000.0,235500.0,228000.0,235500.0,1019496.0
2025-08-08,035420,241000.0,241500.0,228500.0,229500.0,1638049.0
2025-08-11,035420,229500.0,230000.0,222500.0,223000.0,1264837.0
2025-08-12,035420,223500.0,228000.0,223000.0,223000.0,743541.0
2025-08-13,035420,225500.0,226000.0,221500.0,225000.0,1017399.0
2025-08-14,035420,228500.0,233500.0,224000.0,224500.0,1165222.0
2025-08-18,035420,224500.0,228500.0,223500.0,226000.0,479724.0
2025-08-19,035420,228000.0,228500.0,223000.0,225500.0,419214.0
2025-08-20,035420,221500.0,224000.0,219500.0,221500.0,507825.0
2025-08-21,035420,222000.0,226500.0,222000.0,223000.0,463923.0
2025-08-22,035420,224000.0,227000.0,221000.0,222000.0,543978.0
2025-08-25,035420,224500.0,225500.0,221500.0,225500.0,564999.0
2025-08-26,035420,224000.0,224500.0,221000.0,221000.0,685341.0
2025-08-27,035420,222000.0,222000.0,216500.0,218000.0,691579.0
2025-08-28,035420,217500.0,218500.0,215000.0,217500.0,663919.0
2025-08-29,035420,217500.0,218000.0,214000.0,214500.0,750586.0
2025-09-01,035420,211500.0,216500.0,210500.0,215500.0,634984.0
2025-09-02,035420,216000.0,229000.0,216000.0,225000.0,1790972.0
2025-09-03,035420,224500.0,225000.0,220000.0,221000.0,711207.0
2025-09-04,035420,221500.0,229500.0,221500.0,227000.0,971838.0
2025-09-05,035420,227500.0,230500.0,225500.0,229000.0,941824.0
2025-09-08,035420,228500.0,229500.0,226000.0,228000.0,716688.0
2025-09-09,035420,228500.0,233000.0,226000.0,231000.0,929473.0
2025-09-10,035420,232000.0,234500.0,230500.0,233500.0,915806.0
2025-09-11,035420,234500.0,236000.0,231500.0,233000.0,808213.0
2025-09-12,035420,234500.0,239000.0,232500.0,236000.0,1191699.0
2025-09-15,035420,236000.0,236000.0,231500.0,234000.0,710904.0
2025-09-16,035420,239500.0,241000.0,234500.0,235000.0,923864.0
2025-09-17,035420,233500.0,235000.0,229500.0,233500.0,2083776.0
2025-09-18,035420,235000.0,238500.0,233500.0,238500.0,1004507.0
2025-09-19,035420,239000.0,240000.0,233500.0,234000.0,1585243.0
2025-09-22,035420,234000.0,235000.0,229000.0,232000.0,1004689.0
2025-09-23,035420,232000.0,235500.0,230000.0,231000.0,735957.0
2025-09-24,035420,231000.0,233500.0,224500.0,228000.0,982181.0
2025-09-25,035420,226500.0,257000.0,225500.0,254000.0,8314576.0
2025-09-26,035420,251500.0,262000.0,250000.0,256500.0,4597910.0
2025-09-29,035420,268500.0,278500.0,266000.0,274500.0,3486022.0
2025-09-30,035420,279000.0,279500.0,265500.0,268500.0,2764865.0
2025-10-01,035420,267000.0,268500.0,253000.0,254500.0,3385774.0
2025-10-02,035420,255500.0,258000.0,250500.0,253000.0,2205648.0
2025-10-10,035420,256500.0,275000.0,255500.0,267500.0,3490894.0
2025-10-13,035420,258000.0,266500.0,258000.0,262500.0,1454859.0
2025-10-14,035420,262000.0,270500.0,257000.0,258000.0,2072061.0
2025-10-15,035420,260500.0,261000.0,255000.0,258500.0,1438737.0
2025-10-16,035420,257500.0,270000.0,255500.0,260500.0,2154638.0
2025-10-17,035420,260000.0,260500.0,254000.0,255500.0,1478832.0
2025-10-20,035420,255000.0,262500.0,250000.0,258000.0,1527621.0
2025-10-21,035420,260000.0,260500.0,254000.0,254500.0,1321294.0
2025-10-22,035420,254000.0,256500.0,247000.0,255500.0,1076507.0
2025-10-23,035420,251500.0,251500.0,242000.0,242500.0,2033710.0
2025-10-24,035420,245000.0,248500.0,242500.0,247000.0,1005395.0
2025-10-27,035420,245000.0,251500.0,242000.0,251000.0,1317125.0
2025-10-28,035420,250500.0,255000.0,248000.0,253000.0,908952.0
2025-10-29,035420,255000.0,268500.0,253500.0,265000.0,2466385.0
2025-10-30,035420,267000.0,267000.0,254500.0,255500.0,1393179.0
2025-10-31,035420,263000.0,273500.0,261000.0,267500.0,2861914.0
2025-11-03,035420,283500.0,287500.0,271500.0,274500.0,2760215.0
2025-11-04,035420,272500.0,274000.0,267000.0,267000.0,1325780.0
2025-11-05,035420,269000.0,280000.0,256500.0,278500.0,3470467.0
2025-11-06,035420,281500.0,282000.0,264000.0,264000.0,2287056.0
2025-11-07,035420,256000.0,267000.0,256000.0,260000.0,1648859.0
2025-11-10,035420,263500.0,264000.0,258000.0,260000.0,974635.0
2025-11-11,035420,261500.0,270500.0,261000.0,263000.0,1341337.0
2025-11-12,035420,265500.0,265500.0,262000.0,263500.0,600486.0
2025-11-13,035420,262500.0,266000.0,258500.0,265500.0,724253.0
2025-11-14,035420,258000.0,260000.0,253000.0,253500.0,923411.0
2025-11-17,035420,256500.0,257000.0,254000.0,255000.0,507818.0
2025-11-18,035420,251500.0,260500.0,248500.0,249000.0,959645.0
2025-11-19,035420,250500.0,251000.0,243000.0,248500.0,570754.0
2025-11-20,035420,260000.0,263000.0,254500.0,257000.0,970537.0
2025-11-21,035420,251000.0,265000.0,249500.0,262500.0,1278706.0
2025-11-24,035420,267500.0,269500.0,259000.0,261000.0,1673646.0
2025-11-25,035420,262500.0,262500.0,250500.0,253000.0,1218659.0
2025-11-26,035420,255000.0,264500.0,252000.0,263500.0,944519.0
2025-11-27,035420,259500.0,261500.0,250500.0,251500.0,2028550.0
2025-11-28,035420,253500.0,254000.0,243500.0,244000.0,1580887.0
2025-12-01,035420,246500.0,247500.0,242500.0,243000.0,666662.0
2025-12-02,035420,243000.0,245000.0,241500.0,243000.0,618439.0
2025-12-03,035420,246500.0,248500.0,245500.0,246500.0,630018.0
2025-12-04,035420,245500.0,248500.0,244500.0,247000.0,487370.0
2025-12-05,035420,247500.0,250000.0,246000.0,249500.0,575298.0
2025-12-08,035420,250500.0,250500.0,247000.0,249000.0,466382.0
2025-12-09,035420,248000.0,248500.0,246000.0,248000.0,497708.0
2025-12-10,035420,248000.0,248000.0,244000.0,244500.0,654772.0
2025-12-11,035420,245500.0,246000.0,241000.0,243500.0,1056918.0
2025-12-12,035420,243000.0,245000.0,241500.0,244500.0,485052.0
2025-12-15,035420,241500.0,244000.0,240000.0,240500.0,522965.0
2025-12-16,035420,240500.0,240500.0,231000.0,231500.0,1520556.0
2025-12-17,035420,233000.0,233000.0,229500.0,231000.0,769339.0
2025-12-18,035420,227500.0,233250.0,226500.0,230500.0,744015.0
2025-12-19,035420,232500.0,235500.0,231500.0,235500.0,1487738.0
2025-12-22,035420,238500.0,239000.0,236500.0,238000.0,610805.0
2025-12-23,035420,238000.0,238500.0,235500.0,237000.0,689469.0
2025-12-24,035420,237000.0,238000.0,234500.0,236500.0,640875.0
2025-12-26,035420,236500.0,237500.0,231000.0,231500.0,738058.0
2025-12-29,035420,231500.0,242500.0,231500.0,242000.0,1067392.0
2025-12-30,035420,241000.0,244500.0,239000.0,242500.0,652269.0
2026-01-02,035420,243500.0,249000.0,238000.0,247000.0,1362199.0
2026-01-05,035420,248500.0,251000.0,247000.0,249500.0,1011640.0
2026-01-06,035420,249500.0,262500.0,248000.0,260000.0,2462129.0
2026-01-07,035420,258000.0,258000.0,246500.0,252500.0,1886634.0
2026-01-08,035420,249500.0,258000.0,245000.0,251000.0,1311262.0
2026-01-09,035420,253000.0,256500.0,250500.0,254000.0,918991.0
2026-01-12,035420,256000.0,258500.0,249000.0,255500.0,1328415.0
2026-01-13,035420,259000.0,264500.0,256500.0,264500.0,1671879.0
2026-01-14,035420,268000.0,270000.0,255500.0,259500.0,1574617.0
2026-01-15,035420,257000.0,263500.0,244000.0,247500.0,2397110.0
2026-01-16,035420,248500.0,248500.0,243500.0,245500.0,1898586.0
2026-01-19,035420,242000.0,243500.0,237500.0,238000.0,1689244.0
2026-01-20,035420,241500.0,244500.0,240500.0,244000.0,1205903.0
2026-01-21,035420,239500.0,242500.0,238000.0,238500.0,1022540.0
2026-01-22,035420,242000.0,247500.0,239500.0,245500.0,1341056.0
2026-01-23,035420,248000.0,269500.0,246500.0,266000.0,5042292.0
2026-01-26,035420,274000.0,276500.0,265000.0,272500.0,2706664.0
2026-01-27,035420,270500.0,292000.0,270000.0,281500.0,4948006.0
2026-01-28,035420,285000.0,285500.0,271000.0,277500.0,2822531.0
2026-01-29,035420,276000.0,290500.0,275000.0,287000.0,2812259.0
2026-01-30,035420,285500.0,285500.0,274500.0,275000.0,1819960.0
2026-02-02,035420,270000.0,278500.0,265000.0,268000.0,1862631.0
2026-02-03,035420,274500.0,274500.0,265000.0,269000.0,1894227.0
2026-02-04,035420,266000.0,267000.0,260000.0,264500.0,1700411.0
2026-02-05,035420,262500.0,264500.0,255500.0,257000.0,1551427.0
2026-02-06,035420,251000.0,254000.0,244000.0,249000.0,1919017.0
2026-02-09,035420,253500.0,254500.0,248000.0,250000.0,1426634.0
2026-02-10,035420,254000.0,259000.0,252000.0,254000.0,1475536.0
2026-02-11,035420,258500.0,261000.0,255000.0,257500.0,1133876.0
2026-02-12,035420,261500.0,262000.0,255500.0,255500.0,1404228.0
2026-02-13,035420,254000.0,257500.0,250000.0,252500.0,820046.0
2026-02-19,035420,254500.0,255000.0,252000.0,253000.0,806208.0
2026-02-20,035420,254500.0,260000.0,254000.0,254500.0,948594.0
2026-02-23,035420,257500.0,262000.0,255000.0,255500.0,747019.0
2026-02-24,035420,256500.0,256500.0,254000.0,255000.0,652490.0
2026-02-25,035420,255500.0,256000.0,251000.0,253000.0,937503.0
2026-02-26,035420,258500.0,267000.0,258000.0,260500.0,1890166.0
2026-02-27,035420,261000.0,261500.0,254500.0,254500.0,1259511.0
2026-03-03,035420,250500.0,252000.0,236000.0,236000.0,1507045.0
2026-03-04,035420,225500.0,231000.0,207500.0,208000.0,2051989.0
2026-03-05,035420,224000.0,227500.0,218000.0,220000.0,1671549.0
2026-03-06,035420,216000.0,225500.0,216000.0,222500.0,1042652.0
2026-03-09,035420,209500.0,218500.0,207000.0,218500.0,940462.0
2026-03-10,035420,226500.0,227000.0,218000.0,220500.0,935756.0
2026-03-11,035420,227000.0,230000.0,221000.0,222000.0,757145.0
2026-03-12,035420,223500.0,225500.0,220500.0,222000.0,700973.0
2026-03-13,035420,216500.0,224000.0,216000.0,223000.0,706127.0
2026-03-16,035420,222000.0,222500.0,216000.0,218000.0,531797.0
2026-03-17,035420,221500.0,227500.0,220500.0,224000.0,614390.0
2026-03-18,035420,228500.0,228500.0,225000.0,226500.0,687521.0
2026-03-19,035420,221500.0,222500.0,220000.0,220500.0,474188.0
2026-03-20,035420,222000.0,224500.0,220000.0,221500.0,673277.0
2026-03-23,035420,215500.0,215500.0,208500.0,209000.0,692498.0
2026-03-24,035420,215500.0,217000.0,209000.0,213500.0,468548.0
2026-03-25,035420,216500.0,218000.0,214000.0,215500.0,465850.0
2026-03-26,035420,216500.0,218500.0,211000.0,211500.0,414907.0
2026-03-27,035420,208000.0,213000.0,206000.0,212500.0,439328.0
2026-03-30,035420,205500.0,208500.0,204000.0,207000.0,379513.0
2026-03-31,035420,202500.0,205500.0,200000.0,201500.0,890860.0
2026-04-01,035420,208500.0,212000.0,205500.0,210000.0,575814.0
2026-04-02,035420,211500.0,212000.0,194600.0,195800.0,1464904.0
2026-04-03,035420,198900.0,200000.0,196600.0,197500.0,659137.0
2026-04-06,035420,197100.0,199400.0,194200.0,196800.0,717180.0
2026-04-07,035420,197200.0,202000.0,195100.0,195900.0,668729.0
2026-04-08,035420,202500.0,204000.0,200000.0,201500.0,699966.0
2026-04-09,035420,200000.0,206500.0,198600.0,201500.0,1258361.0
2026-04-10,035420,202500.0,205000.0,201000.0,202000.0,525142.0
2026-04-13,035420,197700.0,199500.0,196800.0,199000.0,514728.0
2026-04-14,035420,203500.0,206500.0,201000.0,201500.0,623470.0
2026-04-15,035420,206000.0,214500.0,205000.0,211000.0,992297.0
2026-04-16,035420,219500.0,220000.0,216500.0,218500.0,752603.0
2026-04-17,035420,218500.0,219000.0,214500.0,216500.0,1121630.0
2026-04-20,035420,216000.0,217500.0,212500.0,213500.0,457862.0
2026-04-21,035420,215000.0,215500.0,211500.0,214000.0,545889.0
2026-04-22,035420,215000.0,216000.0,212500.0,214000.0,364648.0
2026-04-23,035420,220500.0,221000.0,213000.0,217500.0,800536.0
2026-04-24,035420,216000.0,216500.0,213000.0,214000.0,476096.0
2026-04-27,035420,216000.0,218500.0,215000.0,215000.0,458738.0
2026-04-28,035420,215500.0,223500.0,215000.0,219500.0,758420.0
2026-04-29,035420,223000.0,227500.0,219000.0,220000.0,673160.0
2026-04-30,035420,223000.0,223000.0,210500.0,211000.0,1387029.0
2026-05-04,035420,213500.0,213500.0,208000.0,209000.0,875803.0
2026-05-06,035420,210500.0,213000.0,207500.0,208000.0,839509.0
2026-05-07,035420,209000.0,214000.0,206000.0,207500.0,1014658.0
2026-05-08,035420,210000.0,219000.0,209000.0,215000.0,1542717.0
2026-05-11,035420,215500.0,216000.0,210000.0,211500.0,780013.0
2026-05-12,035420,213000.0,213000.0,200500.0,204000.0,991427.0
2026-05-13,035420,206000.0,206500.0,198600.0,201500.0,904464.0
2026-05-14,035420,204000.0,216000.0,203500.0,213000.0,1601442.0
2026-05-15,035420,215000.0,216500.0,201000.0,203500.0,997805.0
2026-05-18,035420,203000.0,203500.0,196700.0,200000.0,890762.0
2026-05-19,035420,200500.0,206250.0,195100.0,198100.0,950434.0
2026-05-20,035420,198100.0,200000.0,190800.0,191500.0,992090.0
2026-05-21,035420,194600.0,202000.0,194600.0,199500.0,869601.0
2026-05-22,035420,201500.0,207000.0,199300.0,203000.0,751620.0
2026-05-26,035420,205500.0,207000.0,199900.0,200000.0,580181.0
2026-05-27,035420,199800.0,202000.0,197300.0,198800.0,912403.0
2026-05-28,035420,202000.0,213000.0,195800.0,205000.0,1978430.0
2026-05-29,035420,211500.0,247500.0,211000.0,234000.0,7569228.0
2026-06-01,035420,251000.0,304000.0,244500.0,271500.0,14505895.0
2026-06-02,035420,285000.0,289500.0,244000.0,280500.0,9275907.0
2026-06-04,035420,267500.0,275000.0,255000.0,267500.0,3324373.0
2026-06-05,035420,254500.0,266500.0,245000.0,255500.0,3143220.0
2026-06-08,035420,239500.0,294000.0,238500.0,279000.0,10148390.0
2026-06-09,035420,286000.0,288500.0,243000.0,257000.0,6918079.0
2026-06-10,035420,245000.0,253500.0,222000.0,227000.0,3562725.0
2026-06-11,035420,218500.0,228500.0,218500.0,224000.0,2218764.0
2026-06-12,035420,232000.0,263000.0,231000.0,247000.0,5215884.0
2026-06-15,035420,256000.0,257500.0,245500.0,248000.0,2001006.0
2026-06-16,035420,255000.0,265500.0,239500.0,242000.0,2480043.0
2026-06-17,035420,239500.0,247500.0,234500.0,243500.0,1156913.0
2026-06-18,035420,241000.0,241000.0,234000.0,235000.0,1322859.0
2026-06-19,035420,236500.0,245500.0,224000.0,229500.0,2109401.0
2026-06-22,035420,230000.0,231000.0,222000.0,222000.0,866623.0
2026-06-23,035420,219000.0,220000.0,201500.0,202500.0,1683494.0
2026-06-24,035420,203000.0,204000.0,195900.0,199400.0,1455973.0
2026-06-25,035420,202500.0,208000.0,199500.0,199700.0,1024898.0
2026-06-26,035420,200500.0,201000.0,190300.0,196400.0,1473699.0
2026-06-29,035420,198300.0,206000.0,191700.0,204000.0,1093200.0
2026-06-30,035420,205000.0,205500.0,198700.0,199000.0,822445.0
2026-07-01,035420,201000.0,203500.0,192700.0,197400.0,1015743.0
2026-07-02,035420,195700.0,204500.0,191000.0,199900.0,1162498.0
2026-07-03,035420,199900.0,199900.0,191700.0,195800.0,1111357.0
2026-07-06,035420,196600.0,201000.0,194000.0,196600.0,686793.0
2026-07-07,035420,194600.0,199400.0,193100.0,197200.0,1077802.0
2026-07-08,035420,196300.0,197800.0,189800.0,192700.0,1090495.0
2026-07-09,035420,191500.0,193200.0,184000.0,184400.0,1207585.0
2026-07-10,035420,186300.0,194600.0,186300.0,191300.0,725383.0
2026-07-13,035420,191100.0,195400.0,186400.0,188000.0,757031.0
2026-07-14,035420,187300.0,189400.0,181100.0,183200.0,946614.0
2026-07-15,035420,188000.0,191900.0,187500.0,189600.0,674208.0
2026-07-16,035420,188200.0,191300.0,185400.0,190000.0,737459.0
2025-01-15,035720,36950.0,38150.0,36500.0,37000.0,2186274.0
2025-01-16,035720,37400.0,37850.0,36700.0,36900.0,1271977.0
2025-01-17,035720,36950.0,36950.0,36400.0,36400.0,1135029.0
2025-01-20,035720,36400.0,36700.0,35800.0,36450.0,1356111.0
2025-01-21,035720,36450.0,37000.0,36150.0,36450.0,1166887.0
2025-01-22,035720,36800.0,37050.0,36150.0,36300.0,1154547.0
2025-01-23,035720,36450.0,36500.0,35750.0,35750.0,1220022.0
2025-01-24,035720,35900.0,36350.0,35700.0,35750.0,1076274.0
2025-01-31,035720,36100.0,39000.0,36100.0,38350.0,6846406.0
2025-02-03,035720,38350.0,42450.0,37750.0,41800.0,14720792.0
2025-02-04,035720,42600.0,43150.0,40200.0,40900.0,12331280.0
2025-02-05,035720,41300.0,43550.0,41000.0,43200.0,10732661.0
2025-02-06,035720,44000.0,45500.0,43500.0,45300.0,9121099.0
2025-02-07,035720,45200.0,45250.0,43550.0,44500.0,5102434.0
2025-02-10,035720,44500.0,46000.0,42300.0,42500.0,6162748.0
2025-02-11,035720,43200.0,43450.0,42250.0,42850.0,3387582.0
2025-02-12,035720,42750.0,42750.0,41400.0,42000.0,2941517.0
2025-02-13,035720,42350.0,43100.0,39700.0,40200.0,8123275.0
2025-02-14,035720,40550.0,40600.0,38400.0,38750.0,6091721.0
2025-02-17,035720,39100.0,39350.0,38800.0,39050.0,3131805.0
2025-02-18,035720,38950.0,39350.0,38600.0,38950.0,2601628.0
2025-02-19,035720,39150.0,39650.0,38850.0,39300.0,2977884.0
2025-02-20,035720,39600.0,40750.0,39550.0,39750.0,4599415.0
2025-02-21,035720,40000.0,40250.0,39600.0,39900.0,2460853.0
2025-02-24,035720,39650.0,40000.0,39200.0,39550.0,1834667.0
2025-02-25,035720,39200.0,39800.0,39100.0,39750.0,1505555.0
2025-02-26,035720,40150.0,42400.0,40050.0,42100.0,7598359.0
2025-02-27,035720,42900.0,44450.0,42800.0,44450.0,10185706.0
2025-02-28,035720,43700.0,44700.0,42650.0,43150.0,6591090.0
2025-03-04,035720,43000.0,43450.0,41350.0,41900.0,3387888.0
2025-03-05,035720,42550.0,43500.0,42450.0,43100.0,2525062.0
2025-03-06,035720,43500.0,45400.0,42550.0,45100.0,6180767.0
2025-03-07,035720,44450.0,44825.0,43450.0,43750.0,3099161.0
2025-03-10,035720,43500.0,45950.0,43150.0,45400.0,4010592.0
2025-03-11,035720,43900.0,44700.0,43550.0,44100.0,2486551.0
2025-03-12,035720,44250.0,44650.0,43450.0,44100.0,1976354.0
2025-03-13,035720,44150.0,44750.0,42350.0,43150.0,3269454.0
2025-03-14,035720,43100.0,44050.0,43100.0,43450.0,1733603.0
2025-03-17,035720,43500.0,43850.0,42300.0,43500.0,1693348.0
2025-03-18,035720,43700.0,45050.0,43500.0,44000.0,2475410.0
2025-03-19,035720,44000.0,44375.0,43100.0,43300.0,1642570.0
2025-03-20,035720,43500.0,43950.0,42650.0,42650.0,1761461.0
2025-03-21,035720,42650.0,43600.0,41900.0,43600.0,1900729.0
2025-03-24,035720,43350.0,43500.0,41550.0,41900.0,1792693.0
2025-03-25,035720,42100.0,42400.0,41750.0,42200.0,827099.0
2025-03-26,035720,42350.0,43050.0,41400.0,42900.0,1180900.0
2025-03-27,035720,42300.0,42350.0,41200.0,41600.0,1360153.0
2025-03-28,035720,41600.0,41650.0,40500.0,41150.0,728635.0
2025-03-31,035720,40250.0,40700.0,39100.0,39100.0,1711143.0
2025-04-01,035720,39600.0,42450.0,39600.0,42200.0,2570592.0
2025-04-02,035720,42300.0,42350.0,40700.0,40900.0,1549771.0
2025-04-03,035720,40000.0,42900.0,40000.0,42850.0,2508882.0
2025-04-04,035720,42600.0,44750.0,40950.0,41850.0,4844975.0
2025-04-07,035720,40450.0,41750.0,39500.0,40650.0,2124791.0
2025-04-08,035720,41450.0,41500.0,39000.0,39050.0,2588453.0
2025-04-09,035720,38250.0,39650.0,36950.0,37150.0,1861781.0
2025-04-10,035720,39100.0,40000.0,38200.0,40000.0,1977485.0
2025-04-11,035720,38750.0,39050.0,38200.0,39000.0,1364871.0
2025-04-14,035720,39150.0,39750.0,38950.0,39000.0,962491.0
2025-04-15,035720,39150.0,39350.0,38750.0,38850.0,1049886.0
2025-04-16,035720,38900.0,38950.0,37600.0,37750.0,1386130.0
2025-04-17,035720,37800.0,38400.0,37800.0,38200.0,845939.0
2025-04-18,035720,38300.0,39150.0,38100.0,39000.0,841087.0
2025-04-21,035720,39250.0,39350.0,38750.0,38900.0,464726.0
2025-04-22,035720,38550.0,40150.0,38425.0,39200.0,1247375.0
2025-04-23,035720,39650.0,39700.0,39150.0,39400.0,687852.0
2025-04-24,035720,39650.0,39775.0,39250.0,39450.0,497262.0
2025-04-25,035720,37850.0,38400.0,37150.0,37950.0,16562277.0
2025-04-28,035720,38500.0,38600.0,37950.0,38050.0,1779369.0
2025-04-29,035720,38200.0,38700.0,38100.0,38450.0,1787062.0
2025-04-30,035720,38300.0,38750.0,37750.0,38250.0,1857478.0
2025-05-02,035720,38150.0,38650.0,37950.0,38050.0,1350989.0
2025-05-07,035720,38350.0,38550.0,37800.0,38350.0,1891623.0
2025-05-08,035720,38200.0,38250.0,36900.0,37000.0,4639380.0
2025-05-09,035720,37150.0,37200.0,36850.0,36950.0,1076784.0
2025-05-12,035720,37100.0,38100.0,37050.0,38100.0,1737798.0
2025-05-13,035720,38150.0,38300.0,37400.0,37550.0,1270052.0
2025-05-14,035720,37700.0,38200.0,37300.0,37950.0,1623377.0
2025-05-15,035720,37750.0,37850.0,37250.0,37650.0,1346122.0
2025-05-16,035720,37650.0,37800.0,37300.0,37400.0,912660.0
2025-05-19,035720,37150.0,37200.0,36350.0,36450.0,1389926.0
2025-05-20,035720,36600.0,36850.0,36300.0,36550.0,1680015.0
2025-05-21,035720,36700.0,37950.0,36700.0,37450.0,1327371.0
2025-05-22,035720,37250.0,37650.0,36950.0,37250.0,884129.0
2025-05-23,035720,37250.0,37650.0,37000.0,37400.0,1081143.0
2025-05-26,035720,37400.0,39000.0,37100.0,39000.0,2676578.0
2025-05-27,035720,38700.0,41000.0,38550.0,40950.0,3448700.0
2025-05-28,035720,40950.0,42200.0,40250.0,41700.0,2787745.0
2025-05-29,035720,41550.0,44250.0,41550.0,44000.0,4644875.0
2025-05-30,035720,43650.0,43850.0,42650.0,42700.0,3539065.0
2025-06-02,035720,43200.0,43700.0,42400.0,43150.0,2075682.0
2025-06-04,035720,44100.0,44450.0,41050.0,41600.0,3838475.0
2025-06-05,035720,42000.0,44900.0,41850.0,44300.0,5070135.0
2025-06-09,035720,45950.0,51500.0,45700.0,51400.0,12784767.0
2025-06-10,035720,53300.0,53300.0,49000.0,50000.0,8896042.0
2025-06-11,035720,49100.0,52000.0,49100.0,51400.0,5300436.0
2025-06-12,035720,50800.0,51800.0,50300.0,50500.0,4071665.0
2025-06-13,035720,53700.0,53700.0,50700.0,51500.0,5408390.0
2025-06-16,035720,51300.0,53300.0,50800.0,53200.0,4949701.0
2025-06-17,035720,53800.0,54000.0,51200.0,51800.0,3981660.0
2025-06-18,035720,51600.0,55400.0,51600.0,55200.0,8380598.0
2025-06-19,035720,57300.0,61800.0,56800.0,60400.0,14753547.0
2025-06-20,035720,60100.0,67200.0,58600.0,66600.0,16754279.0
2025-06-23,035720,67000.0,68900.0,65600.0,67600.0,12708128.0
2025-06-24,035720,68100.0,71600.0,66000.0,70400.0,12083420.0
2025-06-25,035720,69400.0,70700.0,67200.0,69400.0,6399440.0
2025-06-26,035720,67500.0,67600.0,61100.0,63100.0,12516562.0
2025-06-27,035720,63000.0,63500.0,58900.0,60900.0,7751588.0
2025-06-30,035720,61200.0,62000.0,59500.0,60000.0,4067265.0
2025-07-01,035720,59900.0,63400.0,59300.0,60100.0,4862065.0
2025-07-02,035720,61000.0,61300.0,58100.0,58700.0,2974555.0
2025-07-03,035720,59200.0,61400.0,58800.0,59500.0,3330017.0
2025-07-04,035720,60000.0,60400.0,58300.0,58400.0,2125150.0
2025-07-07,035720,57600.0,61000.0,57500.0,60100.0,3213170.0
2025-07-08,035720,61400.0,61600.0,59900.0,60800.0,2354516.0
2025-07-09,035720,60700.0,61000.0,59500.0,60500.0,2152533.0
2025-07-10,035720,61000.0,61800.0,59700.0,60800.0,3149990.0
2025-07-11,035720,62000.0,62000.0,59900.0,60000.0,2465478.0
2025-07-14,035720,59500.0,59600.0,56500.0,58300.0,3469359.0
2025-07-15,035720,57400.0,58000.0,56300.0,57200.0,2979693.0
2025-07-16,035720,56900.0,57600.0,56000.0,56100.0,1844953.0
2025-07-17,035720,57500.0,59100.0,57000.0,57500.0,3318001.0
2025-07-18,035720,57700.0,57800.0,56100.0,56900.0,1334076.0
2025-07-21,035720,56700.0,57400.0,56400.0,56900.0,1111739.0
2025-07-22,035720,57100.0,57100.0,56100.0,56500.0,1274106.0
2025-07-23,035720,56700.0,56900.0,54100.0,55000.0,1861734.0
2025-07-24,035720,55500.0,55900.0,53500.0,54100.0,1968455.0
2025-07-25,035720,54000.0,55900.0,53700.0,55800.0,1822409.0
2025-07-28,035720,56800.0,57200.0,55400.0,55900.0,1437014.0
2025-07-29,035720,56300.0,56600.0,55300.0,56000.0,1272773.0
2025-07-30,035720,56300.0,58800.0,56000.0,56300.0,3314430.0
2025-07-31,035720,56500.0,58300.0,55800.0,58000.0,2062382.0
2025-08-01,035720,57200.0,57500.0,55300.0,55500.0,2256317.0
2025-08-04,035720,55000.0,59400.0,54700.0,55400.0,8113567.0
2025-08-05,035720,55800.0,55900.0,53300.0,54700.0,4343070.0
2025-08-06,035720,55400.0,57200.0,54100.0,56800.0,3966137.0
2025-08-07,035720,57900.0,63600.0,57400.0,63600.0,11910000.0
2025-08-08,035720,62500.0,65300.0,61700.0,63800.0,7219790.0
2025-08-11,035720,64200.0,65700.0,63500.0,64200.0,4002999.0
2025-08-12,035720,63800.0,64700.0,62700.0,63700.0,2620057.0
2025-08-13,035720,64600.0,64800.0,62100.0,63500.0,2791808.0
2025-08-14,035720,63000.0,65200.0,63000.0,64400.0,3339635.0
2025-08-18,035720,64800.0,65500.0,64000.0,65000.0,1926649.0
2025-08-19,035720,65500.0,66600.0,63700.0,65200.0,2712501.0
2025-08-20,035720,63800.0,65700.0,62300.0,65300.0,3436218.0
2025-08-21,035720,65900.0,67800.0,62900.0,64000.0,4221004.0
2025-08-22,035720,63400.0,64700.0,63100.0,63600.0,2234317.0
2025-08-25,035720,64100.0,64900.0,63500.0,64700.0,1853582.0
2025-08-26,035720,64100.0,65800.0,64000.0,65000.0,2393834.0
2025-08-27,035720,65500.0,65500.0,63600.0,64100.0,1845944.0
2025-08-28,035720,63800.0,64300.0,62800.0,63500.0,1229932.0
2025-08-29,035720,64000.0,64300.0,61900.0,62500.0,1704037.0
2025-09-01,035720,60600.0,62100.0,59500.0,61200.0,2491823.0
2025-09-02,035720,61700.0,62200.0,58200.0,59300.0,3661180.0
2025-09-03,035720,59600.0,60400.0,58600.0,58900.0,1641908.0
2025-09-04,035720,59000.0,59200.0,57400.0,58500.0,2592577.0
2025-09-05,035720,60000.0,60000.0,58500.0,58500.0,1536092.0
2025-09-08,035720,58700.0,60100.0,58600.0,59200.0,1665995.0
2025-09-09,035720,59700.0,59700.0,59000.0,59600.0,1361280.0
2025-09-10,035720,60000.0,60800.0,59600.0,59900.0,1665136.0
2025-09-11,035720,60300.0,60600.0,59700.0,59900.0,1793242.0
2025-09-12,035720,60500.0,66000.0,60200.0,65500.0,6828797.0
2025-09-15,035720,65000.0,65000.0,63700.0,64000.0,2370450.0
2025-09-16,035720,64600.0,64700.0,62600.0,62900.0,2130735.0
2025-09-17,035720,63000.0,63300.0,62400.0,62500.0,992359.0
2025-09-18,035720,63200.0,65100.0,62900.0,64700.0,2541491.0
2025-09-19,035720,64800.0,68500.0,64700.0,67000.0,5009911.0
2025-09-22,035720,67500.0,67600.0,65600.0,66400.0,2276896.0
2025-09-23,035720,66700.0,66700.0,62600.0,63300.0,4850268.0
2025-09-24,035720,64600.0,65200.0,62600.0,62800.0,2786106.0
2025-09-25,035720,62300.0,64000.0,62200.0,63200.0,2815412.0
2025-09-26,035720,62400.0,62500.0,59100.0,59300.0,4899137.0
2025-09-29,035720,59400.0,60700.0,58800.0,60300.0,3131452.0
2025-09-30,035720,62000.0,62000.0,59600.0,59600.0,2019879.0
2025-10-01,035720,59800.0,61100.0,59800.0,60000.0,1644566.0
2025-10-02,035720,60400.0,60800.0,59600.0,59600.0,2321148.0
2025-10-10,035720,60500.0,62100.0,60400.0,62100.0,2984964.0
2025-10-13,035720,60700.0,60700.0,59600.0,59800.0,2615559.0
2025-10-14,035720,60300.0,61300.0,59400.0,59600.0,2138963.0
2025-10-15,035720,59700.0,60200.0,59100.0,59200.0,1659217.0
2025-10-16,035720,59200.0,59900.0,58200.0,58600.0,2296149.0
2025-10-17,035720,58600.0,59500.0,57900.0,58000.0,2052888.0
2025-10-20,035720,58100.0,59000.0,56900.0,58800.0,1646974.0
2025-10-21,035720,59200.0,63000.0,59000.0,62300.0,6975312.0
2025-10-22,035720,62800.0,62900.0,60000.0,60900.0,2244634.0
2025-10-23,035720,60200.0,60300.0,59000.0,59000.0,2234207.0
2025-10-24,035720,59700.0,59700.0,59000.0,59200.0,1101507.0
2025-10-27,035720,59500.0,61500.0,59200.0,60900.0,2592815.0
2025-10-28,035720,61900.0,64300.0,61300.0,63700.0,5224554.0
2025-10-29,035720,63800.0,69700.0,63100.0,67700.0,11877149.0
2025-10-30,035720,68000.0,68100.0,63200.0,63500.0,5185767.0
2025-10-31,035720,64700.0,66300.0,64600.0,65100.0,3412818.0
2025-11-03,035720,66600.0,66900.0,64000.0,64500.0,3029755.0
2025-11-04,035720,64700.0,65500.0,63800.0,64200.0,1815606.0
2025-11-05,035720,64800.0,65600.0,60500.0,62700.0,5643655.0
2025-11-06,035720,63300.0,64000.0,60200.0,60700.0,4335582.0
2025-11-07,035720,61600.0,65400.0,60800.0,62800.0,9719245.0
2025-11-10,035720,63400.0,66400.0,62200.0,62300.0,7999819.0
2025-11-11,035720,62500.0,66700.0,62500.0,64100.0,12337247.0
2025-11-12,035720,64700.0,64800.0,63500.0,63800.0,3227242.0
2025-11-13,035720,63600.0,64200.0,62700.0,63700.0,3253680.0
2025-11-14,035720,62400.0,63200.0,61000.0,61400.0,3530001.0
2025-11-17,035720,61700.0,62000.0,60500.0,60700.0,2541985.0
2025-11-18,035720,60300.0,60900.0,57200.0,57500.0,5810827.0
2025-11-19,035720,57800.0,58800.0,56600.0,58200.0,2946680.0
2025-11-20,035720,59200.0,59600.0,58600.0,59100.0,2269237.0
2025-11-21,035720,57600.0,59300.0,57100.0,58700.0,2528224.0
2025-11-24,035720,59300.0,59500.0,57600.0,58800.0,2217014.0
2025-11-25,035720,59600.0,59700.0,57600.0,58000.0,1912277.0
2025-11-26,035720,58500.0,61000.0,58200.0,61000.0,3312601.0
2025-11-27,035720,60900.0,61200.0,59700.0,59700.0,1632051.0
2025-11-28,035720,59900.0,59900.0,58600.0,58700.0,1603848.0
2025-12-01,035720,58900.0,60300.0,58900.0,59500.0,1811973.0
2025-12-02,035720,59600.0,59800.0,58800.0,59500.0,1158789.0
2025-12-03,035720,59800.0,61300.0,59800.0,60600.0,2256089.0
2025-12-04,035720,60200.0,60500.0,59500.0,60200.0,1262524.0
2025-12-05,035720,60000.0,61500.0,60000.0,61500.0,2164350.0
2025-12-08,035720,61700.0,62700.0,61200.0,62000.0,2032027.0
2025-12-09,035720,61800.0,61800.0,60800.0,60800.0,1385209.0
2025-12-10,035720,60900.0,60900.0,59200.0,59200.0,2378957.0
2025-12-11,035720,59500.0,59700.0,58500.0,59200.0,2510659.0
2025-12-12,035720,59400.0,59800.0,58800.0,59800.0,1252395.0
2025-12-15,035720,59000.0,60900.0,58500.0,59600.0,1648246.0
2025-12-16,035720,59100.0,59600.0,57600.0,57900.0,2297669.0
2025-12-17,035720,58200.0,58300.0,57000.0,57000.0,1746055.0
2025-12-18,035720,56000.0,57900.0,55500.0,57100.0,1453355.0
2025-12-19,035720,58000.0,58400.0,57500.0,58200.0,1440858.0
2025-12-22,035720,58800.0,59300.0,58300.0,58700.0,1454365.0
2025-12-23,035720,58700.0,59500.0,58300.0,59000.0,1324562.0
2025-12-24,035720,59300.0,60000.0,58600.0,59800.0,1948824.0
2025-12-26,035720,59800.0,60000.0,58000.0,58100.0,1880555.0
2025-12-29,035720,57600.0,61200.0,57600.0,61200.0,3682579.0
2025-12-30,035720,60900.0,61500.0,60000.0,60100.0,1472867.0
2026-01-02,035720,60100.0,62500.0,59200.0,62100.0,2903206.0
2026-01-05,035720,62500.0,63800.0,62100.0,62800.0,2289841.0
2026-01-06,035720,62500.0,64200.0,61800.0,63800.0,2772246.0
2026-01-07,035720,63200.0,63600.0,58700.0,59300.0,6117494.0
2026-01-08,035720,59500.0,59800.0,57800.0,57800.0,3659666.0
2026-01-09,035720,58300.0,58400.0,57600.0,58200.0,1851838.0
2026-01-12,035720,58300.0,58500.0,57700.0,58200.0,1915854.0
2026-01-13,035720,58800.0,59300.0,58200.0,59300.0,1855912.0
2026-01-14,035720,59500.0,59500.0,58200.0,58800.0,1586704.0
2026-01-15,035720,58500.0,59500.0,58300.0,58500.0,1963363.0
2026-01-16,035720,58400.0,58500.0,57100.0,57300.0,2844292.0
2026-01-19,035720,57500.0,57500.0,56500.0,56600.0,2189567.0
2026-01-20,035720,57300.0,59200.0,57300.0,59000.0,2772592.0
2026-01-21,035720,57900.0,58200.0,56900.0,57300.0,2013702.0
2026-01-22,035720,57600.0,58700.0,57000.0,58400.0,2364798.0
2026-01-23,035720,58500.0,61300.0,58300.0,61000.0,7214439.0
2026-01-26,035720,62300.0,62400.0,60300.0,61800.0,4143093.0
2026-01-27,035720,61400.0,63400.0,61200.0,62200.0,4016704.0
2026-01-28,035720,62500.0,63000.0,60850.0,61800.0,3496009.0
2026-01-29,035720,61400.0,62800.0,60600.0,61800.0,3199995.0
2026-01-30,035720,62500.0,63200.0,61200.0,61400.0,3375524.0
2026-02-02,035720,60500.0,61200.0,58000.0,58400.0,2860783.0
2026-02-03,035720,59600.0,59700.0,58200.0,59200.0,1997907.0
2026-02-04,035720,58700.0,58800.0,58000.0,58500.0,2530890.0
2026-02-05,035720,58700.0,59900.0,58000.0,58200.0,2892778.0
2026-02-06,035720,57500.0,57700.0,55500.0,56200.0,3889924.0
2026-02-09,035720,57400.0,58400.0,56800.0,57500.0,1879959.0
2026-02-10,035720,58000.0,59100.0,57700.0,58300.0,1863119.0
2026-02-11,035720,58700.0,59100.0,58200.0,58900.0,1673583.0
2026-02-12,035720,61900.0,63400.0,58800.0,58800.0,7889505.0
2026-02-13,035720,59100.0,59300.0,57300.0,57400.0,3156946.0
2026-02-19,035720,58200.0,58300.0,57400.0,57600.0,1988817.0
2026-02-20,035720,57800.0,58900.0,57700.0,57900.0,1950669.0
2026-02-23,035720,58600.0,58600.0,57800.0,58100.0,1657993.0
2026-02-24,035720,58100.0,58400.0,57700.0,57900.0,1803888.0
2026-02-25,035720,58000.0,58000.0,57200.0,57400.0,2078203.0
2026-02-26,035720,58700.0,62300.0,58600.0,61400.0,9617787.0
2026-02-27,035720,61300.0,64500.0,60500.0,62300.0,7242478.0
2026-03-03,035720,60900.0,61400.0,56100.0,56200.0,6691339.0
2026-03-04,035720,53200.0,54300.0,47050.0,47050.0,6214956.0
2026-03-05,035720,51200.0,52400.0,50300.0,51200.0,3724178.0
2026-03-06,035720,50500.0,54400.0,50500.0,53600.0,2823937.0
2026-03-09,035720,50100.0,50500.0,48800.0,50400.0,2045023.0
2026-03-10,035720,51800.0,52500.0,50900.0,51800.0,1860754.0
2026-03-11,035720,52500.0,53200.0,50600.0,50900.0,1975641.0
2026-03-12,035720,50900.0,51200.0,50100.0,50400.0,1596311.0
2026-03-13,035720,49300.0,50900.0,49200.0,50600.0,1196401.0
2026-03-16,035720,50900.0,51300.0,50000.0,50200.0,1248665.0
2026-03-17,035720,51100.0,52000.0,50800.0,51300.0,1021895.0
2026-03-18,035720,52000.0,52000.0,50900.0,51500.0,1814895.0
2026-03-19,035720,50300.0,50400.0,49900.0,50000.0,1164390.0
2026-03-20,035720,50100.0,50600.0,49900.0,50000.0,1270502.0
2026-03-23,035720,48900.0,48950.0,46900.0,46900.0,2105077.0
2026-03-24,035720,48300.0,49050.0,47000.0,48200.0,1301472.0
2026-03-25,035720,49650.0,50300.0,48850.0,49050.0,1232140.0
2026-03-26,035720,49400.0,49850.0,48450.0,48650.0,1231315.0
2026-03-27,035720,47550.0,48800.0,46950.0,48800.0,1271649.0
2026-03-30,035720,46850.0,47600.0,46450.0,47100.0,1053235.0
2026-03-31,035720,46400.0,46800.0,45500.0,45800.0,1706215.0
2026-04-01,035720,47200.0,48500.0,46600.0,48250.0,1269138.0
2026-04-02,035720,48650.0,48900.0,45100.0,45400.0,1527044.0
2026-04-03,035720,46300.0,46450.0,45050.0,45200.0,1076743.0
2026-04-06,035720,45000.0,45450.0,44000.0,44850.0,1223887.0
2026-04-07,035720,45050.0,47250.0,45050.0,46400.0,1991813.0
2026-04-08,035720,48400.0,48600.0,47250.0,47850.0,1615185.0
2026-04-09,035720,47900.0,47950.0,47000.0,47300.0,1128075.0
2026-04-10,035720,47550.0,47900.0,47300.0,47700.0,691399.0
2026-04-13,035720,46550.0,47400.0,46300.0,47000.0,829991.0
2026-04-14,035720,48050.0,48900.0,47950.0,48100.0,1049751.0
2026-04-15,035720,49100.0,50300.0,48850.0,49600.0,1413990.0
2026-04-16,035720,50600.0,51200.0,50200.0,50600.0,1290032.0
2026-04-17,035720,50700.0,50700.0,49700.0,50000.0,890443.0
2026-04-20,035720,49850.0,49850.0,48850.0,48850.0,1125279.0
2026-04-21,035720,49150.0,49250.0,48500.0,48950.0,1316511.0
2026-04-22,035720,48750.0,48900.0,48100.0,48450.0,1143499.0
2026-04-23,035720,49400.0,49600.0,47800.0,48400.0,1658254.0
2026-04-24,035720,48150.0,48200.0,47700.0,48050.0,1064052.0
2026-04-27,035720,48250.0,49150.0,48250.0,48450.0,1436742.0
2026-04-28,035720,48500.0,49350.0,48350.0,48850.0,1274968.0
2026-04-29,035720,48850.0,49000.0,48000.0,48400.0,1123582.0
2026-04-30,035720,48500.0,48550.0,47050.0,47300.0,1484406.0
2026-05-04,035720,47700.0,47850.0,46900.0,47100.0,1520475.0
2026-05-06,035720,47100.0,47900.0,46200.0,46300.0,2392733.0
2026-05-07,035720,47250.0,47500.0,45000.0,45250.0,3342858.0
2026-05-08,035720,45950.0,47400.0,45600.0,46000.0,3381737.0
2026-05-11,035720,46350.0,46400.0,44600.0,44700.0,2628330.0
2026-05-12,035720,45000.0,45100.0,42650.0,43550.0,2900712.0
2026-05-13,035720,43950.0,44500.0,42300.0,42950.0,2337765.0
2026-05-14,035720,43000.0,45950.0,43000.0,45950.0,3640858.0
2026-05-15,035720,46400.0,46400.0,43300.0,44000.0,2235112.0
2026-05-18,035720,43750.0,43750.0,41600.0,42450.0,1876958.0
2026-05-19,035720,42350.0,43350.0,40950.0,41600.0,1545131.0
2026-05-20,035720,41850.0,42400.0,39800.0,40150.0,2019858.0
2026-05-21,035720,40550.0,42100.0,40500.0,41800.0,1732522.0
2026-05-22,035720,42000.0,42600.0,41450.0,41850.0,1413790.0
2026-05-26,035720,42300.0,42350.0,40950.0,41450.0,1507976.0
2026-05-27,035720,41000.0,41350.0,40150.0,40500.0,1652378.0
2026-05-28,035720,40300.0,41300.0,38500.0,40100.0,2571868.0
2026-05-29,035720,40450.0,44000.0,40450.0,41950.0,7448112.0
2026-06-01,035720,43000.0,48500.0,41300.0,42700.0,11795777.0
2026-06-02,035720,43300.0,43300.0,41100.0,42550.0,3434966.0
2026-06-04,035720,41850.0,42750.0,41350.0,42000.0,2029148.0
2026-06-05,035720,41250.0,41500.0,39800.0,40250.0,1968515.0
2026-06-08,035720,37850.0,39800.0,37750.0,38600.0,2625755.0
2026-06-09,035720,38850.0,40100.0,38700.0,39500.0,2013579.0
2026-06-10,035720,38700.0,39100.0,37400.0,38150.0,2127595.0
2026-06-11,035720,37150.0,39700.0,36500.0,39300.0,2013343.0
2026-06-12,035720,41350.0,43000.0,40300.0,41500.0,4079208.0
2026-06-15,035720,41600.0,41700.0,40550.0,40750.0,1908601.0
2026-06-16,035720,41100.0,41400.0,40450.0,40450.0,1427296.0
2026-06-17,035720,40500.0,41250.0,39600.0,40550.0,1138416.0
2026-06-18,035720,40200.0,40200.0,39250.0,39300.0,1196377.0
2026-06-19,035720,39300.0,39700.0,37500.0,37750.0,2414692.0
2026-06-22,035720,38250.0,38500.0,36800.0,36800.0,1352403.0
2026-06-23,035720,36550.0,37100.0,34250.0,34250.0,1929040.0
2026-06-24,035720,34100.0,34600.0,33500.0,34000.0,1655613.0
2026-06-25,035720,34450.0,35800.0,34200.0,34250.0,1678291.0
2026-06-26,035720,34550.0,34600.0,32250.0,33150.0,1776988.0
2026-06-29,035720,33050.0,36300.0,32600.0,35850.0,1802862.0
2026-06-30,035720,35800.0,35900.0,34550.0,34550.0,1238767.0
2026-07-01,035720,35350.0,36100.0,34400.0,34800.0,1541412.0
2026-07-02,035720,34800.0,36350.0,33800.0,35250.0,2227923.0
2026-07-03,035720,35950.0,36250.0,33850.0,35500.0,1867705.0
2026-07-06,035720,35500.0,36300.0,34850.0,35600.0,1289188.0
2026-07-07,035720,35600.0,35950.0,34400.0,35400.0,1704255.0
2026-07-08,035720,35450.0,35950.0,33400.0,34650.0,2205415.0
2026-07-09,035720,34700.0,35100.0,33400.0,33650.0,1897906.0
2026-07-10,035720,34150.0,36350.0,34150.0,35350.0,2167200.0
2026-07-13,035720,35400.0,36100.0,34450.0,34750.0,1677515.0
2026-07-14,035720,35050.0,35050.0,33700.0,33850.0,2147915.0
2026-07-15,035720,34600.0,35950.0,34550.0,34900.0,1890167.0
2026-07-16,035720,34700.0,36450.0,34150.0,35900.0,2680070.0
2025-01-15,051910,245000.0,247500.0,239500.0,240000.0,182124.0
2025-01-16,051910,244000.0,248000.0,243000.0,244000.0,187927.0
2025-01-17,051910,242000.0,247000.0,240000.0,243500.0,183472.0
2025-01-20,051910,247000.0,253500.0,246500.0,252500.0,246145.0
2025-01-21,051910,250500.0,252500.0,238000.0,240500.0,260411.0
2025-01-22,051910,242000.0,249000.0,241500.0,246000.0,203935.0
2025-01-23,051910,244500.0,244500.0,239500.0,240500.0,174612.0
2025-01-24,051910,241000.0,242500.0,237000.0,239500.0,205167.0
2025-01-31,051910,242000.0,242000.0,236000.0,237500.0,257381.0
2025-02-03,051910,234500.0,234500.0,221500.0,222000.0,339676.0
2025-02-04,051910,222500.0,223000.0,211500.0,213000.0,670959.0
2025-02-05,051910,213500.0,224500.0,213500.0,221500.0,499007.0
2025-02-06,051910,219500.0,222000.0,217000.0,222000.0,224642.0
2025-02-07,051910,220000.0,224500.0,216000.0,217000.0,322872.0
2025-02-10,051910,214000.0,222000.0,208000.0,221000.0,437549.0
2025-02-11,051910,222000.0,226000.0,218000.0,221500.0,205949.0
2025-02-12,051910,222500.0,225500.0,218500.0,220000.0,209801.0
2025-02-13,051910,220500.0,231000.0,220500.0,229500.0,486366.0
2025-02-14,051910,231000.0,232000.0,226500.0,227500.0,201032.0
2025-02-17,051910,227500.0,241500.0,227500.0,237500.0,342695.0
2025-02-18,051910,238000.0,240500.0,236500.0,239000.0,192906.0
2025-02-19,051910,238000.0,249500.0,238000.0,245500.0,342081.0
2025-02-20,051910,245000.0,250000.0,244000.0,246500.0,296350.0
2025-02-21,051910,246500.0,254000.0,244500.0,251000.0,289285.0
2025-02-24,051910,249000.0,258000.0,247500.0,255500.0,245505.0
2025-02-25,051910,253500.0,255000.0,248000.0,248500.0,196297.0
2025-02-26,051910,245000.0,254000.0,245000.0,252000.0,190782.0
2025-02-27,051910,250500.0,252500.0,247500.0,251000.0,147558.0
2025-02-28,051910,245500.0,246500.0,233000.0,234500.0,498771.0
2025-03-04,051910,231000.0,232500.0,225500.0,227500.0,344750.0
2025-03-05,051910,229500.0,235500.0,223500.0,230500.0,307884.0
2025-03-06,051910,233000.0,240000.0,231000.0,233000.0,201278.0
2025-03-07,051910,229500.0,255500.0,228000.0,250500.0,762489.0
2025-03-10,051910,254000.0,254500.0,240500.0,247000.0,306897.0
2025-03-11,051910,237500.0,246000.0,236000.0,238000.0,247839.0
2025-03-12,051910,240000.0,253500.0,238000.0,251000.0,309456.0
2025-03-13,051910,254000.0,254000.0,242500.0,242500.0,311370.0
2025-03-14,051910,242500.0,245500.0,230000.0,231000.0,402574.0
2025-03-17,051910,233500.0,240500.0,232500.0,235000.0,214597.0
2025-03-18,051910,237500.0,243000.0,231500.0,231500.0,222768.0
2025-03-19,051910,237000.0,251500.0,236500.0,242000.0,611502.0
2025-03-20,051910,246000.0,262000.0,245000.0,257000.0,673739.0
2025-03-21,051910,259000.0,263500.0,246500.0,261500.0,625338.0
2025-03-24,051910,261500.0,267000.0,258000.0,264500.0,402599.0
2025-03-25,051910,265000.0,268500.0,258000.0,259500.0,255202.0
2025-03-26,051910,262000.0,274500.0,261000.0,272000.0,412341.0
2025-03-27,051910,267000.0,276000.0,267000.0,269000.0,281035.0
2025-03-28,051910,271500.0,272500.0,258000.0,259000.0,271423.0
2025-03-31,051910,251500.0,253500.0,243500.0,245000.0,376594.0
2025-04-01,051910,248500.0,251500.0,238500.0,244000.0,275259.0
2025-04-02,051910,244500.0,246000.0,229500.0,232500.0,357276.0
2025-04-03,051910,224000.0,227500.0,221000.0,223000.0,311765.0
2025-04-04,051910,219000.0,231000.0,219000.0,229500.0,308054.0
2025-04-07,051910,215500.0,221000.0,212500.0,213500.0,457294.0
2025-04-08,051910,218000.0,220000.0,210000.0,211500.0,323215.0
2025-04-09,051910,209000.0,215500.0,202500.0,203500.0,431181.0
2025-04-10,051910,217500.0,227000.0,210500.0,225500.0,507522.0
2025-04-11,051910,219500.0,222500.0,216000.0,221500.0,221809.0
2025-04-14,051910,224000.0,233000.0,224000.0,224500.0,184201.0
2025-04-15,051910,223000.0,226000.0,219500.0,225000.0,160219.0
2025-04-16,051910,226500.0,230000.0,219500.0,220000.0,182493.0
2025-04-17,051910,218500.0,223000.0,216500.0,221000.0,173257.0
2025-04-18,051910,222000.0,222500.0,218000.0,220500.0,121724.0
2025-04-21,051910,219500.0,222000.0,215500.0,217500.0,139454.0
2025-04-22,051910,216000.0,220500.0,214500.0,215500.0,156321.0
2025-04-23,051910,220000.0,226000.0,217500.0,224000.0,293033.0
2025-04-24,051910,225000.0,225000.0,218000.0,223000.0,163801.0
2025-04-25,051910,225000.0,229000.0,222500.0,224500.0,201389.0
2025-04-28,051910,226000.0,227000.0,221000.0,221000.0,246442.0
2025-04-29,051910,223000.0,227000.0,221500.0,225500.0,181044.0
2025-04-30,051910,225000.0,225000.0,215000.0,216000.0,252764.0
2025-05-02,051910,216000.0,217500.0,207000.0,210000.0,377264.0
2025-05-07,051910,212500.0,213000.0,206500.0,208000.0,369484.0
2025-05-08,051910,208000.0,211500.0,207500.0,209000.0,371941.0
2025-05-09,051910,210000.0,210000.0,205000.0,205500.0,253846.0
2025-05-12,051910,207000.0,210500.0,206000.0,210500.0,139178.0
2025-05-13,051910,211000.0,211000.0,202000.0,203000.0,460327.0
2025-05-14,051910,204000.0,205000.0,199900.0,203500.0,247404.0
2025-05-15,051910,202500.0,204500.0,201000.0,202500.0,133796.0
2025-05-16,051910,203500.0,204000.0,193500.0,193600.0,529240.0
2025-05-19,051910,193000.0,200500.0,193000.0,195800.0,333557.0
2025-05-20,051910,197000.0,197300.0,189000.0,189700.0,403320.0
2025-05-21,051910,189600.0,192000.0,187600.0,188000.0,379736.0
2025-05-22,051910,187200.0,190000.0,182600.0,186700.0,351583.0
2025-05-23,051910,187100.0,189700.0,182300.0,182400.0,220685.0
2025-05-26,051910,181500.0,188500.0,181500.0,187700.0,224084.0
2025-05-27,051910,185800.0,186700.0,182000.0,182900.0,223128.0
2025-05-28,051910,184100.0,194600.0,183950.0,193900.0,431738.0
2025-05-29,051910,194200.0,202500.0,192200.0,199300.0,413246.0
2025-05-30,051910,197700.0,199500.0,193900.0,197300.0,500660.0
2025-06-02,051910,197500.0,198200.0,193900.0,195300.0,157923.0
2025-06-04,051910,197300.0,202500.0,197200.0,198700.0,281974.0
2025-06-05,051910,199200.0,204000.0,197500.0,201500.0,240315.0
2025-06-09,051910,203000.0,203500.0,198700.0,201500.0,315511.0
2025-06-10,051910,203000.0,212500.0,202000.0,206500.0,407152.0
2025-06-11,051910,210000.0,214000.0,205000.0,208500.0,289528.0
2025-06-12,051910,207000.0,213000.0,206500.0,210500.0,446626.0
2025-06-13,051910,211000.0,213500.0,206500.0,208500.0,298877.0
2025-06-16,051910,208000.0,208500.0,201000.0,205500.0,250900.0
2025-06-17,051910,207500.0,211500.0,204000.0,207000.0,262029.0
2025-06-18,051910,204500.0,209500.0,204000.0,207500.0,216329.0
2025-06-19,051910,208500.0,210000.0,204000.0,206000.0,203413.0
2025-06-20,051910,206500.0,213500.0,205000.0,211500.0,389198.0
2025-06-23,051910,207500.0,208000.0,200500.0,202500.0,280173.0
2025-06-24,051910,207500.0,216000.0,206500.0,211000.0,372374.0
2025-06-25,051910,213500.0,214000.0,210000.0,212500.0,178210.0
2025-06-26,051910,213500.0,218000.0,211000.0,216000.0,313116.0
2025-06-27,051910,217000.0,218000.0,208000.0,209000.0,227948.0
2025-06-30,051910,211000.0,215500.0,210000.0,211500.0,173180.0
2025-07-01,051910,213000.0,236000.0,212000.0,229000.0,810916.0
2025-07-02,051910,227000.0,241500.0,226500.0,240000.0,627281.0
2025-07-03,051910,248000.0,262500.0,246500.0,257000.0,1201428.0
2025-07-04,051910,251000.0,268500.0,245000.0,264500.0,706352.0
2025-07-07,051910,267500.0,270500.0,257000.0,258500.0,514957.0
2025-07-08,051910,255000.0,264250.0,253000.0,254500.0,355808.0
2025-07-09,051910,258000.0,266500.0,256000.0,260000.0,294670.0
2025-07-10,051910,264500.0,275000.0,264000.0,274000.0,622092.0
2025-07-11,051910,277000.0,278500.0,270500.0,272000.0,359580.0
2025-07-14,051910,272500.0,277500.0,269500.0,273500.0,208053.0
2025-07-15,051910,273000.0,274000.0,265500.0,273000.0,256242.0
2025-07-16,051910,271000.0,272500.0,262000.0,263500.0,327945.0
2025-07-17,051910,265500.0,272500.0,264000.0,269500.0,318854.0
2025-07-18,051910,272500.0,277500.0,270000.0,272500.0,244314.0
2025-07-21,051910,273000.0,293000.0,271000.0,287000.0,575916.0
2025-07-22,051910,292000.0,299000.0,287000.0,289000.0,418076.0
2025-07-23,051910,296000.0,301000.0,289000.0,291000.0,431760.0
2025-07-24,051910,288500.0,305000.0,287500.0,305000.0,546808.0
2025-07-25,051910,305000.0,308000.0,299000.0,307000.0,382336.0
2025-07-28,051910,309500.0,318500.0,309500.0,313000.0,312827.0
2025-07-29,051910,306500.0,309000.0,298500.0,308000.0,384643.0
2025-07-30,051910,304500.0,308500.0,300500.0,306000.0,323896.0
2025-07-31,051910,315500.0,322500.0,297500.0,301500.0,422313.0
2025-08-01,051910,294500.0,302000.0,287000.0,290000.0,385496.0
2025-08-04,051910,294000.0,294500.0,284000.0,289500.0,268894.0
2025-08-05,051910,293000.0,302000.0,292000.0,298000.0,277568.0
2025-08-06,051910,296000.0,307000.0,295000.0,301000.0,265521.0
2025-08-07,051910,303500.0,303500.0,292000.0,292500.0,257418.0
2025-08-08,051910,292000.0,292500.0,271000.0,276500.0,625417.0
2025-08-11,051910,274500.0,279000.0,273500.0,277500.0,233130.0
2025-08-12,051910,275000.0,280000.0,273500.0,275500.0,162707.0
2025-08-13,051910,278000.0,279500.0,269500.0,279500.0,413119.0
2025-08-14,051910,280000.0,282500.0,277500.0,282500.0,214283.0
2025-08-18,051910,280000.0,283500.0,274500.0,276000.0,187334.0
2025-08-19,051910,276500.0,279500.0,272500.0,277500.0,185341.0
2025-08-20,051910,277000.0,286500.0,277000.0,283500.0,367843.0
2025-08-21,051910,287000.0,302500.0,283000.0,293000.0,511584.0
2025-08-22,051910,294000.0,296000.0,286000.0,287500.0,189281.0
2025-08-25,051910,290000.0,293000.0,285000.0,292500.0,162261.0
2025-08-26,051910,291000.0,296500.0,289000.0,289500.0,211149.0
2025-08-27,051910,290500.0,290500.0,285000.0,286500.0,119955.0
2025-08-28,051910,287000.0,292500.0,280000.0,281500.0,172022.0
2025-08-29,051910,284000.0,286000.0,276000.0,277500.0,202049.0
2025-09-01,051910,275000.0,275000.0,270000.0,271500.0,135526.0
2025-09-02,051910,271000.0,272000.0,264500.0,269500.0,175907.0
2025-09-03,051910,269500.0,273000.0,268500.0,270000.0,94431.0
2025-09-04,051910,274000.0,279500.0,273000.0,278000.0,152241.0
2025-09-05,051910,278000.0,278500.0,272500.0,274500.0,136324.0
2025-09-08,051910,271000.0,277000.0,271000.0,275500.0,98768.0
2025-09-09,051910,280500.0,296000.0,275500.0,293000.0,510456.0
2025-09-10,051910,290500.0,292500.0,285500.0,287000.0,224616.0
2025-09-11,051910,288500.0,290000.0,285500.0,290000.0,230401.0
2025-09-12,051910,293000.0,293000.0,288000.0,290000.0,187098.0
2025-09-15,051910,288500.0,301500.0,288500.0,293500.0,292193.0
2025-09-16,051910,295000.0,300500.0,286500.0,288000.0,320132.0
2025-09-17,051910,289500.0,294500.0,287500.0,292000.0,142980.0
2025-09-18,051910,293500.0,306500.0,289500.0,301000.0,301884.0
2025-09-19,051910,299500.0,303000.0,291000.0,291000.0,343090.0
2025-09-22,051910,293500.0,302000.0,293000.0,295000.0,159506.0
2025-09-23,051910,295000.0,300500.0,293000.0,298500.0,157221.0
2025-09-24,051910,300000.0,300500.0,285500.0,286000.0,238319.0
2025-09-25,051910,287000.0,292500.0,286000.0,292500.0,205795.0
2025-09-26,051910,289500.0,291000.0,280500.0,282500.0,227238.0
2025-09-29,051910,285000.0,285500.0,275500.0,280000.0,186592.0
2025-09-30,051910,278500.0,284500.0,277500.0,278000.0,165726.0
2025-10-01,051910,279000.0,283000.0,275000.0,281500.0,141779.0
2025-10-02,051910,286000.0,288000.0,277500.0,277500.0,301239.0
2025-10-10,051910,282000.0,287500.0,277500.0,279000.0,288939.0
2025-10-13,051910,278000.0,282000.0,271500.0,282000.0,245693.0
2025-10-14,051910,280000.0,299500.0,280000.0,296500.0,479724.0
2025-10-15,051910,295000.0,295500.0,291000.0,294000.0,172127.0
2025-10-16,051910,294500.0,312000.0,294500.0,312000.0,557451.0
2025-10-17,051910,309500.0,350000.0,308500.0,339000.0,1150682.0
2025-10-20,051910,337500.0,350000.0,333500.0,347500.0,449112.0
2025-10-21,051910,343000.0,354000.0,341000.0,346000.0,357271.0
2025-10-22,051910,356000.0,395500.0,351000.0,391000.0,1575365.0
2025-10-23,051910,406500.0,408000.0,387000.0,389500.0,892900.0
2025-10-24,051910,386000.0,410000.0,383000.0,401000.0,811185.0
2025-10-27,051910,402500.0,407500.0,391000.0,404000.0,447924.0
2025-10-28,051910,399000.0,414500.0,395500.0,413500.0,503165.0
2025-10-29,051910,412500.0,422000.0,409500.0,417000.0,432477.0
2025-10-30,051910,412000.0,423500.0,400000.0,405000.0,439474.0
2025-10-31,051910,393500.0,400500.0,389000.0,397500.0,501518.0
2025-11-03,051910,399000.0,401000.0,385500.0,393000.0,345947.0
2025-11-04,051910,400000.0,409000.0,391000.0,395000.0,294129.0
2025-11-05,051910,395500.0,401000.0,373000.0,385000.0,436160.0
2025-11-06,051910,393000.0,405500.0,385500.0,385500.0,441659.0
2025-11-07,051910,389000.0,394000.0,375000.0,382000.0,259098.0
2025-11-10,051910,385500.0,401000.0,375500.0,397000.0,290167.0
2025-11-11,051910,401500.0,405000.0,392500.0,399500.0,396621.0
2025-11-12,051910,402500.0,404000.0,390000.0,393500.0,401469.0
2025-11-13,051910,393500.0,428500.0,393500.0,419500.0,676571.0
2025-11-14,051910,406500.0,420000.0,403000.0,407500.0,338108.0
2025-11-17,051910,413000.0,419500.0,398000.0,402000.0,264512.0
2025-11-18,051910,398000.0,405500.0,386500.0,388000.0,333994.0
2025-11-19,051910,394000.0,398500.0,378000.0,390500.0,206165.0
2025-11-20,051910,397500.0,399000.0,388500.0,388500.0,174417.0
2025-11-21,051910,377500.0,378000.0,362750.0,367000.0,315503.0
2025-11-24,051910,369000.0,370500.0,355000.0,358500.0,319529.0
2025-11-25,051910,365000.0,369000.0,359500.0,363000.0,251051.0
2025-11-26,051910,369500.0,397500.0,369000.0,397000.0,504358.0
2025-11-27,051910,394500.0,402500.0,386000.0,395500.0,457285.0
2025-11-28,051910,396500.0,396500.0,373000.0,374000.0,401535.0
2025-12-01,051910,378000.0,383500.0,367000.0,372000.0,213121.0
2025-12-02,051910,374500.0,376500.0,367500.0,371500.0,178062.0
2025-12-03,051910,373000.0,383000.0,372500.0,380000.0,193648.0
2025-12-04,051910,380000.0,383000.0,373500.0,376000.0,229061.0
2025-12-05,051910,376500.0,382000.0,372000.0,381500.0,275857.0
2025-12-08,051910,384000.0,387000.0,377500.0,386500.0,237724.0
2025-12-09,051910,383500.0,385000.0,378000.0,379500.0,176352.0
2025-12-10,051910,384500.0,388500.0,373500.0,376000.0,192669.0
2025-12-11,051910,379500.0,380500.0,365500.0,365500.0,278618.0
2025-12-12,051910,370000.0,373000.0,366500.0,371500.0,173965.0
2025-12-15,051910,362000.0,377000.0,361500.0,369000.0,150033.0
2025-12-16,051910,369500.0,370000.0,351500.0,354000.0,258691.0
2025-12-17,051910,356500.0,365000.0,354500.0,364000.0,182526.0
2025-12-18,051910,344000.0,347000.0,332500.0,333000.0,439388.0
2025-12-19,051910,335000.0,338500.0,324500.0,338500.0,344256.0
2025-12-22,051910,343000.0,351000.0,339000.0,346000.0,157106.0
2025-12-23,051910,348000.0,348000.0,342500.0,345500.0,143777.0
2025-12-24,051910,347500.0,349000.0,342500.0,346000.0,105513.0
2025-12-26,051910,343000.0,346000.0,335000.0,336000.0,145837.0
2025-12-29,051910,326000.0,339000.0,325000.0,338500.0,139537.0
2025-12-30,051910,334000.0,334500.0,330000.0,333000.0,193822.0
2026-01-02,051910,331000.0,331000.0,319500.0,322500.0,246623.0
2026-01-05,051910,318500.0,330000.0,318500.0,330000.0,222585.0
2026-01-06,051910,334000.0,334500.0,324500.0,328500.0,282451.0
2026-01-07,051910,326000.0,328500.0,315000.0,319500.0,282239.0
2026-01-08,051910,316500.0,317500.0,311000.0,315000.0,416599.0
2026-01-09,051910,317000.0,320000.0,307500.0,312500.0,280530.0
2026-01-12,051910,311000.0,322500.0,310000.0,321500.0,342118.0
2026-01-13,051910,323000.0,343000.0,318000.0,342500.0,461945.0
2026-01-14,051910,340500.0,341500.0,327500.0,330500.0,244657.0
2026-01-15,051910,331000.0,342500.0,330500.0,336000.0,270726.0
2026-01-16,051910,337000.0,343000.0,330500.0,333500.0,239548.0
2026-01-19,051910,329000.0,338500.0,323500.0,337500.0,289896.0
2026-01-20,051910,334000.0,345000.0,333000.0,339000.0,267761.0
2026-01-21,051910,334000.0,336500.0,323500.0,331000.0,212312.0
2026-01-22,051910,332000.0,357000.0,331000.0,350500.0,664481.0
2026-01-23,051910,359500.0,369000.0,350500.0,358000.0,541858.0
2026-01-26,051910,356000.0,358000.0,344500.0,349500.0,400048.0
2026-01-27,051910,345000.0,355000.0,341000.0,344000.0,308673.0
2026-01-28,051910,349500.0,366500.0,348500.0,354000.0,456693.0
2026-01-29,051910,357500.0,357500.0,336000.0,343000.0,435702.0
2026-01-30,051910,341000.0,342500.0,310500.0,310500.0,963226.0
2026-02-02,051910,312000.0,312500.0,294000.0,296500.0,492954.0
2026-02-03,051910,302000.0,307500.0,296500.0,306500.0,349494.0
2026-02-04,051910,305500.0,319000.0,305500.0,318000.0,351475.0
2026-02-05,051910,315500.0,320000.0,307500.0,312000.0,310333.0
2026-02-06,051910,303500.0,305500.0,297000.0,304000.0,266373.0
2026-02-09,051910,313000.0,315000.0,305000.0,310500.0,259118.0
2026-02-10,051910,312000.0,324500.0,310500.0,321000.0,413203.0
2026-02-11,051910,324000.0,327000.0,318000.0,322500.0,393723.0
2026-02-12,051910,325500.0,340000.0,324000.0,336500.0,576686.0
2026-02-13,051910,331000.0,336000.0,324000.0,324500.0,386073.0
2026-02-19,051910,326500.0,336500.0,326000.0,334500.0,383082.0
2026-02-20,051910,333500.0,341500.0,331500.0,337000.0,236523.0
2026-02-23,051910,339000.0,340000.0,332000.0,332500.0,232539.0
2026-02-24,051910,335000.0,351500.0,333500.0,350500.0,519344.0
2026-02-25,051910,353000.0,401500.0,347500.0,387500.0,1099978.0
2026-02-26,051910,387500.0,393500.0,383000.0,390000.0,466977.0
2026-02-27,051910,381000.0,424000.0,381000.0,417500.0,1146026.0
2026-03-03,051910,402000.0,407000.0,360000.0,361000.0,956158.0
2026-03-04,051910,343000.0,347500.0,303000.0,307000.0,720462.0
2026-03-05,051910,334500.0,338500.0,321000.0,324500.0,550806.0
2026-03-06,051910,317500.0,328000.0,307500.0,326500.0,511510.0
2026-03-09,051910,305000.0,310500.0,288000.0,300000.0,582831.0
2026-03-10,051910,320000.0,323000.0,305500.0,311000.0,279895.0
2026-03-11,051910,321500.0,329500.0,312000.0,315500.0,217879.0
2026-03-12,051910,311000.0,313500.0,304000.0,306000.0,308065.0
2026-03-13,051910,295000.0,301500.0,294500.0,297500.0,273412.0
2026-03-16,051910,296000.0,297500.0,288000.0,292000.0,325789.0
2026-03-17,051910,300000.0,313500.0,300000.0,307500.0,256068.0
2026-03-18,051910,314000.0,324000.0,312000.0,320000.0,278071.0
2026-03-19,051910,308000.0,313000.0,303500.0,303500.0,207291.0
2026-03-20,051910,310000.0,312500.0,306500.0,310000.0,214904.0
2026-03-23,051910,298000.0,299500.0,289000.0,290000.0,249892.0
2026-03-24,051910,305000.0,315000.0,303000.0,314000.0,337381.0
2026-03-25,051910,319500.0,323000.0,311500.0,318000.0,218075.0
2026-03-26,051910,320000.0,326500.0,311000.0,314000.0,213175.0
2026-03-27,051910,304000.0,316500.0,298500.0,313000.0,239600.0
2026-03-30,051910,299000.0,328500.0,297000.0,322000.0,387305.0
2026-03-31,051910,319000.0,321000.0,297500.0,299000.0,473765.0
2026-04-01,051910,314500.0,315500.0,302500.0,312500.0,322039.0
2026-04-02,051910,316000.0,326500.0,298000.0,302000.0,438492.0
2026-04-03,051910,309500.0,311500.0,299500.0,304500.0,241336.0
2026-04-06,051910,303500.0,320500.0,303500.0,317000.0,299795.0
2026-04-07,051910,316500.0,331000.0,315000.0,323500.0,313215.0
2026-04-08,051910,342000.0,346500.0,331000.0,344500.0,374125.0
2026-04-09,051910,353500.0,367000.0,348500.0,355000.0,717366.0
2026-04-10,051910,359500.0,362500.0,351500.0,356000.0,283205.0
2026-04-13,051910,344000.0,345000.0,336000.0,340000.0,264626.0
2026-04-14,051910,346000.0,350500.0,340500.0,341500.0,164618.0
2026-04-15,051910,349500.0,363000.0,348000.0,354000.0,322452.0
2026-04-16,051910,360500.0,365000.0,351500.0,357500.0,218360.0
2026-04-17,051910,357500.0,362000.0,352500.0,360000.0,188824.0
2026-04-20,051910,360000.0,374000.0,359000.0,365500.0,239109.0
2026-04-21,051910,374000.0,390000.0,371000.0,389500.0,449161.0
2026-04-22,051910,390000.0,399500.0,385000.0,392000.0,344699.0
2026-04-23,051910,400500.0,403500.0,384500.0,391500.0,373795.0
2026-04-24,051910,390000.0,393500.0,378500.0,391500.0,309047.0
2026-04-27,051910,390000.0,390000.0,377000.0,379500.0,305442.0
2026-04-28,051910,386000.0,403500.0,385000.0,394000.0,339216.0
2026-04-29,051910,397500.0,411500.0,395000.0,407500.0,414937.0
2026-04-30,051910,407500.0,407500.0,392000.0,397000.0,283039.0
2026-05-04,051910,411500.0,435000.0,408000.0,429000.0,609933.0
2026-05-06,051910,436000.0,436000.0,413000.0,423500.0,372989.0
2026-05-07,051910,424500.0,429000.0,413750.0,425000.0,397016.0
2026-05-08,051910,425000.0,437500.0,414500.0,429500.0,316902.0
2026-05-11,051910,426500.0,431750.0,415500.0,423500.0,323937.0
2026-05-12,051910,419000.0,420500.0,377000.0,388500.0,1047094.0
2026-05-13,051910,395000.0,397000.0,374000.0,387500.0,337701.0
2026-05-14,051910,394500.0,395000.0,376500.0,392500.0,365104.0
2026-05-15,051910,393000.0,409500.0,367000.0,374000.0,407694.0
2026-05-18,051910,378500.0,380000.0,351500.0,373000.0,248124.0
2026-05-19,051910,369500.0,369500.0,341500.0,350500.0,395053.0
2026-05-20,051910,353500.0,354000.0,326000.0,332000.0,458363.0
2026-05-21,051910,343000.0,349500.0,336000.0,348000.0,373133.0
2026-05-22,051910,357000.0,362000.0,345500.0,351000.0,349477.0
2026-05-26,051910,359000.0,361000.0,349500.0,351000.0,288865.0
2026-05-27,051910,348500.0,351500.0,330500.0,331000.0,447062.0
2026-05-28,051910,343000.0,348500.0,329500.0,344500.0,475564.0
2026-05-29,051910,345000.0,372000.0,339500.0,367000.0,935945.0
2026-06-01,051910,364500.0,379500.0,358500.0,363500.0,556724.0
2026-06-02,051910,358000.0,381000.0,354000.0,355000.0,509454.0
2026-06-04,051910,351500.0,358500.0,340500.0,352000.0,437034.0
2026-06-05,051910,357000.0,359000.0,330000.0,349000.0,280325.0
2026-06-08,051910,320500.0,331000.0,317500.0,321000.0,350623.0
2026-06-09,051910,323500.0,333500.0,318000.0,329000.0,442906.0
2026-06-10,051910,321500.0,333000.0,312000.0,323000.0,460889.0
2026-06-11,051910,313000.0,318500.0,304000.0,316500.0,439844.0
2026-06-12,051910,331500.0,348000.0,328000.0,345000.0,370877.0
2026-06-15,051910,355000.0,361500.0,346000.0,360500.0,254923.0
2026-06-16,051910,364500.0,372500.0,356000.0,367500.0,228006.0
2026-06-17,051910,368500.0,372500.0,359000.0,361000.0,188380.0
2026-06-18,051910,357500.0,364500.0,340500.0,342500.0,316742.0
2026-06-19,051910,346000.0,355000.0,322000.0,338000.0,384173.0
2026-06-22,051910,339000.0,339000.0,322000.0,323000.0,217199.0
2026-06-23,051910,326000.0,329500.0,290500.0,291500.0,323294.0
2026-06-24,051910,292500.0,299500.0,286000.0,297500.0,285310.0
2026-06-25,051910,300500.0,305500.0,285000.0,285500.0,225142.0
2026-06-26,051910,284500.0,291000.0,264500.0,271000.0,283029.0
2026-06-29,051910,273500.0,309000.0,268500.0,308000.0,303017.0
2026-06-30,051910,301000.0,303500.0,278500.0,280000.0,409549.0
2026-07-01,051910,283500.0,286000.0,274500.0,280000.0,258564.0
2026-07-02,051910,277000.0,289000.0,267500.0,281500.0,192139.0
2026-07-03,051910,281500.0,284500.0,268500.0,281500.0,171284.0
2026-07-06,051910,284500.0,285500.0,271500.0,276500.0,157978.0
2026-07-07,051910,274000.0,275500.0,259500.0,265500.0,236042.0
2026-07-08,051910,264500.0,267500.0,251500.0,255000.0,250176.0
2026-07-09,051910,257000.0,266000.0,248500.0,251500.0,286285.0
2026-07-10,051910,259500.0,275500.0,259000.0,264000.0,220071.0
2026-07-13,051910,268000.0,279500.0,259500.0,260500.0,231652.0
2026-07-14,051910,263000.0,264500.0,252000.0,255000.0,258229.0
2026-07-15,051910,262000.0,270000.0,260500.0,264500.0,166468.0
2026-07-16,051910,265000.0,271000.0,255500.0,260500.0,180510.0
2025-01-15,055550,50100.0,51400.0,49750.0,50300.0,1577800.0
2025-01-16,055550,50900.0,51000.0,50000.0,50300.0,818752.0
2025-01-17,055550,50800.0,51100.0,49000.0,49450.0,1345174.0
2025-01-20,055550,49600.0,50500.0,49600.0,49950.0,783496.0
2025-01-21,055550,50100.0,50400.0,49550.0,49750.0,740714.0
2025-01-22,055550,50200.0,50600.0,50000.0,50000.0,932267.0
2025-01-23,055550,50400.0,51300.0,50000.0,50300.0,1215307.0
2025-01-24,055550,50500.0,50600.0,49700.0,50000.0,1098318.0
2025-01-31,055550,51000.0,51900.0,50700.0,51100.0,1386966.0
2025-02-03,055550,51300.0,51400.0,49800.0,50200.0,1136445.0
2025-02-04,055550,50300.0,51300.0,50100.0,51000.0,1082282.0
2025-02-05,055550,51200.0,52000.0,50600.0,50700.0,1164141.0
2025-02-06,055550,50400.0,50600.0,49000.0,50000.0,1632445.0
2025-02-07,055550,49900.0,50300.0,49150.0,49250.0,1097705.0
2025-02-10,055550,48900.0,49850.0,48800.0,49400.0,1068542.0
2025-02-11,055550,49450.0,49750.0,48850.0,49100.0,812888.0
2025-02-12,055550,48750.0,49450.0,48600.0,48600.0,1261936.0
2025-02-13,055550,48450.0,49000.0,48400.0,48450.0,2128957.0
2025-02-14,055550,47500.0,48550.0,47500.0,48350.0,1527922.0
2025-02-17,055550,48300.0,48750.0,47950.0,48450.0,880421.0
2025-02-18,055550,48350.0,48800.0,48250.0,48450.0,1384205.0
2025-02-19,055550,48650.0,49050.0,48450.0,48450.0,1930383.0
2025-02-20,055550,48050.0,48200.0,46650.0,47300.0,3083547.0
2025-02-21,055550,47800.0,48450.0,47500.0,47650.0,2423401.0
2025-02-24,055550,47550.0,47650.0,46200.0,47200.0,1666686.0
2025-02-25,055550,46700.0,47000.0,46300.0,46350.0,1708278.0
2025-02-26,055550,46350.0,47800.0,46300.0,47550.0,1987758.0
2025-02-27,055550,47400.0,47850.0,47050.0,47500.0,1258650.0
2025-02-28,055550,46600.0,47300.0,45850.0,45850.0,3070901.0
2025-03-04,055550,46400.0,47100.0,45950.0,46150.0,1570129.0
2025-03-05,055550,46350.0,46600.0,44400.0,44650.0,1969675.0
2025-03-06,055550,45200.0,46600.0,45200.0,46350.0,1925797.0
2025-03-07,055550,45750.0,46250.0,44900.0,45000.0,1803119.0
2025-03-10,055550,45050.0,46050.0,44900.0,45600.0,968529.0
2025-03-11,055550,44900.0,45400.0,44700.0,45000.0,1316172.0
2025-03-12,055550,45000.0,45550.0,44750.0,45150.0,1183350.0
2025-03-13,055550,45250.0,46600.0,45250.0,45850.0,1607399.0
2025-03-14,055550,45400.0,46400.0,45200.0,45700.0,1036479.0
2025-03-17,055550,46100.0,46600.0,45900.0,46550.0,1005906.0
2025-03-18,055550,46700.0,47500.0,46500.0,46550.0,1051074.0
2025-03-19,055550,46550.0,47500.0,46500.0,47250.0,988729.0
2025-03-20,055550,47650.0,48250.0,47550.0,47550.0,1125789.0
2025-03-21,055550,46850.0,48100.0,46850.0,47800.0,1752832.0
2025-03-24,055550,47750.0,48850.0,47550.0,48600.0,941614.0
2025-03-25,055550,48150.0,49000.0,48050.0,48950.0,1064323.0
2025-03-26,055550,49000.0,49050.0,48450.0,48500.0,979827.0
2025-03-27,055550,48350.0,48750.0,47950.0,48400.0,1018355.0
2025-03-28,055550,47500.0,48000.0,46850.0,47800.0,1141973.0
2025-03-31,055550,47000.0,47450.0,46550.0,47050.0,1352535.0
2025-04-01,055550,47100.0,48400.0,47100.0,48100.0,911022.0
2025-04-02,055550,48150.0,49000.0,47900.0,48700.0,1017407.0
2025-04-03,055550,47050.0,47650.0,46700.0,47550.0,1292227.0
2025-04-04,055550,46900.0,47550.0,46300.0,47050.0,1351789.0
2025-04-07,055550,45000.0,45600.0,44150.0,45050.0,1867826.0
2025-04-08,055550,45550.0,45550.0,43750.0,43850.0,1847161.0
2025-04-09,055550,43550.0,44000.0,42500.0,43600.0,1647012.0
2025-04-10,055550,45550.0,46350.0,45000.0,46000.0,1611499.0
2025-04-11,055550,45000.0,46450.0,44900.0,46100.0,1154406.0
2025-04-14,055550,46500.0,46800.0,46100.0,46250.0,984426.0
2025-04-15,055550,46250.0,47350.0,46250.0,47100.0,1171151.0
2025-04-16,055550,47150.0,47900.0,47050.0,47800.0,913054.0
2025-04-17,055550,47200.0,47550.0,46900.0,47150.0,1137939.0
2025-04-18,055550,47150.0,47800.0,47100.0,47650.0,952557.0
2025-04-21,055550,47650.0,48700.0,47650.0,48700.0,988741.0
2025-04-22,055550,48400.0,48750.0,48100.0,48450.0,1032942.0
2025-04-23,055550,48750.0,49200.0,48500.0,48900.0,1135450.0
2025-04-24,055550,48800.0,49100.0,48550.0,48750.0,673535.0
2025-04-25,055550,49300.0,50200.0,49200.0,49750.0,1675511.0
2025-04-28,055550,49800.0,50200.0,49200.0,49350.0,965057.0
2025-04-29,055550,49350.0,51000.0,49300.0,50400.0,1279248.0
2025-04-30,055550,50400.0,51800.0,50400.0,51400.0,1685443.0
2025-05-02,055550,51100.0,51600.0,50600.0,51200.0,993916.0
2025-05-07,055550,52000.0,52300.0,51100.0,51100.0,1328471.0
2025-05-08,055550,50700.0,51300.0,50600.0,50900.0,1398474.0
2025-05-09,055550,50700.0,51100.0,50300.0,50700.0,808671.0
2025-05-12,055550,51200.0,51800.0,51000.0,51700.0,854870.0
2025-05-13,055550,51000.0,52100.0,50900.0,51800.0,1298922.0
2025-05-14,055550,51700.0,52400.0,51500.0,51800.0,1027546.0
2025-05-15,055550,51400.0,52300.0,51400.0,51700.0,587678.0
2025-05-16,055550,51500.0,52200.0,51200.0,51800.0,554587.0
2025-05-19,055550,51800.0,52800.0,51700.0,52100.0,761439.0
2025-05-20,055550,52600.0,53800.0,52600.0,53800.0,1332387.0
2025-05-21,055550,53900.0,54300.0,53600.0,53800.0,855647.0
2025-05-22,055550,53500.0,54400.0,53200.0,54100.0,1131984.0
2025-05-23,055550,54300.0,55600.0,54100.0,55100.0,1073338.0
2025-05-26,055550,55400.0,56300.0,55300.0,56300.0,1059211.0
2025-05-27,055550,55800.0,56800.0,55700.0,56500.0,891251.0
2025-05-28,055550,56600.0,57200.0,55900.0,56600.0,1164221.0
2025-05-29,055550,56800.0,57800.0,56300.0,57500.0,977099.0
2025-05-30,055550,57400.0,58400.0,57300.0,58100.0,2273662.0
2025-06-02,055550,57600.0,58100.0,55000.0,55800.0,1899090.0
2025-06-04,055550,55300.0,59900.0,55300.0,59900.0,2590648.0
2025-06-05,055550,59700.0,60100.0,58400.0,59200.0,1767739.0
2025-06-09,055550,59500.0,60900.0,59000.0,60400.0,2179222.0
2025-06-10,055550,60300.0,61700.0,59800.0,60900.0,1887065.0
2025-06-11,055550,60400.0,60600.0,58700.0,59800.0,1226916.0
2025-06-12,055550,59000.0,59600.0,58300.0,58600.0,1955484.0
2025-06-13,055550,58500.0,59400.0,57900.0,59000.0,2176121.0
2025-06-16,055550,59100.0,60700.0,58500.0,60600.0,966984.0
2025-06-17,055550,59700.0,61500.0,59500.0,60300.0,1683290.0
2025-06-18,055550,59100.0,60600.0,58100.0,59200.0,1643280.0
2025-06-19,055550,58700.0,59600.0,58600.0,59400.0,1357661.0
2025-06-20,055550,59400.0,60400.0,59200.0,59300.0,3768399.0
2025-06-23,055550,58800.0,60700.0,58800.0,60100.0,1172294.0
2025-06-24,055550,60700.0,62100.0,60600.0,61000.0,1615168.0
2025-06-25,055550,61100.0,61300.0,59800.0,60600.0,12851355.0
2025-06-26,055550,60800.0,61900.0,59200.0,59700.0,2136686.0
2025-06-27,055550,59800.0,61900.0,59700.0,60500.0,1643936.0
2025-06-30,055550,60600.0,61800.0,60400.0,61400.0,2251863.0
2025-07-01,055550,62000.0,63600.0,61700.0,62200.0,1752220.0
2025-07-02,055550,62300.0,62900.0,60800.0,61700.0,1585897.0
2025-07-03,055550,61700.0,63700.0,61600.0,63700.0,1444649.0
2025-07-04,055550,63800.0,64700.0,62900.0,63000.0,1697761.0
2025-07-07,055550,63400.0,66000.0,63100.0,66000.0,1734023.0
2025-07-08,055550,66000.0,72100.0,65700.0,71100.0,2971077.0
2025-07-09,055550,70800.0,71200.0,69000.0,69800.0,3382082.0
2025-07-10,055550,69800.0,70300.0,68500.0,69900.0,2246192.0
2025-07-11,055550,69200.0,70400.0,68200.0,69300.0,1522382.0
2025-07-14,055550,69200.0,72200.0,69200.0,71800.0,1533140.0
2025-07-15,055550,71100.0,71400.0,69900.0,70800.0,1164809.0
2025-07-16,055550,70900.0,71100.0,69050.0,69400.0,1537897.0
2025-07-17,055550,69500.0,70100.0,68300.0,69900.0,1556798.0
2025-07-18,055550,69900.0,70400.0,68000.0,68900.0,796990.0
2025-07-21,055550,68500.0,69500.0,68200.0,69000.0,919832.0
2025-07-22,055550,68600.0,69400.0,67800.0,68200.0,834799.0
2025-07-23,055550,68500.0,69700.0,67600.0,68100.0,783907.0
2025-07-24,055550,68700.0,70400.0,68700.0,69300.0,1032416.0
2025-07-25,055550,68700.0,73500.0,68200.0,71200.0,2558748.0
2025-07-28,055550,70600.0,70900.0,66500.0,67200.0,2257335.0
2025-07-29,055550,65500.0,69500.0,65500.0,68800.0,1781828.0
2025-07-30,055550,68500.0,69200.0,68200.0,68900.0,900021.0
2025-07-31,055550,68200.0,68600.0,67200.0,68000.0,957023.0
2025-08-01,055550,66800.0,67200.0,64800.0,65100.0,1436739.0
2025-08-04,055550,65300.0,66400.0,65000.0,65900.0,1276777.0
2025-08-05,055550,67700.0,68600.0,67200.0,68000.0,1355211.0
2025-08-06,055550,67500.0,68800.0,67500.0,68700.0,857830.0
2025-08-07,055550,68500.0,69400.0,68400.0,69200.0,951223.0
2025-08-08,055550,68600.0,69400.0,68300.0,69200.0,695017.0
2025-08-11,055550,69300.0,69900.0,68700.0,69400.0,624850.0
2025-08-12,055550,69200.0,71200.0,69200.0,70000.0,979715.0
2025-08-13,055550,70300.0,71000.0,69000.0,69400.0,812202.0
2025-08-14,055550,69700.0,71100.0,69100.0,69100.0,1291496.0
2025-08-18,055550,69000.0,69100.0,67000.0,67500.0,1490270.0
2025-08-19,055550,69000.0,69000.0,66800.0,67400.0,1239749.0
2025-08-20,055550,68000.0,68300.0,65600.0,66900.0,1797034.0
2025-08-21,055550,67400.0,68300.0,66800.0,67000.0,1302976.0
2025-08-22,055550,67100.0,67800.0,66600.0,66700.0,1166963.0
2025-08-25,055550,67200.0,67700.0,66200.0,66700.0,988096.0
2025-08-26,055550,66600.0,66700.0,65000.0,65000.0,3442595.0
2025-08-27,055550,65000.0,66000.0,64900.0,65700.0,1025055.0
2025-08-28,055550,65400.0,67100.0,65300.0,66100.0,973152.0
2025-08-29,055550,65900.0,66200.0,64700.0,65300.0,1123131.0
2025-09-01,055550,65500.0,65600.0,63600.0,64000.0,991727.0
2025-09-02,055550,63900.0,64900.0,63800.0,64900.0,788902.0
2025-09-03,055550,65600.0,65600.0,64800.0,65600.0,803871.0
2025-09-04,055550,64800.0,65300.0,63800.0,64500.0,874183.0
2025-09-05,055550,64300.0,64900.0,64200.0,64600.0,736413.0
2025-09-08,055550,64500.0,64600.0,63700.0,64400.0,647824.0
2025-09-09,055550,64700.0,65500.0,64300.0,65300.0,1327669.0
2025-09-10,055550,65300.0,68300.0,64700.0,67500.0,2320970.0
2025-09-11,055550,67200.0,68000.0,66900.0,67800.0,2324459.0
2025-09-12,055550,68900.0,69400.0,68100.0,69300.0,1537108.0
2025-09-15,055550,68600.0,70600.0,68400.0,69900.0,1474243.0
2025-09-16,055550,70000.0,71400.0,69600.0,70900.0,1419816.0
2025-09-17,055550,70500.0,70500.0,69200.0,69700.0,1201636.0
2025-09-18,055550,69200.0,69800.0,68200.0,69000.0,1305008.0
2025-09-19,055550,68400.0,69800.0,68100.0,69800.0,2749337.0
2025-09-22,055550,69800.0,70600.0,69500.0,69500.0,818240.0
2025-09-23,055550,69300.0,70400.0,69100.0,69900.0,977953.0
2025-09-24,055550,70000.0,70200.0,68700.0,69100.0,981893.0
2025-09-25,055550,69300.0,70900.0,69100.0,69800.0,1239133.0
2025-09-26,055550,69200.0,69900.0,68800.0,69200.0,1613570.0
2025-09-29,055550,71000.0,71300.0,70400.0,70900.0,1246294.0
2025-09-30,055550,71000.0,71500.0,70500.0,70800.0,1592794.0
2025-10-01,055550,70500.0,71300.0,70300.0,70500.0,717150.0
2025-10-02,055550,71000.0,72600.0,70800.0,71400.0,1851325.0
2025-10-10,055550,71400.0,72800.0,70700.0,72000.0,2295623.0
2025-10-13,055550,72100.0,72300.0,69600.0,70400.0,1857406.0
2025-10-14,055550,69600.0,70100.0,68100.0,68400.0,1277396.0
2025-10-15,055550,69300.0,71200.0,69300.0,71100.0,1062558.0
2025-10-16,055550,71200.0,72700.0,71100.0,72700.0,1244136.0
2025-10-17,055550,72000.0,73700.0,71400.0,73100.0,1129250.0
2025-10-20,055550,74100.0,75000.0,72100.0,74400.0,1280106.0
2025-10-21,055550,74200.0,77300.0,73700.0,73900.0,1033460.0
2025-10-22,055550,73600.0,74300.0,72600.0,74100.0,879014.0
2025-10-23,055550,72900.0,74900.0,72200.0,73300.0,974313.0
2025-10-24,055550,73600.0,74300.0,73400.0,73400.0,854727.0
2025-10-27,055550,73200.0,75400.0,73100.0,74500.0,860452.0
2025-10-28,055550,73700.0,74800.0,73200.0,74000.0,1112879.0
2025-10-29,055550,76000.0,76000.0,73100.0,74400.0,1534308.0
2025-10-30,055550,72600.0,75600.0,72500.0,73300.0,1580004.0
2025-10-31,055550,73400.0,74300.0,72500.0,73300.0,1355094.0
2025-11-03,055550,72600.0,74200.0,72500.0,74100.0,871014.0
2025-11-04,055550,73700.0,77500.0,73400.0,76400.0,1572032.0
2025-11-05,055550,78500.0,78500.0,74300.0,75300.0,1329671.0
2025-11-06,055550,76200.0,80500.0,75700.0,79200.0,1793927.0
2025-11-07,055550,80700.0,81000.0,77000.0,77400.0,1769624.0
2025-11-10,055550,80000.0,82000.0,78800.0,78800.0,2192476.0
2025-11-11,055550,77500.0,79800.0,77500.0,78000.0,1551727.0
2025-11-12,055550,77900.0,81500.0,77900.0,81400.0,1993050.0
2025-11-13,055550,81500.0,83900.0,80000.0,80700.0,1660698.0
2025-11-14,055550,80800.0,80900.0,79300.0,79600.0,731700.0
2025-11-17,055550,79000.0,79600.0,77700.0,78200.0,1009477.0
2025-11-18,055550,77700.0,78800.0,75500.0,76400.0,913382.0
2025-11-19,055550,77200.0,78000.0,76000.0,76700.0,1062065.0
2025-11-20,055550,77100.0,78050.0,76700.0,76700.0,732402.0
2025-11-21,055550,75600.0,77000.0,75100.0,77000.0,913178.0
2025-11-24,055550,77700.0,79000.0,76300.0,76300.0,2110616.0
2025-11-25,055550,77500.0,79000.0,77100.0,77500.0,956374.0
2025-11-26,055550,79000.0,79500.0,78200.0,79000.0,846976.0
2025-11-27,055550,78400.0,79700.0,78000.0,78300.0,646356.0
2025-11-28,055550,78100.0,78500.0,77100.0,78000.0,1035489.0
2025-12-01,055550,78800.0,79800.0,78000.0,79700.0,1074044.0
2025-12-02,055550,79700.0,82300.0,79300.0,81400.0,2024541.0
2025-12-03,055550,81100.0,81400.0,79700.0,79900.0,1198843.0
2025-12-04,055550,79300.0,79800.0,78500.0,78700.0,1088335.0
2025-12-05,055550,79200.0,80400.0,78800.0,80200.0,742348.0
2025-12-08,055550,80000.0,80000.0,77300.0,78000.0,1049583.0
2025-12-09,055550,78800.0,78800.0,77500.0,78400.0,760299.0
2025-12-10,055550,78600.0,78700.0,76800.0,77300.0,845794.0
2025-12-11,055550,78000.0,78400.0,77100.0,77100.0,1439842.0
2025-12-12,055550,78200.0,78500.0,77500.0,77700.0,892297.0
2025-12-15,055550,77700.0,78200.0,76900.0,77200.0,822037.0
2025-12-16,055550,77300.0,77650.0,75200.0,75800.0,1842576.0
2025-12-17,055550,76600.0,77200.0,75900.0,76400.0,1054815.0
2025-12-18,055550,76700.0,76900.0,75500.0,76200.0,824462.0
2025-12-19,055550,77000.0,77900.0,76500.0,77300.0,1703877.0
2025-12-22,055550,78800.0,78900.0,77800.0,78600.0,746752.0
2025-12-23,055550,78200.0,78500.0,75900.0,76500.0,712754.0
2025-12-24,055550,77100.0,78100.0,77100.0,77800.0,667157.0
2025-12-26,055550,77400.0,77400.0,76200.0,76800.0,446463.0
2025-12-29,055550,75600.0,77900.0,74600.0,77900.0,673510.0
2025-12-30,055550,76900.0,77300.0,76500.0,76900.0,556030.0
2026-01-02,055550,76600.0,77100.0,76000.0,76600.0,640114.0
2026-01-05,055550,77000.0,79300.0,76600.0,79100.0,1031715.0
2026-01-06,055550,79600.0,80900.0,79200.0,80500.0,1225397.0
2026-01-07,055550,79200.0,80200.0,78000.0,79000.0,1137444.0
2026-01-08,055550,78900.0,78900.0,76900.0,77500.0,1076940.0
2026-01-09,055550,78000.0,78800.0,77500.0,77800.0,1054964.0
2026-01-12,055550,78500.0,78600.0,77200.0,78200.0,1099821.0
2026-01-13,055550,78100.0,78500.0,76700.0,78400.0,1153880.0
2026-01-14,055550,78400.0,80000.0,78100.0,79900.0,1006405.0
2026-01-15,055550,80000.0,80800.0,78600.0,79400.0,1160986.0
2026-01-16,055550,79600.0,79800.0,78700.0,79200.0,1049256.0
2026-01-19,055550,78700.0,80400.0,78000.0,79700.0,970849.0
2026-01-20,055550,78900.0,82400.0,78800.0,81900.0,1709340.0
2026-01-21,055550,82300.0,82300.0,80000.0,81200.0,1201441.0
2026-01-22,055550,81700.0,83500.0,81000.0,82900.0,1661244.0
2026-01-23,055550,83000.0,83900.0,81800.0,83900.0,1652599.0
2026-01-26,055550,83900.0,84500.0,82400.0,82400.0,1238425.0
2026-01-27,055550,82700.0,86500.0,82500.0,86100.0,1650498.0
2026-01-28,055550,84900.0,87000.0,83600.0,83800.0,1383211.0
2026-01-29,055550,85800.0,85800.0,83400.0,85100.0,1386473.0
2026-01-30,055550,84800.0,86400.0,83800.0,84300.0,1651120.0
2026-02-02,055550,85000.0,88000.0,82000.0,82500.0,1592537.0
2026-02-03,055550,85500.0,88000.0,85000.0,88000.0,1479759.0
2026-02-04,055550,92000.0,92500.0,87000.0,90300.0,1845534.0
2026-02-05,055550,90300.0,91700.0,88600.0,90900.0,1254944.0
2026-02-06,055550,90100.0,93600.0,87800.0,93600.0,2556081.0
2026-02-09,055550,96000.0,97000.0,93000.0,93400.0,1997017.0
2026-02-10,055550,95700.0,99000.0,94800.0,97900.0,1501360.0
2026-02-11,055550,97800.0,101000.0,97800.0,100900.0,1648821.0
2026-02-12,055550,105600.0,107200.0,101100.0,106000.0,2276252.0
2026-02-13,055550,105200.0,106200.0,102400.0,102500.0,3014041.0
2026-02-19,055550,102500.0,103400.0,99500.0,100300.0,2354745.0
2026-02-20,055550,101000.0,102600.0,100200.0,102000.0,1540884.0
2026-02-23,055550,102900.0,102900.0,100900.0,101800.0,1403896.0
2026-02-24,055550,103800.0,103800.0,97900.0,100900.0,1893566.0
2026-02-25,055550,100300.0,100800.0,98500.0,99500.0,1873831.0
2026-02-26,055550,99500.0,100400.0,98300.0,99900.0,2054336.0
2026-02-27,055550,99500.0,99500.0,96400.0,96900.0,3007690.0
2026-03-03,055550,95900.0,98300.0,95200.0,96700.0,2289926.0
2026-03-04,055550,94500.0,94600.0,85000.0,88800.0,3419674.0
2026-03-05,055550,95000.0,96200.0,92100.0,92900.0,2972109.0
2026-03-06,055550,89000.0,91800.0,89000.0,91800.0,2033531.0
2026-03-09,055550,85700.0,89700.0,83700.0,88500.0,1991947.0
2026-03-10,055550,90800.0,92700.0,88000.0,89200.0,1967408.0
2026-03-11,055550,90900.0,94200.0,90300.0,91100.0,2055895.0
2026-03-12,055550,91100.0,92500.0,89900.0,91900.0,1757642.0
2026-03-13,055550,87300.0,92700.0,87300.0,90800.0,2446601.0
2026-03-16,055550,89900.0,91200.0,88900.0,90000.0,1067616.0
2026-03-17,055550,91200.0,93300.0,90300.0,91200.0,1304315.0
2026-03-18,055550,93800.0,95500.0,92100.0,95000.0,2543008.0
2026-03-19,055550,93000.0,96700.0,92200.0,96500.0,1262052.0
2026-03-20,055550,95900.0,98800.0,95800.0,97900.0,3167172.0
2026-03-23,055550,94000.0,94600.0,89300.0,89900.0,2083701.0
2026-03-24,055550,91600.0,93600.0,88200.0,90000.0,1633427.0
2026-03-25,055550,92500.0,94000.0,91800.0,92100.0,1255340.0
2026-03-26,055550,93100.0,94600.0,92200.0,93400.0,1111630.0
2026-03-27,055550,93400.0,93900.0,90000.0,93500.0,1363436.0
2026-03-30,055550,88400.0,91300.0,87800.0,90500.0,1084400.0
2026-03-31,055550,89000.0,89600.0,87300.0,87700.0,1790364.0
2026-04-01,055550,93900.0,94200.0,91000.0,93300.0,1323951.0
2026-04-02,055550,95000.0,97300.0,90800.0,91700.0,1038396.0
2026-04-03,055550,93500.0,94800.0,91500.0,91800.0,558564.0
2026-04-06,055550,92200.0,94400.0,91800.0,92900.0,674005.0
2026-04-07,055550,91800.0,94500.0,91300.0,91400.0,890817.0
2026-04-08,055550,96300.0,98400.0,95600.0,96700.0,1289184.0
2026-04-09,055550,97200.0,98900.0,96400.0,96600.0,1334538.0
2026-04-10,055550,97000.0,99800.0,97000.0,98700.0,630191.0
2026-04-13,055550,96900.0,98900.0,96300.0,98300.0,634338.0
2026-04-14,055550,98700.0,100000.0,98300.0,98300.0,920893.0
2026-04-15,055550,100000.0,100900.0,99200.0,99800.0,1147263.0
2026-04-16,055550,101200.0,101200.0,99500.0,99900.0,1011060.0
2026-04-17,055550,99600.0,100600.0,99400.0,99600.0,665036.0
2026-04-20,055550,100900.0,101400.0,99600.0,100000.0,648379.0
2026-04-21,055550,100000.0,100500.0,99200.0,99800.0,574865.0
2026-04-22,055550,99300.0,99400.0,97700.0,98600.0,1085847.0
2026-04-23,055550,98700.0,100000.0,97000.0,99900.0,1173646.0
2026-04-24,055550,100000.0,101200.0,99100.0,100000.0,1046117.0
2026-04-27,055550,101300.0,101300.0,99200.0,99700.0,1224148.0
2026-04-28,055550,100000.0,100200.0,99100.0,99900.0,1078329.0
2026-04-29,055550,100000.0,100000.0,98500.0,100000.0,1568495.0
2026-04-30,055550,99000.0,101000.0,99000.0,99900.0,1660803.0
2026-05-04,055550,101100.0,101300.0,97800.0,98000.0,1775875.0
2026-05-06,055550,97900.0,99900.0,97300.0,97300.0,1629888.0
2026-05-07,055550,98000.0,99700.0,96100.0,98900.0,1592277.0
2026-05-08,055550,99400.0,99700.0,97800.0,98000.0,1318573.0
2026-05-11,055550,98100.0,99900.0,96900.0,97200.0,1444394.0
2026-05-12,055550,98600.0,99000.0,94500.0,96700.0,1588028.0
2026-05-13,055550,98700.0,98800.0,94700.0,95200.0,1080975.0
2026-05-14,055550,95200.0,96800.0,93400.0,96800.0,1563957.0
2026-05-15,055550,96600.0,97300.0,93100.0,95100.0,1544275.0
2026-05-18,055550,95900.0,96000.0,91100.0,93100.0,1200095.0
2026-05-19,055550,92500.0,95600.0,92100.0,93900.0,1459581.0
2026-05-20,055550,96400.0,96500.0,92900.0,94000.0,1185712.0
2026-05-21,055550,95500.0,96700.0,94500.0,94800.0,904851.0
2026-05-22,055550,96900.0,99300.0,95500.0,98200.0,1064030.0
2026-05-26,055550,98200.0,99300.0,95800.0,96000.0,896531.0
2026-05-27,055550,96500.0,97300.0,94500.0,95000.0,972307.0
2026-05-28,055550,94800.0,95100.0,91000.0,92800.0,1081678.0
2026-05-29,055550,94400.0,94800.0,91700.0,93600.0,2778385.0
2026-06-01,055550,93200.0,96200.0,92600.0,92600.0,1612094.0
2026-06-02,055550,96200.0,96400.0,91800.0,96400.0,1391336.0
2026-06-04,055550,96800.0,102000.0,95500.0,100100.0,2050259.0
2026-06-05,055550,106200.0,109800.0,102500.0,107500.0,3611830.0
2026-06-08,055550,104700.0,104900.0,96500.0,97100.0,2158180.0
2026-06-09,055550,98900.0,102200.0,96500.0,101200.0,1853431.0
2026-06-10,055550,97500.0,100800.0,95300.0,98200.0,1631177.0
2026-06-11,055550,96100.0,98300.0,94100.0,96900.0,1880072.0
2026-06-12,055550,99400.0,105000.0,97700.0,99600.0,2231836.0
2026-06-15,055550,102900.0,110800.0,102000.0,105600.0,2048362.0
2026-06-16,055550,105600.0,110700.0,105500.0,106700.0,1236763.0
2026-06-17,055550,107100.0,108800.0,102700.0,103100.0,1337604.0
2026-06-18,055550,101500.0,103300.0,100100.0,100800.0,1406780.0
2026-06-19,055550,102000.0,104400.0,98700.0,100900.0,1899794.0
2026-06-22,055550,100000.0,100400.0,97400.0,97500.0,1096436.0
2026-06-23,055550,100400.0,103700.0,96500.0,97700.0,1558595.0
2026-06-24,055550,97700.0,98000.0,94400.0,95700.0,1466503.0
2026-06-25,055550,97600.0,97600.0,94000.0,94500.0,1010303.0
2026-06-26,055550,93700.0,94200.0,89400.0,91600.0,1318276.0
2026-06-29,055550,91300.0,97200.0,90900.0,96400.0,1297476.0
2026-06-30,055550,98300.0,98600.0,95700.0,95800.0,1406235.0
2026-07-01,055550,98400.0,98800.0,94500.0,96400.0,790055.0
2026-07-02,055550,95800.0,105000.0,94000.0,102200.0,1842329.0
2026-07-03,055550,104000.0,108000.0,103100.0,107300.0,2736622.0
2026-07-06,055550,107300.0,110700.0,106500.0,107700.0,1420236.0
2026-07-07,055550,107300.0,109500.0,105800.0,108600.0,1496772.0
2026-07-08,055550,108700.0,111000.0,105200.0,107300.0,1619037.0
2026-07-09,055550,108700.0,109700.0,104000.0,105000.0,1850603.0
2026-07-10,055550,106000.0,111800.0,104300.0,109200.0,1598006.0
2026-07-13,055550,110800.0,113300.0,107500.0,108600.0,1376745.0
2026-07-14,055550,111100.0,112000.0,106000.0,106500.0,1427751.0
2026-07-15,055550,107700.0,110400.0,106700.0,107300.0,1312064.0
2026-07-16,055550,108600.0,112400.0,105000.0,107900.0,1463864.0
2025-01-15,066570,84700.0,85500.0,84200.0,84300.0,320655.0
2025-01-16,066570,85100.0,85800.0,84900.0,85100.0,301418.0
2025-01-17,066570,85000.0,85300.0,83500.0,83700.0,390497.0
2025-01-20,066570,84000.0,84400.0,83800.0,84100.0,236456.0
2025-01-21,066570,84300.0,84800.0,83900.0,84300.0,352784.0
2025-01-22,066570,85100.0,89300.0,84400.0,86400.0,1314488.0
2025-01-23,066570,86700.0,86800.0,84500.0,84500.0,515475.0
2025-01-24,066570,84900.0,88700.0,84500.0,85100.0,1001032.0
2025-01-31,066570,84900.0,85000.0,83800.0,84200.0,506930.0
2025-02-03,066570,83100.0,83200.0,77600.0,78200.0,1326733.0
2025-02-04,066570,79600.0,79700.0,78100.0,78400.0,629803.0
2025-02-05,066570,79100.0,80300.0,78900.0,79900.0,434946.0
2025-02-06,066570,80400.0,80600.0,79500.0,80600.0,401172.0
2025-02-07,066570,80000.0,80400.0,79500.0,79600.0,328226.0
2025-02-10,066570,78900.0,79400.0,77700.0,79100.0,588765.0
2025-02-11,066570,79400.0,79900.0,78200.0,79700.0,426719.0
2025-02-12,066570,79400.0,79900.0,78800.0,79100.0,440372.0
2025-02-13,066570,79300.0,79800.0,78800.0,79500.0,749206.0
2025-02-14,066570,79700.0,80200.0,78900.0,79500.0,771963.0
2025-02-17,066570,79500.0,80000.0,79200.0,79400.0,539176.0
2025-02-18,066570,79500.0,79800.0,78500.0,79700.0,690231.0
2025-02-19,066570,79900.0,82500.0,79900.0,81500.0,1086060.0
2025-02-20,066570,81800.0,82800.0,81300.0,82500.0,526344.0
2025-02-21,066570,82600.0,83300.0,81500.0,82400.0,467758.0
2025-02-24,066570,82400.0,84000.0,82300.0,83400.0,532688.0
2025-02-25,066570,83100.0,83300.0,82300.0,82300.0,340039.0
2025-02-26,066570,82300.0,82800.0,81700.0,82300.0,261915.0
2025-02-27,066570,83200.0,84400.0,82200.0,82600.0,514180.0
2025-02-28,066570,81400.0,81800.0,78900.0,78900.0,856333.0
2025-03-04,066570,78200.0,79300.0,78000.0,78200.0,420402.0
2025-03-05,066570,78500.0,79300.0,78100.0,78600.0,337995.0
2025-03-06,066570,79100.0,80200.0,78900.0,79500.0,347224.0
2025-03-07,066570,78900.0,78900.0,77800.0,77900.0,621586.0
2025-03-10,066570,77900.0,78700.0,77300.0,78500.0,480479.0
2025-03-11,066570,76900.0,82700.0,75600.0,81800.0,1312797.0
2025-03-12,066570,82700.0,84700.0,81900.0,82200.0,860939.0
2025-03-13,066570,82400.0,82600.0,80100.0,80500.0,638383.0
2025-03-14,066570,80900.0,82300.0,79900.0,80500.0,448426.0
2025-03-17,066570,82200.0,84400.0,81200.0,82100.0,786495.0
2025-03-18,066570,82300.0,82800.0,80500.0,80700.0,579314.0
2025-03-19,066570,81600.0,82400.0,81100.0,81900.0,574156.0
2025-03-20,066570,82400.0,83600.0,81900.0,82800.0,641530.0
2025-03-21,066570,83300.0,84000.0,82500.0,83400.0,638764.0
2025-03-24,066570,83000.0,83000.0,81800.0,81800.0,250685.0
2025-03-25,066570,82300.0,83300.0,82300.0,82800.0,271450.0
2025-03-26,066570,83700.0,85400.0,83500.0,84800.0,731000.0
2025-03-27,066570,83900.0,83900.0,82300.0,82400.0,376636.0
2025-03-28,066570,82200.0,82200.0,79600.0,80000.0,520309.0
2025-03-31,066570,78300.0,78400.0,77100.0,77200.0,527303.0
2025-04-01,066570,77900.0,78400.0,77000.0,77900.0,356143.0
2025-04-02,066570,78100.0,78400.0,76700.0,77400.0,329645.0
2025-04-03,066570,75800.0,75800.0,72600.0,72900.0,1574127.0
2025-04-04,066570,71000.0,73600.0,71000.0,72800.0,564805.0
2025-04-07,066570,70800.0,71200.0,68000.0,68100.0,1004618.0
2025-04-08,066570,69100.0,69500.0,66800.0,66900.0,752667.0
2025-04-09,066570,65800.0,66900.0,64100.0,64700.0,638901.0
2025-04-10,066570,69500.0,70100.0,68000.0,68700.0,1023079.0
2025-04-11,066570,67200.0,68100.0,66700.0,67900.0,536366.0
2025-04-14,066570,68900.0,69700.0,68300.0,69000.0,587316.0
2025-04-15,066570,69600.0,71000.0,69600.0,70000.0,389352.0
2025-04-16,066570,69900.0,70800.0,69300.0,69300.0,311088.0
2025-04-17,066570,69300.0,69800.0,68900.0,69700.0,245961.0
2025-04-18,066570,69800.0,70200.0,69400.0,70100.0,174771.0
2025-04-21,066570,70200.0,70800.0,69500.0,70400.0,172887.0
2025-04-22,066570,69800.0,70200.0,69500.0,69800.0,195443.0
2025-04-23,066570,71000.0,71500.0,70300.0,71300.0,395586.0
2025-04-24,066570,71300.0,71400.0,69700.0,70300.0,366155.0
2025-04-25,066570,71200.0,72600.0,70800.0,71600.0,555142.0
2025-04-28,066570,71500.0,71800.0,70900.0,71000.0,244338.0
2025-04-29,066570,71200.0,72300.0,71100.0,71800.0,339323.0
2025-04-30,066570,71300.0,72000.0,70700.0,71400.0,287038.0
2025-05-02,066570,71000.0,71200.0,70400.0,70600.0,202511.0
2025-05-07,066570,72000.0,72000.0,70800.0,71200.0,335932.0
2025-05-08,066570,71200.0,71500.0,70800.0,70800.0,367397.0
2025-05-09,066570,71200.0,71200.0,70500.0,71100.0,261129.0
2025-05-12,066570,71500.0,72800.0,71300.0,72800.0,342148.0
2025-05-13,066570,73100.0,73500.0,72500.0,73000.0,379984.0
2025-05-14,066570,73600.0,73600.0,71600.0,72500.0,451096.0
2025-05-15,066570,72000.0,72600.0,71500.0,71600.0,233079.0
2025-05-16,066570,71800.0,72100.0,70800.0,71300.0,183904.0
2025-05-19,066570,70600.0,71200.0,70000.0,70300.0,218924.0
2025-05-20,066570,70900.0,71400.0,70100.0,70500.0,227059.0
2025-05-21,066570,70500.0,70800.0,70100.0,70300.0,240943.0
2025-05-22,066570,70100.0,70600.0,69700.0,70300.0,316537.0
2025-05-23,066570,70400.0,70900.0,70000.0,70000.0,209927.0
2025-05-26,066570,70000.0,71600.0,69600.0,71600.0,239182.0
2025-05-27,066570,70800.0,70900.0,68300.0,69000.0,631617.0
2025-05-28,066570,69500.0,71500.0,69300.0,71200.0,561303.0
2025-05-29,066570,71800.0,72300.0,71000.0,72200.0,371386.0
2025-05-30,066570,71800.0,72300.0,70800.0,71100.0,592255.0
2025-06-02,066570,70800.0,71400.0,70600.0,70800.0,251758.0
2025-06-04,066570,71500.0,72600.0,71100.0,71300.0,593895.0
2025-06-05,066570,71600.0,72800.0,71600.0,72400.0,458239.0
2025-06-09,066570,73000.0,73600.0,72700.0,72900.0,452130.0
2025-06-10,066570,73700.0,74600.0,72600.0,73700.0,640483.0
2025-06-11,066570,74000.0,74600.0,73400.0,74600.0,514323.0
2025-06-12,066570,76400.0,76500.0,74900.0,75200.0,897232.0
2025-06-13,066570,74200.0,74700.0,71800.0,72200.0,931983.0
2025-06-16,066570,71400.0,72000.0,70600.0,72000.0,394654.0
2025-06-17,066570,72200.0,73500.0,71800.0,72200.0,451460.0
2025-06-18,066570,71800.0,74500.0,71500.0,73800.0,559285.0
2025-06-19,066570,74200.0,74300.0,72600.0,73100.0,388030.0
2025-06-20,066570,73300.0,74000.0,72800.0,74000.0,529685.0
2025-06-23,066570,72800.0,78500.0,71500.0,74700.0,1370349.0
2025-06-24,066570,76600.0,77600.0,75800.0,76200.0,1168788.0
2025-06-25,066570,76800.0,77000.0,75000.0,76100.0,514310.0
2025-06-26,066570,76200.0,76200.0,74300.0,74700.0,393009.0
2025-06-27,066570,74800.0,75200.0,73700.0,74100.0,434975.0
2025-06-30,066570,74300.0,74800.0,73700.0,73800.0,422420.0
2025-07-01,066570,74300.0,76800.0,74200.0,75400.0,655170.0
2025-07-02,066570,75400.0,76200.0,74600.0,76200.0,419986.0
2025-07-03,066570,76700.0,78000.0,76000.0,77900.0,704594.0
2025-07-04,066570,78600.0,80800.0,77200.0,77200.0,922122.0
2025-07-07,066570,77000.0,77000.0,74000.0,74100.0,791075.0
2025-07-08,066570,73600.0,74600.0,73000.0,73600.0,707380.0
2025-07-09,066570,73800.0,74100.0,73200.0,73700.0,360540.0
2025-07-10,066570,75000.0,76000.0,74400.0,75400.0,623424.0
2025-07-11,066570,75400.0,76100.0,74800.0,75300.0,332192.0
2025-07-14,066570,75800.0,80900.0,75700.0,77200.0,1769412.0
2025-07-15,066570,77100.0,77400.0,76200.0,76900.0,478176.0
2025-07-16,066570,76600.0,76800.0,75400.0,75400.0,531088.0
2025-07-17,066570,76000.0,76200.0,74600.0,76000.0,375098.0
2025-07-18,066570,76200.0,76600.0,75700.0,76200.0,268217.0
2025-07-21,066570,76100.0,77000.0,75800.0,76600.0,277303.0
2025-07-22,066570,77200.0,79000.0,76400.0,76900.0,893819.0
2025-07-23,066570,77700.0,79500.0,77100.0,79100.0,1017097.0
2025-07-24,066570,79000.0,79100.0,77400.0,77900.0,628366.0
2025-07-25,066570,79000.0,79000.0,76800.0,77100.0,431257.0
2025-07-28,066570,77400.0,78400.0,76900.0,77800.0,374976.0
2025-07-29,066570,77400.0,77800.0,76400.0,77400.0,357009.0
2025-07-30,066570,77200.0,79500.0,77000.0,78700.0,779571.0
2025-07-31,066570,79900.0,80000.0,76900.0,77400.0,735716.0
2025-08-01,066570,76800.0,77500.0,75000.0,75000.0,600252.0
2025-08-04,066570,75500.0,76000.0,74800.0,75800.0,245078.0
2025-08-05,066570,76200.0,77300.0,76100.0,76600.0,355246.0
2025-08-06,066570,76100.0,77400.0,76100.0,76900.0,254054.0
2025-08-07,066570,77000.0,77400.0,76400.0,77200.0,250257.0
2025-08-08,066570,77100.0,77400.0,76600.0,76900.0,271831.0
2025-08-11,066570,77000.0,78100.0,76600.0,76600.0,348955.0
2025-08-12,066570,76500.0,77100.0,75900.0,75900.0,314487.0
2025-08-13,066570,76400.0,78900.0,76000.0,78300.0,838607.0
2025-08-14,066570,78500.0,78500.0,77000.0,77200.0,367302.0
2025-08-18,066570,77200.0,77700.0,76700.0,76800.0,287958.0
2025-08-19,066570,76900.0,77100.0,75600.0,76500.0,307306.0
2025-08-20,066570,76200.0,76800.0,75400.0,76700.0,373742.0
2025-08-21,066570,76900.0,76900.0,75700.0,75800.0,359488.0
2025-08-22,066570,76000.0,76800.0,75000.0,75300.0,378845.0
2025-08-25,066570,75800.0,76000.0,75500.0,75900.0,174807.0
2025-08-26,066570,75600.0,76700.0,75300.0,75300.0,416636.0
2025-08-27,066570,75800.0,75800.0,75100.0,75200.0,263165.0
2025-08-28,066570,75300.0,75500.0,74900.0,75200.0,280205.0
2025-08-29,066570,75400.0,75500.0,73600.0,73900.0,546283.0
2025-09-01,066570,73900.0,73900.0,72000.0,72200.0,348361.0
2025-09-02,066570,72200.0,72900.0,72000.0,72900.0,401821.0
2025-09-03,066570,72800.0,74500.0,72800.0,74400.0,309645.0
2025-09-04,066570,74100.0,75900.0,74000.0,75300.0,531146.0
2025-09-05,066570,75600.0,75700.0,74700.0,75100.0,226879.0
2025-09-08,066570,75100.0,75400.0,74700.0,75200.0,183302.0
2025-09-09,066570,75300.0,75800.0,74700.0,75600.0,268395.0
2025-09-10,066570,75600.0,76200.0,75000.0,75800.0,332791.0
2025-09-11,066570,75900.0,76600.0,75600.0,75900.0,473494.0
2025-09-12,066570,76300.0,77400.0,76200.0,77000.0,476178.0
2025-09-15,066570,77000.0,77700.0,76800.0,77100.0,375754.0
2025-09-16,066570,77200.0,77500.0,76800.0,77000.0,375476.0
2025-09-17,066570,77400.0,78800.0,77200.0,77900.0,703739.0
2025-09-18,066570,81300.0,83800.0,80000.0,82200.0,3742513.0
2025-09-19,066570,81800.0,81800.0,79100.0,79100.0,1177491.0
2025-09-22,066570,80100.0,81600.0,79700.0,79700.0,641705.0
2025-09-23,066570,80700.0,80900.0,78700.0,79400.0,729541.0
2025-09-24,066570,79100.0,79100.0,77000.0,78000.0,635037.0
2025-09-25,066570,77500.0,78200.0,77400.0,77900.0,424766.0
2025-09-26,066570,77200.0,77400.0,76000.0,76300.0,548336.0
2025-09-29,066570,77000.0,77700.0,76400.0,76700.0,318695.0
2025-09-30,066570,76500.0,76500.0,75000.0,75600.0,846132.0
2025-10-01,066570,76100.0,76300.0,75000.0,75100.0,305645.0
2025-10-02,066570,75900.0,77000.0,75650.0,76400.0,814910.0
2025-10-10,066570,77600.0,79100.0,76900.0,79000.0,955851.0
2025-10-13,066570,77800.0,81300.0,77000.0,81000.0,1378387.0
2025-10-14,066570,81500.0,83800.0,81100.0,83000.0,1742436.0
2025-10-15,066570,83500.0,84500.0,82600.0,84300.0,788790.0
2025-10-16,066570,83100.0,84400.0,83100.0,83900.0,628316.0
2025-10-17,066570,83300.0,84700.0,83100.0,84200.0,556190.0
2025-10-20,066570,85800.0,91400.0,85700.0,91000.0,2111530.0
2025-10-21,066570,91400.0,91900.0,88600.0,89200.0,1062670.0
2025-10-22,066570,90000.0,90100.0,87600.0,89600.0,605113.0
2025-10-23,066570,88600.0,91200.0,88300.0,90200.0,756369.0
2025-10-24,066570,90400.0,90500.0,86400.0,88000.0,1159776.0
2025-10-27,066570,88200.0,90800.0,88100.0,89000.0,579322.0
2025-10-28,066570,89100.0,89200.0,88100.0,89100.0,460279.0
2025-10-29,066570,89700.0,89700.0,88100.0,88800.0,705875.0
2025-10-30,066570,89100.0,90200.0,87100.0,87600.0,752690.0
2025-10-31,066570,86800.0,88500.0,86300.0,87600.0,1104075.0
2025-11-03,066570,88700.0,90200.0,87900.0,88600.0,927485.0
2025-11-04,066570,88600.0,91300.0,88300.0,88500.0,932443.0
2025-11-05,066570,88000.0,88000.0,83400.0,87100.0,912444.0
2025-11-06,066570,89100.0,93300.0,88700.0,91700.0,2254077.0
2025-11-07,066570,91100.0,91100.0,87600.0,88300.0,1113728.0
2025-11-10,066570,89000.0,90400.0,86700.0,89600.0,702948.0
2025-11-11,066570,90300.0,92500.0,89800.0,90600.0,971144.0
2025-11-12,066570,94500.0,94500.0,92000.0,92900.0,1023036.0
2025-11-13,066570,92900.0,96200.0,91800.0,92500.0,1173916.0
2025-11-14,066570,90600.0,92300.0,90000.0,90200.0,586352.0
2025-11-17,066570,92000.0,92000.0,90400.0,91400.0,480706.0
2025-11-18,066570,90700.0,91000.0,87500.0,87600.0,632417.0
2025-11-19,066570,88500.0,88600.0,85000.0,87100.0,613143.0
2025-11-20,066570,88900.0,89200.0,87300.0,87300.0,355910.0
2025-11-21,066570,85200.0,86700.0,84900.0,86400.0,311895.0
2025-11-24,066570,87500.0,87500.0,84000.0,84000.0,759352.0
2025-11-25,066570,85800.0,87700.0,85100.0,85200.0,485683.0
2025-11-26,066570,86200.0,86500.0,84700.0,86500.0,455906.0
2025-11-27,066570,86600.0,87100.0,85000.0,85400.0,548757.0
2025-11-28,066570,85800.0,86100.0,84900.0,85600.0,322741.0
2025-12-01,066570,85800.0,86400.0,85100.0,85400.0,428509.0
2025-12-02,066570,85800.0,87200.0,85500.0,87200.0,400432.0
2025-12-03,066570,87200.0,90500.0,86800.0,89500.0,568024.0
2025-12-04,066570,89900.0,95600.0,89000.0,94800.0,1757147.0
2025-12-05,066570,98200.0,102500.0,97400.0,99700.0,2776901.0
2025-12-08,066570,99700.0,99800.0,96100.0,97100.0,851551.0
2025-12-09,066570,97000.0,97000.0,94800.0,95500.0,691477.0
2025-12-10,066570,95800.0,95900.0,94000.0,94500.0,538045.0
2025-12-11,066570,95900.0,96800.0,94700.0,94700.0,785399.0
2025-12-12,066570,95700.0,96400.0,94800.0,96400.0,481346.0
2025-12-15,066570,94700.0,97100.0,94200.0,95700.0,581279.0
2025-12-16,066570,96100.0,96200.0,92800.0,93100.0,559341.0
2025-12-17,066570,94000.0,96500.0,93400.0,96300.0,668159.0
2025-12-18,066570,94000.0,94200.0,91500.0,93000.0,681180.0
2025-12-19,066570,94100.0,94300.0,92700.0,94300.0,775883.0
2025-12-22,066570,94800.0,94900.0,93000.0,93900.0,475361.0
2025-12-23,066570,94100.0,94700.0,92500.0,92700.0,426912.0
2025-12-24,066570,93200.0,94100.0,92500.0,92500.0,288895.0
2025-12-26,066570,93400.0,93400.0,91500.0,91600.0,368644.0
2025-12-29,066570,91300.0,91900.0,90300.0,91800.0,373276.0
2025-12-30,066570,92000.0,92200.0,90900.0,91900.0,418596.0
2026-01-02,066570,92200.0,92200.0,90800.0,91400.0,467181.0
2026-01-05,066570,92500.0,94700.0,92400.0,93000.0,753679.0
2026-01-06,066570,94000.0,96400.0,93000.0,94000.0,870410.0
2026-01-07,066570,94000.0,94000.0,90800.0,92300.0,1018835.0
2026-01-08,066570,92000.0,92900.0,91100.0,92200.0,767354.0
2026-01-09,066570,92000.0,92200.0,87900.0,89100.0,1547720.0
2026-01-12,066570,88900.0,89000.0,86600.0,88000.0,1165681.0
2026-01-13,066570,88600.0,90800.0,88200.0,90800.0,1125930.0
2026-01-14,066570,91900.0,97200.0,91100.0,92500.0,2215408.0
2026-01-15,066570,92200.0,94400.0,91700.0,94000.0,1123935.0
2026-01-16,066570,95100.0,103700.0,94300.0,98400.0,4653041.0
2026-01-19,066570,97700.0,107600.0,95300.0,106900.0,3808484.0
2026-01-20,066570,109200.0,109300.0,102100.0,105000.0,1913232.0
2026-01-21,066570,102500.0,110500.0,101500.0,109300.0,2536425.0
2026-01-22,066570,111600.0,111600.0,105400.0,106200.0,1726668.0
2026-01-23,066570,106200.0,108600.0,104700.0,105600.0,1221871.0
2026-01-26,066570,104900.0,105000.0,101700.0,102500.0,1442337.0
2026-01-27,066570,101300.0,101400.0,99500.0,101300.0,1125191.0
2026-01-28,066570,102000.0,102100.0,99800.0,99900.0,1273383.0
2026-01-29,066570,100100.0,101500.0,97500.0,100900.0,1479925.0
2026-01-30,066570,100000.0,102200.0,98800.0,99100.0,1139046.0
2026-02-02,066570,98300.0,100200.0,95400.0,96600.0,1073877.0
2026-02-03,066570,98700.0,100700.0,98100.0,100300.0,1037039.0
2026-02-04,066570,100300.0,103800.0,100200.0,102800.0,1383130.0
2026-02-05,066570,101800.0,102600.0,99500.0,100300.0,824988.0
2026-02-06,066570,98300.0,99200.0,96000.0,99200.0,802143.0
2026-02-09,066570,101200.0,103200.0,100100.0,102600.0,899239.0
2026-02-10,066570,103300.0,104700.0,102500.0,104000.0,1117921.0
2026-02-11,066570,106500.0,128700.0,106400.0,127900.0,13160492.0
2026-02-12,066570,127800.0,127800.0,119000.0,121400.0,5121457.0
2026-02-13,066570,117900.0,119700.0,116100.0,117200.0,2261854.0
2026-02-19,066570,120000.0,122600.0,119000.0,121100.0,1916025.0
2026-02-20,066570,120300.0,126100.0,120300.0,123600.0,1906702.0
2026-02-23,066570,125400.0,139500.0,124500.0,132600.0,5519357.0
2026-02-24,066570,134700.0,135800.0,128600.0,134500.0,1918668.0
2026-02-25,066570,134400.0,134400.0,131200.0,133300.0,1265443.0
2026-02-26,066570,142000.0,149100.0,140500.0,146700.0,4568151.0
2026-02-27,066570,144700.0,151900.0,143600.0,145700.0,2611013.0
2026-03-03,066570,140100.0,141300.0,127000.0,127600.0,2709473.0
2026-03-04,066570,118000.0,123100.0,106700.0,109000.0,2558128.0
2026-03-05,066570,118700.0,120700.0,113900.0,115400.0,1954025.0
2026-03-06,066570,112500.0,119400.0,112500.0,118000.0,1179043.0
2026-03-09,066570,110800.0,113700.0,108000.0,113400.0,1042771.0
2026-03-10,066570,119300.0,119300.0,113300.0,115900.0,1051235.0
2026-03-11,066570,118600.0,122500.0,116500.0,117900.0,1047058.0
2026-03-12,066570,116300.0,117400.0,113800.0,114000.0,956070.0
2026-03-13,066570,110600.0,114400.0,109800.0,113100.0,733098.0
2026-03-16,066570,112900.0,116700.0,112300.0,114200.0,648220.0
2026-03-17,066570,116900.0,117400.0,114500.0,114500.0,691353.0
2026-03-18,066570,116400.0,120700.0,115800.0,120000.0,933385.0
2026-03-19,066570,115900.0,117900.0,115200.0,116200.0,560434.0
2026-03-20,066570,117000.0,120300.0,116500.0,117900.0,797591.0
2026-03-23,066570,111300.0,113500.0,109000.0,109500.0,932229.0
2026-03-24,066570,114200.0,116000.0,110900.0,114300.0,655877.0
2026-03-25,066570,116100.0,117300.0,114200.0,114700.0,757815.0
2026-03-26,066570,114300.0,115200.0,111200.0,113000.0,580950.0
2026-03-27,066570,109100.0,112200.0,107700.0,112000.0,552035.0
2026-03-30,066570,105700.0,108900.0,104600.0,108300.0,462366.0
2026-03-31,066570,105300.0,107900.0,103600.0,105600.0,759539.0
2026-04-01,066570,110700.0,113100.0,109200.0,112500.0,676738.0
2026-04-02,066570,115300.0,116400.0,107200.0,108800.0,882435.0
2026-04-03,066570,110800.0,111500.0,107300.0,108300.0,439721.0
2026-04-06,066570,108100.0,110200.0,107800.0,109400.0,351253.0
2026-04-07,066570,111400.0,114400.0,105000.0,107100.0,1090464.0
2026-04-08,066570,114200.0,117300.0,112900.0,116700.0,1193144.0
2026-04-09,066570,117100.0,120700.0,115700.0,117200.0,1188521.0
2026-04-10,066570,119000.0,119900.0,117200.0,118400.0,608715.0
2026-04-13,066570,115300.0,116800.0,114700.0,115300.0,469084.0
2026-04-14,066570,118200.0,121400.0,117600.0,120000.0,679271.0
2026-04-15,066570,124000.0,126300.0,121000.0,122200.0,970337.0
2026-04-16,066570,123300.0,127000.0,122500.0,126000.0,862043.0
2026-04-17,066570,125400.0,125600.0,123200.0,124200.0,519561.0
2026-04-20,066570,123700.0,125800.0,123000.0,124500.0,448899.0
2026-04-21,066570,125800.0,127000.0,125300.0,126600.0,600138.0
2026-04-22,066570,126000.0,133900.0,125600.0,132800.0,1430607.0
2026-04-23,066570,135900.0,135900.0,126600.0,129900.0,1201334.0
2026-04-24,066570,130800.0,132900.0,126100.0,127500.0,815555.0
2026-04-27,066570,128700.0,131200.0,127300.0,130000.0,628169.0
2026-04-28,066570,141600.0,149000.0,138800.0,140000.0,3412120.0
2026-04-29,066570,141200.0,142100.0,134600.0,135800.0,1519252.0
2026-04-30,066570,140300.0,151700.0,138800.0,140900.0,4601367.0
2026-05-04,066570,146200.0,146200.0,140300.0,143200.0,1517270.0
2026-05-06,066570,147400.0,157000.0,147000.0,154900.0,3976159.0
2026-05-07,066570,155000.0,155700.0,145000.0,148700.0,1943210.0
2026-05-08,066570,148000.0,158400.0,145800.0,154100.0,2029897.0
2026-05-11,066570,157600.0,158600.0,152000.0,156700.0,1761737.0
2026-05-12,066570,161400.0,194900.0,160400.0,184900.0,10296997.0
2026-05-13,066570,192800.0,195000.0,183900.0,191400.0,4385663.0
2026-05-14,066570,202000.0,224500.0,201000.0,217000.0,4316463.0
2026-05-15,066570,256000.0,266500.0,233000.0,240500.0,5856267.0
2026-05-18,066570,249000.0,249500.0,212000.0,217000.0,3949389.0
2026-05-19,066570,209500.0,214000.0,187400.0,191700.0,4689967.0
2026-05-20,066570,189500.0,190100.0,175300.0,181000.0,3723283.0
2026-05-21,066570,192300.0,235000.0,191000.0,235000.0,5319048.0
2026-05-22,066570,241000.0,247500.0,228000.0,237000.0,4120471.0
2026-05-26,066570,246000.0,249000.0,228000.0,239500.0,2749083.0
2026-05-27,066570,244000.0,245500.0,230000.0,235000.0,2775873.0
2026-05-28,066570,234500.0,243000.0,215000.0,225500.0,3018457.0
2026-05-29,066570,255500.0,293000.0,248500.0,293000.0,9128469.0
2026-06-01,066570,375000.0,380500.0,358500.0,380500.0,5176636.0
2026-06-02,066570,423000.0,438000.0,330000.0,392500.0,10466703.0
2026-06-04,066570,358000.0,361000.0,328000.0,328000.0,4294026.0
2026-06-05,066570,320000.0,336000.0,294500.0,303000.0,6066192.0
2026-06-08,066570,255000.0,292500.0,254500.0,268000.0,4274007.0
2026-06-09,066570,274500.0,277000.0,228000.0,248000.0,5188949.0
2026-06-10,066570,236000.0,251000.0,216500.0,224000.0,3685996.0
2026-06-11,066570,210000.0,228000.0,207500.0,226000.0,3299797.0
2026-06-12,066570,236500.0,247500.0,223000.0,225500.0,2953732.0
2026-06-15,066570,234000.0,262000.0,232500.0,243500.0,2656201.0
2026-06-16,066570,249500.0,250000.0,232000.0,234000.0,1602695.0
2026-06-17,066570,229000.0,239500.0,224000.0,234500.0,1260211.0
2026-06-18,066570,239500.0,242000.0,226000.0,228500.0,1541989.0
2026-06-19,066570,229000.0,229500.0,205500.0,211500.0,2963743.0
2026-06-22,066570,227000.0,241500.0,221000.0,227500.0,3353936.0
2026-06-23,066570,228500.0,229000.0,201000.0,202000.0,1955116.0
2026-06-24,066570,202500.0,209500.0,198200.0,204500.0,1449985.0
2026-06-25,066570,210000.0,210500.0,200500.0,203000.0,1063971.0
2026-06-26,066570,198100.0,201000.0,183900.0,195900.0,2018400.0
2026-06-29,066570,195600.0,198600.0,186100.0,196700.0,1599058.0
2026-06-30,066570,207000.0,207500.0,199300.0,203000.0,1364895.0
2026-07-01,066570,202500.0,202500.0,190200.0,193300.0,1449121.0
2026-07-02,066570,185000.0,198600.0,182100.0,192300.0,2074211.0
2026-07-03,066570,190000.0,191300.0,177400.0,191000.0,1441814.0
2026-07-06,066570,192000.0,194500.0,181400.0,185700.0,1044645.0
2026-07-07,066570,182000.0,189100.0,175000.0,189100.0,1826162.0
2026-07-08,066570,187400.0,206000.0,186400.0,195800.0,3314380.0
2026-07-09,066570,195000.0,195400.0,175400.0,178000.0,2127439.0
2026-07-10,066570,179700.0,186300.0,178100.0,182400.0,1319871.0
2026-07-13,066570,185500.0,208500.0,183800.0,185600.0,2664002.0
2026-07-14,066570,185200.0,188400.0,175800.0,185400.0,1853525.0
2026-07-15,066570,191500.0,197900.0,189700.0,194000.0,1412397.0
2026-07-16,066570,192000.0,192700.0,177500.0,179000.0,1389002.0
2025-01-15,069500,32550.0,32793.0,32307.0,32375.0,7296238.0
2025-01-16,069500,32818.0,32964.0,32725.0,32837.0,6922713.0
2025-01-17,069500,32706.0,32862.0,32594.0,32769.0,5557357.0
2025-01-20,069500,32930.0,32944.0,32643.0,32716.0,5841451.0
2025-01-21,069500,32915.0,33168.0,32560.0,32745.0,7325277.0
2025-01-22,069500,32978.0,33221.0,32813.0,33119.0,5154702.0
2025-01-23,069500,33076.0,33085.0,32716.0,32764.0,4061841.0
2025-01-24,069500,32925.0,33101.0,32794.0,32959.0,8003633.0
2025-01-31,069500,32598.0,32686.0,32354.0,32637.0,7968125.0
2025-02-03,069500,31940.0,31940.0,31501.0,31744.0,15992871.0
2025-02-04,069500,32135.0,32593.0,32008.0,32140.0,12353472.0
2025-02-05,069500,32486.0,32676.0,32408.0,32520.0,6660206.0
2025-02-06,069500,32730.0,32857.0,32589.0,32847.0,5193521.0
2025-02-07,069500,32867.0,32896.0,32598.0,32633.0,8051650.0
2025-02-10,069500,32462.0,32779.0,32315.0,32701.0,6652046.0
2025-02-11,069500,32872.0,33116.0,32769.0,32959.0,7984848.0
2025-02-12,069500,32906.0,33042.0,32725.0,33003.0,8194713.0
2025-02-13,069500,33116.0,33369.0,33086.0,33369.0,6761951.0
2025-02-14,069500,33423.0,33691.0,33384.0,33535.0,7852858.0
2025-02-17,069500,33647.0,33823.0,33579.0,33779.0,5379149.0
2025-02-18,069500,33813.0,34087.0,33725.0,34028.0,5097918.0
2025-02-19,069500,34155.0,34867.0,34155.0,34721.0,6402008.0
2025-02-20,069500,34628.0,34672.0,34370.0,34418.0,8346946.0
2025-02-21,069500,34496.0,34496.0,34223.0,34457.0,6559058.0
2025-02-24,069500,34165.0,34248.0,34018.0,34243.0,7071669.0
2025-02-25,069500,33823.0,34179.0,33794.0,34062.0,6002672.0
2025-02-26,069500,34028.0,34345.0,33887.0,34233.0,5328575.0
2025-02-27,069500,34262.0,34282.0,33921.0,34096.0,7010167.0
2025-02-28,069500,33550.0,33584.0,32842.0,32964.0,19923209.0
2025-03-04,069500,32798.0,33101.0,32633.0,32881.0,7406692.0
2025-03-05,069500,33120.0,33316.0,32852.0,33130.0,8642018.0
2025-03-06,069500,33286.0,33560.0,33228.0,33457.0,7348202.0
2025-03-07,069500,33150.0,33447.0,32969.0,33301.0,4654882.0
2025-03-10,069500,33106.0,33477.0,33067.0,33379.0,4894625.0
2025-03-11,069500,32589.0,33096.0,32491.0,33003.0,7986090.0
2025-03-12,069500,33150.0,33608.0,32989.0,33525.0,7247059.0
2025-03-13,069500,33725.0,33901.0,33335.0,33364.0,8971977.0
2025-03-14,069500,33403.0,33647.0,33345.0,33550.0,7103727.0
2025-03-17,069500,33804.0,34262.0,33804.0,34204.0,5632997.0
2025-03-18,069500,34594.0,34721.0,34218.0,34287.0,6349639.0
2025-03-19,069500,34306.0,34786.0,34306.0,34579.0,4813408.0
2025-03-20,069500,34833.0,34950.0,34643.0,34814.0,5766859.0
2025-03-21,069500,34740.0,35033.0,34667.0,34979.0,6406744.0
2025-03-24,069500,34843.0,35067.0,34736.0,34858.0,6432936.0
2025-03-25,069500,35062.0,35072.0,34618.0,34696.0,6733907.0
2025-03-26,069500,34843.0,35101.0,34721.0,34989.0,5253543.0
2025-03-27,069500,34628.0,34877.0,34531.0,34560.0,7368912.0
2025-03-28,069500,34418.0,34418.0,33833.0,34004.0,9649705.0
2025-03-31,069500,33394.0,33394.0,32950.0,33047.0,11256083.0
2025-04-01,069500,33296.0,33647.0,33120.0,33521.0,9369203.0
2025-04-02,069500,33564.0,33608.0,33218.0,33355.0,6965220.0
2025-04-03,069500,32350.0,32969.0,32301.0,32940.0,11372532.0
2025-04-04,069500,32515.0,33194.0,32213.0,32647.0,20990534.0
2025-04-07,069500,31188.0,31276.0,30642.0,30788.0,25824292.0
2025-04-08,069500,31374.0,31422.0,30642.0,30773.0,20274211.0
2025-04-09,069500,30710.0,30803.0,30095.0,30261.0,18282333.0
2025-04-10,069500,31949.0,32125.0,31588.0,32125.0,12121643.0
2025-04-11,069500,31593.0,32027.0,31481.0,32027.0,12588283.0
2025-04-14,069500,32203.0,32428.0,32130.0,32232.0,5646825.0
2025-04-15,069500,32276.0,32637.0,32276.0,32550.0,8955426.0
2025-04-16,069500,32413.0,32472.0,32027.0,32042.0,7209465.0
2025-04-17,069500,32130.0,32418.0,32062.0,32359.0,6982625.0
2025-04-18,069500,32413.0,32579.0,32310.0,32579.0,6052388.0
2025-04-21,069500,32584.0,32774.0,32491.0,32623.0,5042909.0
2025-04-22,069500,32462.0,32681.0,32452.0,32515.0,5805326.0
2025-04-23,069500,33057.0,33145.0,32891.0,33101.0,6851601.0
2025-04-24,069500,33106.0,33150.0,32833.0,33042.0,6900380.0
2025-04-25,069500,33403.0,33506.0,33238.0,33350.0,5934757.0
2025-04-28,069500,33408.0,33525.0,33316.0,33374.0,2992639.0
2025-04-29,069500,33468.0,33779.0,33354.0,33601.0,7146100.0
2025-04-30,069500,33567.0,33730.0,33389.0,33532.0,6405421.0
2025-05-02,069500,33508.0,33710.0,33290.0,33562.0,5712660.0
2025-05-07,069500,33923.0,33992.0,33636.0,33849.0,6920636.0
2025-05-08,069500,33903.0,34061.0,33849.0,33863.0,6338845.0
2025-05-09,069500,33928.0,34007.0,33755.0,33858.0,6499408.0
2025-05-12,069500,34091.0,34338.0,34021.0,34338.0,6421569.0
2025-05-13,069500,34486.0,34629.0,34338.0,34417.0,8592875.0
2025-05-14,069500,34728.0,35034.0,34649.0,34876.0,9713266.0
2025-05-15,069500,34782.0,34955.0,34575.0,34619.0,6776697.0
2025-05-16,069500,34748.0,34856.0,34654.0,34748.0,6514477.0
2025-05-19,069500,34580.0,34614.0,34234.0,34357.0,7825141.0
2025-05-20,069500,34624.0,34708.0,34387.0,34427.0,6132028.0
2025-05-21,069500,34590.0,34834.0,34580.0,34644.0,6357590.0
2025-05-22,069500,34451.0,34486.0,34115.0,34199.0,4470551.0
2025-05-23,069500,34293.0,34372.0,34199.0,34229.0,5650537.0
2025-05-26,069500,34313.0,34807.0,34288.0,34772.0,5728529.0
2025-05-27,069500,34679.0,34911.0,34644.0,34881.0,6269691.0
2025-05-28,069500,34995.0,35682.0,34940.0,35355.0,11207605.0
2025-05-29,069500,35756.0,36082.0,35612.0,36057.0,14072715.0
2025-05-30,069500,35924.0,36027.0,35652.0,35711.0,7797593.0
2025-06-02,069500,35612.0,36047.0,35523.0,35696.0,7486036.0
2025-06-04,069500,36181.0,36729.0,36176.0,36699.0,10319553.0
2025-06-05,069500,36986.0,37727.0,36956.0,37342.0,13088194.0
2025-06-09,069500,37925.0,38236.0,37836.0,37989.0,12731780.0
2025-06-10,069500,38246.0,38429.0,37880.0,38211.0,9915038.0
2025-06-11,069500,38404.0,38725.0,38335.0,38661.0,6715932.0
2025-06-12,069500,38685.0,39002.0,38656.0,38730.0,10660706.0
2025-06-13,069500,38878.0,38918.0,38201.0,38404.0,9080819.0
2025-06-16,069500,38537.0,39145.0,38285.0,39105.0,10266895.0
2025-06-17,069500,39249.0,39936.0,38952.0,39209.0,13390906.0
2025-06-18,069500,38937.0,39698.0,38913.0,39540.0,12760056.0
2025-06-19,069500,39797.0,39916.0,39283.0,39604.0,11577706.0
2025-06-20,069500,39768.0,40183.0,39565.0,40158.0,11812066.0
2025-06-23,069500,39782.0,40178.0,39412.0,40118.0,12507907.0
2025-06-24,069500,40736.0,41472.0,40736.0,41442.0,13684554.0
2025-06-25,069500,41724.0,41877.0,41210.0,41571.0,15173658.0
2025-06-26,069500,41571.0,41675.0,40662.0,41195.0,14089726.0
2025-06-27,069500,41200.0,41452.0,40805.0,40943.0,10580971.0
2025-06-30,069500,41195.0,41447.0,41047.0,41205.0,9910040.0
2025-07-01,069500,41393.0,42050.0,41324.0,41324.0,10816775.0
2025-07-02,069500,41230.0,41393.0,40657.0,41166.0,12237505.0
2025-07-03,069500,41452.0,41808.0,41309.0,41803.0,12269855.0
2025-07-04,069500,41971.0,41986.0,40993.0,40998.0,13375068.0
2025-07-07,069500,40790.0,41220.0,40617.0,41062.0,11609894.0
2025-07-08,069500,41190.0,41887.0,41156.0,41823.0,12537585.0
2025-07-09,069500,41838.0,42035.0,41635.0,41946.0,10141793.0
2025-07-10,069500,42065.0,42524.0,41882.0,42490.0,13150993.0
2025-07-11,069500,42574.0,43127.0,42445.0,42515.0,13631260.0
2025-07-14,069500,42475.0,42979.0,42421.0,42910.0,9974195.0
2025-07-15,069500,42796.0,43196.0,42633.0,43191.0,12681023.0
2025-07-16,069500,43098.0,43103.0,42638.0,42786.0,10210315.0
2025-07-17,069500,42930.0,42969.0,42302.0,42870.0,10655103.0
2025-07-18,069500,42954.0,43112.0,42594.0,42826.0,9874220.0
2025-07-21,069500,42801.0,43241.0,42796.0,43172.0,8655366.0
2025-07-22,069500,43142.0,43300.0,42381.0,42579.0,12511160.0
2025-07-23,069500,42875.0,42969.0,42193.0,42732.0,11117591.0
2025-07-24,069500,42984.0,43463.0,42653.0,42687.0,13450130.0
2025-07-25,069500,42594.0,42974.0,42569.0,42796.0,9680483.0
2025-07-28,069500,43191.0,43310.0,42574.0,43019.0,7430915.0
2025-07-29,069500,42841.0,43374.0,42455.0,43310.0,6799122.0
2025-07-30,069500,43300.0,43955.0,43275.0,43682.0,9890236.0
2025-07-31,069500,44024.0,44178.0,43389.0,43578.0,13900501.0
2025-08-01,069500,42948.0,43042.0,41767.0,41807.0,17690227.0
2025-08-04,069500,41797.0,42412.0,41609.0,42288.0,11573821.0
2025-08-05,069500,42764.0,43122.0,42546.0,42864.0,11291364.0
2025-08-06,069500,42566.0,42859.0,42482.0,42839.0,8036070.0
2025-08-07,069500,43151.0,43211.0,42804.0,43206.0,9590905.0
2025-08-08,069500,43246.0,43375.0,42968.0,43102.0,11119164.0
2025-08-11,069500,43161.0,43260.0,42973.0,43112.0,7740079.0
2025-08-12,069500,43156.0,43672.0,42933.0,42973.0,9132550.0
2025-08-13,069500,43389.0,43454.0,42978.0,43414.0,10413788.0
2025-08-14,069500,43523.0,43647.0,43211.0,43375.0,8684385.0
2025-08-18,069500,43151.0,43151.0,42720.0,42720.0,7707889.0
2025-08-19,069500,42834.0,42888.0,42303.0,42417.0,8222072.0
2025-08-20,069500,42035.0,42194.0,41504.0,42164.0,12580308.0
2025-08-21,069500,42263.0,42611.0,42194.0,42268.0,6223425.0
2025-08-22,069500,42541.0,42834.0,42482.0,42621.0,9081961.0
2025-08-25,069500,42993.0,43141.0,42794.0,43141.0,7720252.0
2025-08-26,069500,43007.0,43057.0,42645.0,42735.0,9170983.0
2025-08-27,069500,42779.0,42824.0,42482.0,42804.0,8286816.0
2025-08-28,069500,42591.0,43216.0,42442.0,43022.0,7146859.0
2025-08-29,069500,43151.0,43241.0,42819.0,42859.0,10214901.0
2025-09-01,069500,42472.0,42645.0,42035.0,42139.0,6703931.0
2025-09-02,069500,42239.0,42647.0,42239.0,42586.0,8582252.0
2025-09-03,069500,42596.0,42869.0,42526.0,42799.0,7639777.0
2025-09-04,069500,42779.0,43131.0,42774.0,42958.0,7698151.0
2025-09-05,069500,43092.0,43265.0,42968.0,43131.0,8931815.0
2025-09-08,069500,43231.0,43325.0,43097.0,43300.0,7273442.0
2025-09-09,069500,43424.0,43940.0,43305.0,43890.0,11885228.0
2025-09-10,069500,44049.0,44887.0,44049.0,44813.0,15089833.0
2025-09-11,069500,45081.0,45255.0,44739.0,45106.0,10449891.0
2025-09-12,069500,45622.0,46083.0,45508.0,46018.0,11733021.0
2025-09-15,069500,46356.0,46544.0,46048.0,46291.0,11151346.0
2025-09-16,069500,46386.0,47120.0,46336.0,47045.0,9928287.0
2025-09-17,069500,46768.0,46768.0,46341.0,46470.0,11801517.0
2025-09-18,069500,46797.0,47318.0,46594.0,47283.0,11809928.0
2025-09-19,069500,47363.0,47487.0,46986.0,47110.0,10738474.0
2025-09-22,069500,47388.0,47839.0,47368.0,47571.0,12336025.0
2025-09-23,069500,47928.0,48082.0,47621.0,47953.0,11019850.0
2025-09-24,069500,48003.0,48142.0,47368.0,47804.0,12716124.0
2025-09-25,069500,47531.0,47933.0,47467.0,47819.0,11260397.0
2025-09-26,069500,47323.0,47348.0,46311.0,46673.0,14138985.0
2025-09-29,069500,46986.0,47479.0,46986.0,47388.0,8562858.0
2025-09-30,069500,47368.0,47522.0,47174.0,47259.0,6945306.0
2025-10-01,069500,47467.0,47829.0,47467.0,47755.0,6083422.0
2025-10-02,069500,48915.0,49674.0,48742.0,49178.0,19805982.0
2025-10-10,069500,50101.0,50657.0,49779.0,50428.0,16082176.0
2025-10-13,069500,49387.0,49967.0,49005.0,49967.0,12659833.0
2025-10-14,069500,50215.0,50939.0,49074.0,49461.0,18414520.0
2025-10-15,069500,49704.0,50875.0,49660.0,50835.0,14828169.0
2025-10-16,069500,50915.0,52170.0,50915.0,52170.0,17685013.0
2025-10-17,069500,51946.0,53028.0,51837.0,52318.0,15856277.0
2025-10-20,069500,52770.0,53296.0,51951.0,53276.0,13922903.0
2025-10-21,069500,53757.0,54516.0,53241.0,53390.0,17056220.0
2025-10-22,069500,53221.0,54000.0,52715.0,53995.0,15731083.0
2025-10-23,069500,53196.0,54317.0,53028.0,53425.0,13612325.0
2025-10-24,069500,54124.0,54928.0,53965.0,54818.0,16062776.0
2025-10-27,069500,55711.0,56341.0,55642.0,56326.0,18803233.0
2025-10-28,069500,55895.0,55935.0,55200.0,55766.0,13267676.0
2025-10-29,069500,56451.0,56961.0,55706.0,56932.0,14718084.0
2025-10-30,069500,57513.0,58046.0,56934.0,57131.0,23774827.0
2025-10-31,069500,57285.0,57862.0,56842.0,57827.0,18647378.0
2025-11-03,069500,57966.0,59602.0,57802.0,59602.0,19825107.0
2025-11-04,069500,59592.0,59682.0,57926.0,57961.0,23460506.0
2025-11-05,069500,56862.0,56966.0,54172.0,56355.0,34152399.0
2025-11-06,069500,57712.0,57903.0,55947.0,56663.0,17702340.0
2025-11-07,069500,55639.0,56822.0,54674.0,55639.0,22267106.0
2025-11-10,069500,56201.0,57683.0,56047.0,57339.0,13686675.0
2025-11-11,069500,58130.0,59204.0,57344.0,57876.0,18637634.0
2025-11-12,069500,57827.0,58627.0,57533.0,58478.0,12495289.0
2025-11-13,069500,58070.0,59035.0,58036.0,58747.0,12628289.0
2025-11-14,069500,57001.0,57384.0,56201.0,56201.0,17196376.0
2025-11-17,069500,57086.0,57479.0,56763.0,57399.0,12050323.0
2025-11-18,069500,56668.0,57175.0,55425.0,55495.0,15659556.0
2025-11-19,069500,55619.0,55651.0,54033.0,55107.0,18671634.0
2025-11-20,069500,56718.0,57175.0,56191.0,56290.0,17055825.0
2025-11-21,069500,53888.0,54346.0,53630.0,53928.0,20386345.0
2025-11-24,069500,54898.0,55062.0,53829.0,53913.0,15258036.0
2025-11-25,069500,55440.0,55614.0,53938.0,54306.0,14043892.0
2025-11-26,069500,54778.0,55773.0,54420.0,55773.0,14726530.0
2025-11-27,069500,56280.0,56837.0,55907.0,56166.0,12104858.0
2025-11-28,069500,56429.0,56429.0,55251.0,55345.0,11251707.0
2025-12-01,069500,55902.0,56116.0,54774.0,55271.0,9289137.0
2025-12-02,069500,55619.0,56494.0,55524.0,56365.0,10198943.0
2025-12-03,069500,56584.0,57295.0,56285.0,56981.0,14688911.0
2025-12-04,069500,56693.0,56837.0,56131.0,56837.0,11168470.0
2025-12-05,069500,56703.0,57921.0,56454.0,57921.0,14263136.0
2025-12-08,069500,58135.0,58702.0,57598.0,58697.0,12153710.0
2025-12-09,069500,58448.0,58727.0,58145.0,58384.0,7812588.0
2025-12-10,069500,58528.0,58985.0,58215.0,58359.0,8018714.0
2025-12-11,069500,58707.0,58985.0,57862.0,57881.0,8698536.0
2025-12-12,069500,58170.0,58762.0,57926.0,58672.0,9173722.0
2025-12-15,069500,57250.0,57807.0,57031.0,57339.0,11253993.0
2025-12-16,069500,57260.0,57454.0,56051.0,56091.0,12288182.0
2025-12-17,069500,56320.0,57195.0,56022.0,57175.0,10216650.0
2025-12-18,069500,56265.0,56927.0,56051.0,56509.0,14397808.0
2025-12-19,069500,57339.0,57409.0,56529.0,56807.0,9644529.0
2025-12-22,069500,58021.0,58160.0,57772.0,58105.0,10325154.0
2025-12-23,069500,58394.0,58762.0,58220.0,58274.0,10204387.0
2025-12-24,069500,58598.0,58657.0,58274.0,58289.0,9376352.0
2025-12-26,069500,58528.0,59090.0,58493.0,58786.0,8062255.0
2025-12-29,069500,59314.0,60418.0,59304.0,60388.0,12260591.0
2025-12-30,069500,60124.0,60800.0,60000.0,60562.0,11042571.0
2026-01-02,069500,60582.0,62417.0,60582.0,62317.0,10815202.0
2026-01-05,069500,63501.0,64764.0,63501.0,64684.0,14572317.0
2026-01-06,069500,64490.0,65863.0,63724.0,65848.0,17890983.0
2026-01-07,069500,66653.0,67454.0,65395.0,66355.0,17766761.0
2026-01-08,069500,65907.0,67638.0,65873.0,66255.0,12809589.0
2026-01-09,069500,65972.0,67026.0,65450.0,66812.0,13902133.0
2026-01-12,069500,67663.0,67822.0,66444.0,67240.0,13528844.0
2026-01-13,069500,67777.0,68150.0,67315.0,68090.0,13548296.0
2026-01-14,069500,67951.0,68528.0,67807.0,68463.0,11079897.0
2026-01-15,069500,68225.0,69632.0,68160.0,69632.0,10378628.0
2026-01-16,069500,69861.0,70711.0,69632.0,70368.0,16549158.0
2026-01-19,069500,70184.0,71671.0,70114.0,71387.0,12498536.0
2026-01-20,069500,71238.0,71686.0,70015.0,70800.0,16359908.0
2026-01-21,069500,69518.0,71541.0,69458.0,71362.0,16161858.0
2026-01-22,069500,72735.0,73317.0,71880.0,72133.0,17729592.0
2026-01-23,069500,72606.0,73197.0,71715.0,72625.0,14990090.0
2026-01-26,069500,72740.0,73202.0,71845.0,71909.0,14434721.0
2026-01-27,069500,71676.0,74421.0,71029.0,74366.0,13735502.0
2026-01-28,069500,75236.0,76081.0,74918.0,75758.0,14070558.0
2026-01-29,069500,76853.0,77242.0,74255.0,76694.0,21798530.0
2026-01-30,069500,76147.0,78392.0,76122.0,76963.0,16093102.0
2026-02-02,069500,75345.0,76366.0,72269.0,72378.0,27452903.0
2026-02-03,069500,75116.0,77944.0,74947.0,77944.0,15778994.0
2026-02-04,069500,77291.0,79198.0,76923.0,79034.0,19266118.0
2026-02-05,069500,76809.0,77824.0,75290.0,75674.0,23747830.0
2026-02-06,069500,73324.0,75320.0,71786.0,74862.0,23378493.0
2026-02-09,069500,78018.0,78591.0,77655.0,77993.0,17372644.0
2026-02-10,069500,78949.0,79183.0,78008.0,78088.0,14782253.0
2026-02-11,069500,77879.0,79233.0,77281.0,78765.0,12699227.0
2026-02-12,069500,79910.0,81622.0,79576.0,81612.0,19779772.0
2026-02-13,069500,81423.0,82752.0,80990.0,81498.0,18171783.0
2026-02-19,069500,83539.0,84156.0,83043.0,84017.0,19384408.0
2026-02-20,069500,84201.0,86048.0,84041.0,85918.0,16645861.0
2026-02-23,069500,87636.0,88084.0,85779.0,86555.0,20314504.0
2026-02-24,069500,86640.0,88756.0,85525.0,88691.0,19508819.0
2026-02-25,069500,89462.0,91444.0,88880.0,90488.0,26298192.0
2026-02-26,069500,91150.0,94674.0,90921.0,94605.0,24832935.0
2026-02-27,069500,92579.0,95297.0,92071.0,93704.0,32714943.0
2026-03-03,069500,91628.0,92379.0,86321.0,86321.0,39512774.0
2026-03-04,069500,82911.0,84723.0,75400.0,75564.0,70436008.0
2026-03-05,069500,83643.0,86316.0,81811.0,83200.0,44103996.0
2026-03-06,069500,81393.0,83429.0,79895.0,83190.0,25739647.0
2026-03-09,069500,77281.0,78606.0,75260.0,77884.0,32754810.0
2026-03-10,069500,82334.0,83618.0,80666.0,82533.0,22421899.0
2026-03-11,069500,84574.0,85704.0,82678.0,83454.0,20923558.0
2026-03-12,069500,82697.0,83720.0,82015.0,82832.0,12758999.0
2026-03-13,069500,79736.0,82150.0,79571.0,81179.0,18491710.0
2026-03-16,069500,81597.0,82787.0,80876.0,82618.0,17152796.0
2026-03-17,069500,85321.0,85545.0,84146.0,84260.0,17113439.0
2026-03-18,069500,86257.0,89184.0,86227.0,88975.0,20754259.0
2026-03-19,069500,85893.0,88004.0,85848.0,86366.0,19710305.0
2026-03-20,069500,86944.0,87362.0,86122.0,86277.0,14409574.0
2026-03-23,069500,82797.0,82991.0,80298.0,80666.0,31703059.0
2026-03-24,069500,84360.0,84445.0,80532.0,83135.0,25685910.0
2026-03-25,069500,84923.0,86072.0,83927.0,84136.0,16655370.0
2026-03-26,069500,83230.0,83394.0,80861.0,81239.0,17195961.0
2026-03-27,069500,78536.0,81184.0,77396.0,80866.0,16209837.0
2026-03-30,069500,76983.0,78800.0,76366.0,78332.0,18066595.0
2026-03-31,069500,75947.0,77729.0,74778.0,75096.0,23856704.0
2026-04-01,069500,79581.0,82444.0,78536.0,81806.0,22131287.0
2026-04-02,069500,82847.0,83384.0,76679.0,77844.0,34773946.0
2026-04-03,069500,79855.0,80841.0,79253.0,80218.0,14768751.0
2026-04-06,069500,81050.0,82488.0,80848.0,81388.0,13124647.0
2026-04-07,069500,83185.0,84012.0,81324.0,82404.0,19737648.0
2026-04-08,069500,87461.0,89671.0,87013.0,88606.0,29459194.0
2026-04-09,069500,87919.0,88342.0,86685.0,86864.0,20644276.0
2026-04-10,069500,88402.0,89408.0,88128.0,88263.0,12166003.0
2026-04-13,069500,86082.0,87700.0,86028.0,87491.0,13719159.0
2026-04-14,069500,89846.0,91195.0,89557.0,90030.0,17107534.0
2026-04-15,069500,92992.0,93763.0,91797.0,92255.0,22656534.0
2026-04-16,069500,93047.0,94336.0,92623.0,94291.0,16924258.0
2026-04-17,069500,94137.0,94266.0,93216.0,93634.0,13174740.0
2026-04-20,069500,94067.0,95013.0,93340.0,94082.0,14338913.0
2026-04-21,069500,95257.0,96581.0,95202.0,96491.0,18275546.0
2026-04-22,069500,96556.0,96969.0,95416.0,96870.0,18578115.0
2026-04-23,069500,98000.0,99413.0,95252.0,97920.0,24073690.0
2026-04-24,069500,98258.0,98592.0,96481.0,97566.0,16339206.0
2026-04-27,069500,98547.0,100717.0,98467.0,99797.0,15827121.0
2026-04-28,069500,100409.0,101604.0,99976.0,100255.0,14369967.0
2026-04-29,069500,99750.0,101300.0,99520.0,101045.0,12365723.0
2026-04-30,069500,101755.0,102230.0,99845.0,99905.0,16456253.0
2026-05-04,069500,102530.0,105300.0,101865.0,105295.0,18089459.0
2026-05-06,069500,111460.0,114320.0,110500.0,113270.0,29550199.0
2026-05-07,069500,115305.0,116180.0,111635.0,115620.0,26974175.0
2026-05-08,069500,113000.0,115870.0,112660.0,115810.0,21327494.0
2026-05-11,069500,120630.0,123305.0,119900.0,121805.0,27029568.0
2026-05-12,069500,124065.0,124800.0,115645.0,119100.0,32050394.0
2026-05-13,069500,116485.0,122795.0,114905.0,122655.0,23232596.0
2026-05-14,069500,122790.0,125412.0,122605.0,124855.0,23542845.0
2026-05-15,069500,124535.0,126140.0,115095.0,117200.0,30488390.0
2026-05-18,069500,116060.0,119900.0,111545.0,117840.0,26713441.0
2026-05-19,069500,116105.0,116480.0,111755.0,114315.0,22841558.0
2026-05-20,069500,114795.0,115120.0,110485.0,113340.0,22359555.0
2026-05-21,069500,117695.0,123320.0,117525.0,123060.0,19375734.0
2026-05-22,069500,124105.0,124140.0,122120.0,123350.0,18073093.0
2026-05-26,069500,126380.0,128250.0,125850.0,126755.0,17406514.0
2026-05-27,069500,129745.0,134855.0,129645.0,130600.0,28161697.0
2026-05-28,069500,129535.0,131300.0,124255.0,129990.0,23583705.0
2026-05-29,069500,133530.0,134950.0,132000.0,134815.0,18852382.0
2026-06-01,069500,135000.0,142310.0,134815.0,141395.0,25511969.0
2026-06-02,069500,142700.0,143645.0,136430.0,141575.0,25782083.0
2026-06-04,069500,138375.0,140970.0,137460.0,138730.0,17958598.0
2026-06-05,069500,133445.0,134560.0,128485.0,131030.0,24790445.0
2026-06-08,069500,119015.0,125665.0,117930.0,119560.0,28098581.0
2026-06-09,069500,124780.0,130445.0,121410.0,130130.0,18130146.0
2026-06-10,069500,125915.0,128025.0,120360.0,123795.0,17940673.0
2026-06-11,069500,119145.0,124875.0,117840.0,123850.0,13788825.0
2026-06-12,069500,131505.0,135360.0,129260.0,129270.0,23629787.0
2026-06-15,069500,136320.0,137990.0,135720.0,136290.0,21585193.0
2026-06-16,069500,139500.0,140425.0,136650.0,139550.0,16326022.0
2026-06-17,069500,137720.0,142350.0,137610.0,142055.0,16301201.0
2026-06-18,069500,142305.0,147180.0,142180.0,146945.0,20153826.0
2026-06-19,069500,149000.0,152455.0,143100.0,146910.0,26620203.0
2026-06-22,069500,144690.0,150735.0,144345.0,148355.0,19335392.0
2026-06-23,069500,148310.0,149200.0,132500.0,132820.0,32931869.0
2026-06-24,069500,134645.0,139495.0,130855.0,138145.0,32994512.0
2026-06-25,069500,145980.0,148120.0,143120.0,145830.0,17200294.0
2026-06-26,069500,143990.0,144850.0,132595.0,137380.0,29479487.0
2026-06-29,069500,136495.0,138710.0,131920.0,136415.0,22249173.0
2026-06-30,069500,136405.0,141290.0,133305.0,138580.0,17098232.0
2026-07-01,069500,139670.0,140555.0,131615.0,134525.0,16469581.0
2026-07-02,069500,127565.0,131225.0,121950.0,123530.0,24238689.0
2026-07-03,069500,124385.0,131765.0,118650.0,131010.0,25609740.0
2026-07-06,069500,132760.0,134720.0,126000.0,130125.0,20416755.0
2026-07-07,069500,127350.0,128695.0,118870.0,123710.0,23459803.0
2026-07-08,069500,119975.0,125895.0,115560.0,116865.0,28898857.0
2026-07-09,069500,121315.0,122080.0,113760.0,117700.0,25543395.0
2026-07-10,069500,122250.0,124395.0,119630.0,120605.0,21935200.0
2026-07-13,069500,119630.0,121305.0,108100.0,108820.0,28358089.0
2026-07-14,069500,108820.0,111880.0,102785.0,109720.0,33989327.0
2026-07-15,069500,116585.0,119470.0,115550.0,116735.0,21886708.0
2026-07-16,069500,111120.0,111735.0,107145.0,109000.0,20103895.0
2025-01-15,086790,58300.0,59200.0,57300.0,57800.0,1098200.0
2025-01-16,086790,58400.0,58700.0,57800.0,58100.0,845554.0
2025-01-17,086790,58100.0,59100.0,57000.0,57300.0,1130063.0
2025-01-20,086790,57100.0,57900.0,57000.0,57200.0,626010.0
2025-01-21,086790,57500.0,58600.0,57400.0,58000.0,1110986.0
2025-01-22,086790,58600.0,59100.0,58000.0,58700.0,1017026.0
2025-01-23,086790,59000.0,60000.0,58900.0,59100.0,1352096.0
2025-01-24,086790,59400.0,59700.0,58800.0,59200.0,776640.0
2025-01-31,086790,60100.0,60900.0,59600.0,60500.0,1308593.0
2025-02-03,086790,59700.0,60300.0,58800.0,59300.0,1003514.0
2025-02-04,086790,59800.0,62300.0,59600.0,61500.0,1540601.0
2025-02-05,086790,61900.0,63700.0,61300.0,61800.0,1406330.0
2025-02-06,086790,61900.0,62600.0,60900.0,61400.0,1144658.0
2025-02-07,086790,61400.0,61800.0,61000.0,61600.0,1071213.0
2025-02-10,086790,61700.0,62500.0,60700.0,60700.0,835576.0
2025-02-11,086790,61200.0,61600.0,60100.0,60600.0,625237.0
2025-02-12,086790,61000.0,61500.0,60600.0,60900.0,603264.0
2025-02-13,086790,60900.0,61400.0,60600.0,60600.0,877616.0
2025-02-14,086790,60500.0,61100.0,60200.0,60800.0,553878.0
2025-02-17,086790,61000.0,61000.0,60000.0,60300.0,624388.0
2025-02-18,086790,60100.0,61400.0,60100.0,61200.0,497851.0
2025-02-19,086790,61200.0,62800.0,61200.0,62100.0,935452.0
2025-02-20,086790,62100.0,62700.0,62000.0,62500.0,682490.0
2025-02-21,086790,62800.0,63100.0,62000.0,62300.0,804553.0
2025-02-24,086790,62300.0,62600.0,61800.0,62500.0,513177.0
2025-02-25,086790,62200.0,62900.0,62000.0,62000.0,1481212.0
2025-02-26,086790,62000.0,62800.0,61800.0,62500.0,1303228.0
2025-02-27,086790,62000.0,62000.0,60300.0,61500.0,1261187.0
2025-02-28,086790,60900.0,61100.0,59500.0,59500.0,2001092.0
2025-03-04,086790,59900.0,60200.0,59200.0,59400.0,764143.0
2025-03-05,086790,59500.0,59900.0,57600.0,57800.0,1115620.0
2025-03-06,086790,58000.0,59600.0,58000.0,59500.0,739368.0
2025-03-07,086790,58800.0,59100.0,58000.0,58000.0,684582.0
2025-03-10,086790,57600.0,60000.0,57600.0,59300.0,687263.0
2025-03-11,086790,58300.0,59600.0,58200.0,58800.0,638980.0
2025-03-12,086790,59200.0,60700.0,59100.0,60500.0,1150668.0
2025-03-13,086790,60600.0,61900.0,60200.0,61600.0,1647441.0
2025-03-14,086790,60500.0,61300.0,60000.0,60100.0,1107925.0
2025-03-17,086790,60300.0,61000.0,60200.0,61000.0,699956.0
2025-03-18,086790,61700.0,62300.0,60900.0,61100.0,783093.0
2025-03-19,086790,61500.0,62200.0,61200.0,62000.0,626136.0
2025-03-20,086790,62000.0,62400.0,61700.0,62200.0,732806.0
2025-03-21,086790,61500.0,62500.0,61400.0,62200.0,1068725.0
2025-03-24,086790,61800.0,62900.0,61800.0,62500.0,555478.0
2025-03-25,086790,62000.0,62600.0,61600.0,62600.0,467432.0
2025-03-26,086790,63200.0,63200.0,61700.0,62000.0,417289.0
2025-03-27,086790,61500.0,61900.0,61200.0,61600.0,379815.0
2025-03-28,086790,61500.0,61500.0,60700.0,61300.0,318284.0
2025-03-31,086790,60200.0,60600.0,59300.0,59600.0,805310.0
2025-04-01,086790,60200.0,61600.0,60100.0,61400.0,658739.0
2025-04-02,086790,60600.0,61400.0,60400.0,60600.0,569167.0
2025-04-03,086790,58900.0,59400.0,58200.0,58900.0,1107004.0
2025-04-04,086790,58200.0,59200.0,58000.0,58600.0,833879.0
2025-04-07,086790,56000.0,56700.0,54600.0,55300.0,1757351.0
2025-04-08,086790,55100.0,55700.0,53600.0,54000.0,1226361.0
2025-04-09,086790,53000.0,53300.0,51500.0,52200.0,1896889.0
2025-04-10,086790,55000.0,56200.0,53500.0,55300.0,2331960.0
2025-04-11,086790,54000.0,55600.0,53700.0,55400.0,1197036.0
2025-04-14,086790,55800.0,56500.0,55500.0,55600.0,614529.0
2025-04-15,086790,56100.0,57700.0,55900.0,57300.0,636307.0
2025-04-16,086790,57500.0,58000.0,57100.0,57700.0,485325.0
2025-04-17,086790,58600.0,58600.0,57000.0,57700.0,462599.0
2025-04-18,086790,57700.0,59000.0,57600.0,58800.0,301918.0
2025-04-21,086790,59100.0,59700.0,58900.0,59700.0,293001.0
2025-04-22,086790,59300.0,60300.0,58900.0,59800.0,555059.0
2025-04-23,086790,60500.0,60700.0,60000.0,60200.0,660183.0
2025-04-24,086790,60200.0,60800.0,59800.0,60800.0,739153.0
2025-04-25,086790,61000.0,62200.0,61000.0,61200.0,829472.0
2025-04-28,086790,61600.0,62200.0,61500.0,62000.0,623880.0
2025-04-29,086790,62200.0,63200.0,61800.0,62900.0,764536.0
2025-04-30,086790,62700.0,64500.0,62700.0,64500.0,946487.0
2025-05-02,086790,63800.0,64400.0,63100.0,64100.0,561953.0
2025-05-07,086790,65900.0,66000.0,65000.0,65300.0,1018156.0
2025-05-08,086790,64500.0,65500.0,64400.0,64700.0,861049.0
2025-05-09,086790,63600.0,64100.0,63100.0,63800.0,862740.0
2025-05-12,086790,64300.0,65000.0,63800.0,64900.0,439014.0
2025-05-13,086790,64300.0,64900.0,64000.0,64900.0,1238281.0
2025-05-14,086790,64500.0,65700.0,64400.0,65500.0,553546.0
2025-05-15,086790,64400.0,65800.0,64100.0,65700.0,479026.0
2025-05-16,086790,65100.0,66200.0,65100.0,66000.0,514164.0
2025-05-19,086790,65800.0,67100.0,65700.0,66400.0,538450.0
2025-05-20,086790,67200.0,67900.0,66800.0,67600.0,574616.0
2025-05-21,086790,67200.0,68200.0,67200.0,67400.0,549649.0
2025-05-22,086790,66600.0,68150.0,66600.0,67400.0,559041.0
2025-05-23,086790,67300.0,69200.0,67300.0,68700.0,741221.0
2025-05-26,086790,69300.0,70500.0,69200.0,70500.0,770042.0
2025-05-27,086790,69900.0,70700.0,69600.0,70100.0,511966.0
2025-05-28,086790,69600.0,70500.0,68700.0,69900.0,758122.0
2025-05-29,086790,70400.0,72200.0,69900.0,72200.0,1116134.0
2025-05-30,086790,72600.0,73500.0,71600.0,72700.0,1639475.0
2025-06-02,086790,71300.0,72600.0,69100.0,70000.0,1318834.0
2025-06-04,086790,71200.0,74500.0,70700.0,74500.0,1734080.0
2025-06-05,086790,73200.0,74700.0,73200.0,73500.0,1151217.0
2025-06-09,086790,74500.0,77600.0,74000.0,77600.0,1670019.0
2025-06-10,086790,78100.0,80800.0,77000.0,78300.0,1680784.0
2025-06-11,086790,77400.0,78300.0,75800.0,77800.0,1167594.0
2025-06-12,086790,76400.0,77750.0,76100.0,77200.0,2180729.0
2025-06-13,086790,77900.0,79000.0,77000.0,78500.0,1644675.0
2025-06-16,086790,79100.0,80300.0,77100.0,79700.0,801826.0
2025-06-17,086790,78400.0,82100.0,78300.0,79500.0,1017758.0
2025-06-18,086790,78700.0,80400.0,78200.0,78900.0,930170.0
2025-06-19,086790,78900.0,79800.0,78100.0,78700.0,648347.0
2025-06-20,086790,79400.0,80500.0,79000.0,80000.0,2087425.0
2025-06-23,086790,79400.0,80600.0,78600.0,79800.0,821798.0
2025-06-24,086790,81000.0,83000.0,80300.0,82300.0,860605.0
2025-06-25,086790,82300.0,83500.0,81100.0,83200.0,1020020.0
2025-06-26,086790,82800.0,84200.0,82000.0,83500.0,935704.0
2025-06-27,086790,83600.0,85800.0,83500.0,84200.0,837186.0
2025-06-30,086790,84600.0,86500.0,83200.0,86300.0,1132168.0
2025-07-01,086790,87400.0,90700.0,87300.0,88900.0,1687688.0
2025-07-02,086790,87300.0,88700.0,85200.0,85800.0,1293126.0
2025-07-03,086790,87600.0,87600.0,86000.0,87500.0,1447263.0
2025-07-04,086790,87700.0,88100.0,85200.0,85400.0,934182.0
2025-07-07,086790,85400.0,86900.0,84000.0,85700.0,1005663.0
2025-07-08,086790,87000.0,95000.0,86500.0,94500.0,2306745.0
2025-07-09,086790,94500.0,95700.0,93100.0,94100.0,1330664.0
2025-07-10,086790,92300.0,94000.0,91400.0,92200.0,1925278.0
2025-07-11,086790,92200.0,93900.0,92200.0,93200.0,1204820.0
2025-07-14,086790,93300.0,96400.0,93200.0,95600.0,1045276.0
2025-07-15,086790,95000.0,97100.0,93500.0,96500.0,971287.0
2025-07-16,086790,94700.0,95400.0,91500.0,91700.0,1183073.0
2025-07-17,086790,92200.0,92700.0,90500.0,91900.0,1141624.0
2025-07-18,086790,92000.0,93100.0,90900.0,91500.0,569572.0
2025-07-21,086790,89700.0,92500.0,89700.0,91900.0,686302.0
2025-07-22,086790,91500.0,92700.0,90600.0,91200.0,587725.0
2025-07-23,086790,92600.0,92700.0,89800.0,90800.0,526573.0
2025-07-24,086790,91900.0,93200.0,90100.0,91000.0,725860.0
2025-07-25,086790,90900.0,94600.0,90600.0,92500.0,895586.0
2025-07-28,086790,91900.0,91900.0,83700.0,84300.0,1947176.0
2025-07-29,086790,83800.0,86200.0,83400.0,86000.0,1094587.0
2025-07-30,086790,85300.0,86700.0,85100.0,86000.0,511406.0
2025-07-31,086790,85200.0,86100.0,84300.0,85400.0,667881.0
2025-08-01,086790,84400.0,84700.0,81600.0,82300.0,868500.0
2025-08-04,086790,81500.0,83000.0,81400.0,82400.0,825044.0
2025-08-05,086790,84100.0,84900.0,83300.0,84500.0,884828.0
2025-08-06,086790,84400.0,85600.0,84200.0,85500.0,535522.0
2025-08-07,086790,85900.0,86500.0,84700.0,85800.0,684997.0
2025-08-08,086790,85400.0,85400.0,84200.0,84900.0,381366.0
2025-08-11,086790,85700.0,85800.0,84200.0,84400.0,359938.0
2025-08-12,086790,84700.0,87000.0,84600.0,85400.0,721053.0
2025-08-13,086790,85600.0,86300.0,84400.0,85300.0,552758.0
2025-08-14,086790,86300.0,87000.0,85700.0,86300.0,858392.0
2025-08-18,086790,85500.0,85500.0,82100.0,82800.0,1027627.0
2025-08-19,086790,82800.0,82800.0,81500.0,82500.0,911519.0
2025-08-20,086790,82600.0,83000.0,80600.0,82700.0,925649.0
2025-08-21,086790,83400.0,83700.0,82300.0,82900.0,775815.0
2025-08-22,086790,83600.0,84400.0,82100.0,82300.0,789365.0
2025-08-25,086790,82600.0,83200.0,82300.0,82600.0,547107.0
2025-08-26,086790,82400.0,82700.0,81200.0,81700.0,1093347.0
2025-08-27,086790,81700.0,82200.0,81200.0,82000.0,632012.0
2025-08-28,086790,81600.0,83800.0,81300.0,82900.0,706713.0
2025-08-29,086790,82800.0,83500.0,82200.0,82200.0,568711.0
2025-09-01,086790,83000.0,83000.0,80900.0,81300.0,366500.0
2025-09-02,086790,81200.0,82200.0,81100.0,82200.0,372473.0
2025-09-03,086790,82000.0,83300.0,81900.0,83100.0,684753.0
2025-09-04,086790,83100.0,83200.0,81100.0,81600.0,627540.0
2025-09-05,086790,81300.0,81900.0,81100.0,81200.0,519782.0
2025-09-08,086790,81100.0,81600.0,80500.0,81500.0,532836.0
2025-09-09,086790,82000.0,83600.0,81400.0,83300.0,683273.0
2025-09-10,086790,83900.0,88700.0,83800.0,87100.0,1259410.0
2025-09-11,086790,88700.0,88700.0,86300.0,87700.0,1806435.0
2025-09-12,086790,89400.0,89400.0,87900.0,88700.0,968051.0
2025-09-15,086790,88000.0,91900.0,88000.0,90900.0,1455570.0
2025-09-16,086790,91700.0,92200.0,90800.0,90800.0,758402.0
2025-09-17,086790,90500.0,91000.0,89700.0,90000.0,531569.0
2025-09-18,086790,89700.0,90600.0,88700.0,90600.0,753242.0
2025-09-19,086790,89700.0,90700.0,89600.0,90700.0,1036535.0
2025-09-22,086790,90600.0,91100.0,90000.0,90400.0,540017.0
2025-09-23,086790,90200.0,90300.0,89300.0,89500.0,444637.0
2025-09-24,086790,90300.0,90700.0,89100.0,89100.0,516017.0
2025-09-25,086790,89500.0,91500.0,88600.0,88900.0,1032168.0
2025-09-26,086790,89100.0,89100.0,87000.0,87100.0,664147.0
2025-09-29,086790,88700.0,89300.0,88200.0,88800.0,717772.0
2025-09-30,086790,88600.0,88800.0,87200.0,87200.0,817598.0
2025-10-01,086790,87100.0,88000.0,86200.0,86500.0,544839.0
2025-10-02,086790,87000.0,89900.0,86700.0,88400.0,1356852.0
2025-10-10,086790,88500.0,88500.0,86000.0,86000.0,1106787.0
2025-10-13,086790,86200.0,86200.0,84400.0,85300.0,508523.0
2025-10-14,086790,84300.0,85700.0,84000.0,84400.0,738167.0
2025-10-15,086790,84900.0,87000.0,84800.0,86400.0,609693.0
2025-10-16,086790,87200.0,87700.0,86300.0,87200.0,584284.0
2025-10-17,086790,86200.0,86900.0,85200.0,86100.0,541096.0
2025-10-20,086790,86500.0,88900.0,85200.0,88400.0,717705.0
2025-10-21,086790,88400.0,90700.0,87800.0,88300.0,644376.0
2025-10-22,086790,88300.0,88800.0,87100.0,88600.0,482194.0
2025-10-23,086790,87100.0,89000.0,86300.0,87700.0,652063.0
2025-10-24,086790,87800.0,89000.0,87500.0,88000.0,950790.0
2025-10-27,086790,88000.0,90400.0,87600.0,87800.0,1213396.0
2025-10-28,086790,87300.0,88300.0,85600.0,87900.0,890280.0
2025-10-29,086790,88800.0,88900.0,85200.0,85800.0,1715855.0
2025-10-30,086790,85800.0,88000.0,85600.0,85900.0,1440243.0
2025-10-31,086790,86000.0,86900.0,85000.0,85500.0,1215810.0
2025-11-03,086790,85100.0,86200.0,84900.0,85600.0,1083406.0
2025-11-04,086790,85000.0,88000.0,84500.0,87900.0,1260213.0
2025-11-05,086790,88900.0,88900.0,85700.0,86900.0,1082329.0
2025-11-06,086790,88000.0,93800.0,87800.0,93000.0,1931311.0
2025-11-07,086790,94700.0,94700.0,90800.0,92000.0,1501020.0
2025-11-10,086790,95500.0,101100.0,93900.0,96200.0,1623317.0
2025-11-11,086790,94800.0,96600.0,92600.0,92900.0,1248709.0
2025-11-12,086790,92900.0,96800.0,92700.0,96400.0,1047647.0
2025-11-13,086790,95700.0,98200.0,95400.0,96200.0,1167595.0
2025-11-14,086790,95500.0,96100.0,94200.0,94400.0,556183.0
2025-11-17,086790,93500.0,94300.0,92500.0,93100.0,649343.0
2025-11-18,086790,92500.0,93200.0,91000.0,91000.0,717903.0
2025-11-19,086790,92100.0,93500.0,91000.0,92600.0,724698.0
2025-11-20,086790,93400.0,93500.0,91900.0,91900.0,497789.0
2025-11-21,086790,92800.0,92800.0,90200.0,91000.0,530067.0
2025-11-24,086790,91300.0,92500.0,89500.0,89500.0,2282348.0
2025-11-25,086790,91000.0,93100.0,90200.0,90800.0,655231.0
2025-11-26,086790,91800.0,93200.0,91700.0,92900.0,503384.0
2025-11-27,086790,92900.0,94900.0,92800.0,93300.0,444042.0
2025-11-28,086790,93100.0,93600.0,92000.0,93300.0,635204.0
2025-12-01,086790,94500.0,95400.0,93100.0,94400.0,547836.0
2025-12-02,086790,95000.0,98000.0,94200.0,97300.0,946248.0
2025-12-03,086790,96700.0,97500.0,95400.0,96000.0,532682.0
2025-12-04,086790,96000.0,96300.0,93500.0,94500.0,645779.0
2025-12-05,086790,94600.0,95300.0,94000.0,95200.0,432539.0
2025-12-08,086790,95200.0,95200.0,93000.0,94000.0,416184.0
2025-12-09,086790,93900.0,94200.0,92600.0,93000.0,452599.0
2025-12-10,086790,93600.0,93700.0,91400.0,91600.0,465642.0
2025-12-11,086790,92600.0,93300.0,91500.0,91600.0,905692.0
2025-12-12,086790,92700.0,93000.0,91100.0,92700.0,829027.0
2025-12-15,086790,92300.0,93000.0,91400.0,91800.0,417064.0
2025-12-16,086790,92200.0,93500.0,91600.0,92300.0,806466.0
2025-12-17,086790,92400.0,92900.0,91000.0,92800.0,477457.0
2025-12-18,086790,92400.0,92500.0,91200.0,91700.0,440405.0
2025-12-19,086790,92200.0,93500.0,91500.0,92400.0,812872.0
2025-12-22,086790,93300.0,94100.0,92600.0,94100.0,477876.0
2025-12-23,086790,93800.0,94400.0,92700.0,93000.0,362623.0
2025-12-24,086790,93300.0,95500.0,93100.0,94900.0,408698.0
2025-12-26,086790,94700.0,94700.0,93200.0,93800.0,319524.0
2025-12-29,086790,92900.0,95000.0,91000.0,94900.0,414039.0
2025-12-30,086790,94000.0,94700.0,93600.0,94100.0,330309.0
2026-01-02,086790,93200.0,93800.0,92100.0,93400.0,470548.0
2026-01-05,086790,93000.0,95600.0,92800.0,94100.0,595748.0
2026-01-06,086790,94400.0,95300.0,93700.0,94900.0,754818.0
2026-01-07,086790,93800.0,95000.0,92700.0,93500.0,742387.0
2026-01-08,086790,93300.0,93500.0,91700.0,91900.0,752786.0
2026-01-09,086790,92700.0,93500.0,92000.0,92900.0,605466.0
2026-01-12,086790,93200.0,94100.0,92700.0,94000.0,530012.0
2026-01-13,086790,94300.0,94500.0,92900.0,94300.0,586515.0
2026-01-14,086790,93600.0,96200.0,93300.0,96100.0,727166.0
2026-01-15,086790,95800.0,97400.0,95500.0,96200.0,696589.0
2026-01-16,086790,97000.0,97000.0,95800.0,96400.0,673843.0
2026-01-19,086790,95600.0,96900.0,95300.0,96200.0,609250.0
2026-01-20,086790,96000.0,101000.0,95500.0,100300.0,979281.0
2026-01-21,086790,100000.0,100400.0,97400.0,99800.0,774880.0
2026-01-22,086790,99200.0,101500.0,98900.0,100500.0,791371.0
2026-01-23,086790,100900.0,102300.0,99600.0,101100.0,679042.0
2026-01-26,086790,100600.0,102600.0,100500.0,101200.0,531425.0
2026-01-27,086790,102500.0,105800.0,99500.0,105000.0,782743.0
2026-01-28,086790,105300.0,106700.0,102500.0,102700.0,792325.0
2026-01-29,086790,102500.0,104400.0,100900.0,103600.0,791695.0
2026-01-30,086790,102500.0,104100.0,100000.0,100100.0,1080221.0
2026-02-02,086790,101800.0,108100.0,100800.0,103300.0,1438624.0
2026-02-03,086790,105800.0,110700.0,105600.0,110200.0,1046446.0
2026-02-04,086790,111900.0,114400.0,110000.0,112500.0,954897.0
2026-02-05,086790,112500.0,115600.0,112400.0,114100.0,989958.0
2026-02-06,086790,113000.0,115000.0,108800.0,114600.0,1300038.0
2026-02-09,086790,119400.0,120900.0,117400.0,118800.0,948117.0
2026-02-10,086790,124700.0,126800.0,120500.0,122200.0,1056956.0
2026-02-11,086790,121500.0,127800.0,121500.0,125800.0,1263932.0
2026-02-12,086790,127700.0,130000.0,126000.0,130000.0,1229004.0
2026-02-13,086790,131500.0,132200.0,126700.0,127600.0,1276025.0
2026-02-19,086790,130700.0,130700.0,124600.0,126300.0,1462304.0
2026-02-20,086790,127400.0,131400.0,127100.0,131300.0,1186291.0
2026-02-23,086790,133700.0,133700.0,128000.0,129100.0,1078747.0
2026-02-24,086790,128700.0,128900.0,123000.0,126100.0,1820877.0
2026-02-25,086790,125200.0,127500.0,123900.0,126000.0,898808.0
2026-02-26,086790,124700.0,124900.0,122700.0,124900.0,1185709.0
2026-02-27,086790,123000.0,123200.0,120200.0,121800.0,2118851.0
2026-03-03,086790,120600.0,122900.0,119000.0,120100.0,1180014.0
2026-03-04,086790,114600.0,115500.0,103700.0,105500.0,1522733.0
2026-03-05,086790,114800.0,116400.0,109500.0,111200.0,1611752.0
2026-03-06,086790,106000.0,111500.0,105700.0,110300.0,1043776.0
2026-03-09,086790,101000.0,108000.0,100800.0,107900.0,1104013.0
2026-03-10,086790,112700.0,112700.0,107200.0,109900.0,624983.0
2026-03-11,086790,114000.0,117500.0,112600.0,113400.0,750295.0
2026-03-12,086790,112300.0,112500.0,110100.0,112500.0,737121.0
2026-03-13,086790,107600.0,111200.0,107300.0,108900.0,1312788.0
2026-03-16,086790,107000.0,110100.0,107000.0,108400.0,577858.0
2026-03-17,086790,111600.0,112400.0,109000.0,109900.0,569082.0
2026-03-18,086790,112300.0,115400.0,111700.0,114500.0,647673.0
2026-03-19,086790,111100.0,115000.0,110400.0,113200.0,910182.0
2026-03-20,086790,112000.0,115400.0,111900.0,113200.0,2141242.0
2026-03-23,086790,107900.0,109700.0,104300.0,106000.0,835977.0
2026-03-24,086790,109700.0,109700.0,105000.0,106500.0,711357.0
2026-03-25,086790,109800.0,110700.0,108000.0,108700.0,977916.0
2026-03-26,086790,109700.0,110500.0,108000.0,108800.0,884501.0
2026-03-27,086790,105300.0,110600.0,104200.0,110400.0,853865.0
2026-03-30,086790,103500.0,107700.0,103200.0,107200.0,703531.0
2026-03-31,086790,105500.0,108300.0,104100.0,106600.0,1213383.0
2026-04-01,086790,113400.0,114000.0,109500.0,112800.0,1059927.0
2026-04-02,086790,115000.0,117000.0,109100.0,110400.0,1097382.0
2026-04-03,086790,112200.0,113300.0,109700.0,109700.0,517249.0
2026-04-06,086790,109900.0,113800.0,109800.0,112400.0,568063.0
2026-04-07,086790,111300.0,115500.0,111200.0,111200.0,744837.0
2026-04-08,086790,118800.0,118900.0,116600.0,117100.0,1000104.0
2026-04-09,086790,119800.0,120700.0,116700.0,117100.0,1142649.0
2026-04-10,086790,117600.0,121200.0,117500.0,119500.0,724786.0
2026-04-13,086790,117000.0,120400.0,116300.0,120000.0,767670.0
2026-04-14,086790,121100.0,122900.0,120800.0,120800.0,680992.0
2026-04-15,086790,122900.0,124800.0,120800.0,121100.0,797204.0
2026-04-16,086790,121700.0,123900.0,121500.0,122500.0,457900.0
2026-04-17,086790,123000.0,124400.0,121700.0,123500.0,460181.0
2026-04-20,086790,124900.0,125000.0,122700.0,122700.0,452790.0
2026-04-21,086790,127400.0,127400.0,122700.0,123000.0,542994.0
2026-04-22,086790,121600.0,122000.0,118300.0,119500.0,800476.0
2026-04-23,086790,122600.0,122600.0,118200.0,120900.0,723163.0
2026-04-24,086790,121500.0,123800.0,120700.0,123300.0,796290.0
2026-04-27,086790,125100.0,127300.0,123500.0,124000.0,1080908.0
2026-04-28,086790,124800.0,127700.0,124300.0,127000.0,1036542.0
2026-04-29,086790,127100.0,129300.0,125200.0,127100.0,1046646.0
2026-04-30,086790,124500.0,128500.0,124500.0,127900.0,952860.0
2026-05-04,086790,131000.0,131000.0,125500.0,126600.0,722556.0
2026-05-06,086790,129500.0,129600.0,125500.0,125500.0,1088935.0
2026-05-07,086790,129100.0,129700.0,124400.0,128800.0,922806.0
2026-05-08,086790,128500.0,129300.0,126200.0,126500.0,673306.0
2026-05-11,086790,125600.0,129300.0,125500.0,126600.0,1145704.0
2026-05-12,086790,128500.0,128600.0,120200.0,123100.0,1126527.0
2026-05-13,086790,125600.0,125700.0,121500.0,122300.0,718304.0
2026-05-14,086790,121900.0,126500.0,120000.0,126500.0,1178631.0
2026-05-15,086790,125100.0,126000.0,118100.0,119000.0,1047927.0
2026-05-18,086790,119000.0,119600.0,113800.0,114200.0,1016492.0
2026-05-19,086790,114300.0,118800.0,114000.0,115300.0,1043981.0
2026-05-20,086790,118200.0,119100.0,112600.0,115600.0,1447419.0
2026-05-21,086790,117700.0,120300.0,117000.0,119400.0,862318.0
2026-05-22,086790,121800.0,122900.0,119400.0,122100.0,662135.0
2026-05-26,086790,123000.0,123600.0,119500.0,120000.0,652801.0
2026-05-27,086790,119500.0,121500.0,117100.0,118400.0,705594.0
2026-05-28,086790,117800.0,118400.0,112800.0,115300.0,801073.0
2026-05-29,086790,117500.0,117500.0,113100.0,115100.0,1532538.0
2026-06-01,086790,114400.0,118100.0,113600.0,113900.0,1160822.0
2026-06-02,086790,114800.0,117000.0,112500.0,117000.0,935421.0
2026-06-04,086790,116900.0,122900.0,115900.0,120600.0,974778.0
2026-06-05,086790,125700.0,126400.0,120100.0,123600.0,1115521.0
2026-06-08,086790,121000.0,122100.0,111000.0,112400.0,1086413.0
2026-06-09,086790,115700.0,121000.0,114100.0,119000.0,992410.0
2026-06-10,086790,116600.0,120200.0,114200.0,117900.0,894163.0
2026-06-11,086790,117800.0,117900.0,112000.0,114800.0,1340982.0
2026-06-12,086790,116200.0,125200.0,115400.0,121000.0,1183090.0
2026-06-15,086790,124700.0,130700.0,121300.0,129300.0,1071270.0
2026-06-16,086790,129000.0,136000.0,128500.0,132000.0,1074269.0
2026-06-17,086790,135200.0,135200.0,126400.0,126800.0,482592.0
2026-06-18,086790,126200.0,127800.0,125500.0,126100.0,639497.0
2026-06-19,086790,126200.0,127900.0,121000.0,123500.0,1044016.0
2026-06-22,086790,122900.0,123000.0,118000.0,119700.0,690109.0
2026-06-23,086790,119800.0,123700.0,115100.0,115500.0,771336.0
2026-06-24,086790,116900.0,116900.0,112100.0,114200.0,797914.0
2026-06-25,086790,115300.0,117700.0,114000.0,114000.0,695399.0
2026-06-26,086790,115100.0,115100.0,107600.0,109700.0,862648.0
2026-06-29,086790,111800.0,115800.0,109100.0,114800.0,746800.0
2026-06-30,086790,115500.0,117800.0,114400.0,114600.0,1098379.0
2026-07-01,086790,116300.0,118300.0,113600.0,116400.0,590822.0
2026-07-02,086790,116400.0,125000.0,113700.0,120800.0,1107218.0
2026-07-03,086790,126200.0,126700.0,121100.0,125600.0,992108.0
2026-07-06,086790,125200.0,128200.0,123200.0,124800.0,585456.0
2026-07-07,086790,124200.0,126900.0,123000.0,126900.0,940711.0
2026-07-08,086790,127000.0,128400.0,121500.0,122300.0,932772.0
2026-07-09,086790,124100.0,125000.0,119200.0,122600.0,1174592.0
2026-07-10,086790,124800.0,131000.0,122900.0,128500.0,1189878.0
2026-07-13,086790,130100.0,137700.0,130000.0,132600.0,1329883.0
2026-07-14,086790,134800.0,137600.0,129200.0,134000.0,1416821.0
2026-07-15,086790,136000.0,139800.0,132300.0,136800.0,933054.0
2026-07-16,086790,141000.0,142500.0,133200.0,136800.0,1109404.0
2025-01-15,091160,31596.0,32059.0,31527.0,31576.0,609574.0
2025-01-16,091160,32315.0,32631.0,32187.0,32276.0,662434.0
2025-01-17,091160,32227.0,33123.0,32197.0,33030.0,723935.0
2025-01-20,091160,33301.0,33315.0,32714.0,32867.0,520156.0
2025-01-21,091160,33237.0,33764.0,33054.0,33542.0,758589.0
2025-01-22,091160,33818.0,34552.0,33493.0,34508.0,1070933.0
2025-01-23,091160,34330.0,34330.0,33660.0,33769.0,824599.0
2025-01-24,091160,33862.0,34444.0,33769.0,33897.0,886556.0
2025-01-31,091160,31872.0,32434.0,31754.0,32015.0,1212268.0
2025-02-03,091160,31025.0,31035.0,30123.0,30379.0,1410984.0
2025-02-04,091160,30926.0,31448.0,30670.0,30690.0,606209.0
2025-02-05,091160,31079.0,31527.0,31079.0,31370.0,560937.0
2025-02-06,091160,31980.0,32315.0,31729.0,32306.0,692634.0
2025-02-07,091160,32409.0,32921.0,32242.0,32778.0,751031.0
2025-02-10,091160,32286.0,33301.0,31990.0,33232.0,773611.0
2025-02-11,091160,33567.0,33567.0,33049.0,33256.0,728493.0
2025-02-12,091160,33025.0,33320.0,32803.0,33123.0,447129.0
2025-02-13,091160,33242.0,33759.0,33232.0,33665.0,596882.0
2025-02-14,091160,34084.0,34360.0,33774.0,33995.0,556907.0
2025-02-17,091160,34261.0,34641.0,34207.0,34335.0,533699.0
2025-02-18,091160,34429.0,34581.0,34084.0,34478.0,593239.0
2025-02-19,091160,34867.0,35788.0,34838.0,35670.0,1106498.0
2025-02-20,091160,35764.0,35808.0,34887.0,34941.0,641966.0
2025-02-21,091160,34941.0,34941.0,34375.0,34867.0,594406.0
2025-02-24,091160,33990.0,34153.0,33626.0,34099.0,996829.0
2025-02-25,091160,33601.0,34010.0,33389.0,33783.0,546316.0
2025-02-26,091160,33498.0,33941.0,33404.0,33714.0,573258.0
2025-02-27,091160,34025.0,34113.0,33084.0,33133.0,876091.0
2025-02-28,091160,32148.0,32212.0,31616.0,31729.0,1001258.0
2025-03-04,091160,31192.0,31350.0,30907.0,31350.0,852300.0
2025-03-05,091160,31754.0,31872.0,31301.0,31660.0,539486.0
2025-03-06,091160,31902.0,31931.0,30808.0,30921.0,881635.0
2025-03-07,091160,30572.0,31232.0,30507.0,31054.0,490491.0
2025-03-10,091160,30838.0,31315.0,30729.0,30946.0,498843.0
2025-03-11,091160,30020.0,30793.0,29778.0,30788.0,745048.0
2025-03-12,091160,30897.0,32187.0,30887.0,32153.0,780245.0
2025-03-13,091160,32532.0,32833.0,31709.0,31847.0,608538.0
2025-03-14,091160,31847.0,32690.0,31828.0,32641.0,973862.0
2025-03-17,091160,33000.0,33527.0,32956.0,33306.0,969579.0
2025-03-18,091160,33552.0,33714.0,32877.0,33049.0,757986.0
2025-03-19,091160,32956.0,33823.0,32877.0,33429.0,833318.0
2025-03-20,091160,33764.0,33976.0,33493.0,33946.0,792063.0
2025-03-21,091160,34030.0,34818.0,34030.0,34463.0,1025554.0
2025-03-24,091160,34320.0,34409.0,33931.0,34045.0,601235.0
2025-03-25,091160,34256.0,34281.0,33049.0,33049.0,849726.0
2025-03-26,091160,33069.0,33759.0,32990.0,33527.0,588901.0
2025-03-27,091160,32818.0,33365.0,32798.0,32862.0,470972.0
2025-03-28,091160,32532.0,32532.0,31724.0,31867.0,640874.0
2025-03-31,091160,31173.0,31173.0,30360.0,30443.0,1134972.0
2025-04-01,091160,30793.0,31281.0,30458.0,31133.0,1057833.0
2025-04-02,091160,31330.0,31345.0,30857.0,30995.0,471568.0
2025-04-03,091160,29985.0,30522.0,29867.0,30434.0,967270.0
2025-04-04,091160,29897.0,30522.0,28847.0,29360.0,1298425.0
2025-04-07,091160,27956.0,28010.0,27197.0,27197.0,1105253.0
2025-04-08,091160,28099.0,28241.0,27310.0,27468.0,686536.0
2025-04-09,091160,27192.0,27488.0,26606.0,26931.0,911355.0
2025-04-10,091160,29557.0,29557.0,28571.0,28808.0,906772.0
2025-04-11,091160,28222.0,28926.0,28084.0,28921.0,1704407.0
2025-04-14,091160,29557.0,29567.0,28990.0,29163.0,922182.0
2025-04-15,091160,29138.0,29586.0,29118.0,29355.0,660650.0
2025-04-16,091160,29064.0,29064.0,28305.0,28305.0,761084.0
2025-04-17,091160,28148.0,28847.0,28148.0,28838.0,582585.0
2025-04-18,091160,28877.0,29039.0,28488.0,29010.0,417835.0
2025-04-21,091160,29104.0,29709.0,29015.0,29232.0,514328.0
2025-04-22,091160,28906.0,29113.0,28813.0,28897.0,337235.0
2025-04-23,091160,29557.0,30192.0,29439.0,30192.0,664107.0
2025-04-24,091160,30439.0,30439.0,29793.0,29808.0,572778.0
2025-04-25,091160,30374.0,30640.0,30104.0,30320.0,546818.0
2025-04-28,091160,30296.0,30296.0,29493.0,29507.0,490054.0
2025-04-29,091160,29617.0,29997.0,29522.0,29652.0,326387.0
2025-04-30,091160,29652.0,29662.0,29133.0,29238.0,383258.0
2025-05-02,091160,29268.0,29742.0,29148.0,29672.0,368178.0
2025-05-07,091160,29942.0,30157.0,29702.0,30042.0,444562.0
2025-05-08,091160,30417.0,30706.0,30172.0,30302.0,586567.0
2025-05-09,091160,30352.0,30472.0,29752.0,29907.0,507267.0
2025-05-12,091160,30317.0,31141.0,30227.0,31141.0,744657.0
2025-05-13,091160,31850.0,31935.0,31271.0,31456.0,1107633.0
2025-05-14,091160,31980.0,32250.0,31895.0,32080.0,744257.0
2025-05-15,091160,32065.0,32365.0,31306.0,31436.0,813828.0
2025-05-16,091160,31631.0,31930.0,31381.0,31850.0,834199.0
2025-05-19,091160,31426.0,31426.0,30611.0,30906.0,707199.0
2025-05-20,091160,31221.0,31616.0,30851.0,30936.0,479484.0
2025-05-21,091160,31146.0,31146.0,30841.0,30906.0,324617.0
2025-05-22,091160,30596.0,30726.0,30097.0,30172.0,873708.0
2025-05-23,091160,30322.0,30462.0,29977.0,29997.0,531750.0
2025-05-26,091160,29997.0,30806.0,29972.0,30671.0,540547.0
2025-05-27,091160,30571.0,30626.0,30297.0,30502.0,532509.0
2025-05-28,091160,31071.0,31461.0,30856.0,31146.0,949102.0
2025-05-29,091160,31775.0,31810.0,31186.0,31521.0,771208.0
2025-05-30,091160,31141.0,31456.0,30861.0,30906.0,454420.0
2025-06-02,091160,30921.0,31361.0,30796.0,31191.0,332575.0
2025-06-04,091160,31920.0,32355.0,31875.0,32165.0,722438.0
2025-06-05,091160,32470.0,33614.0,32345.0,33039.0,1601422.0
2025-06-09,091160,33898.0,33898.0,33299.0,33399.0,1052593.0
2025-06-10,091160,33669.0,33679.0,33149.0,33264.0,764453.0
2025-06-11,091160,33619.0,34538.0,33614.0,34473.0,1013596.0
2025-06-12,091160,34478.0,34743.0,34218.0,34363.0,901726.0
2025-06-13,091160,34718.0,34768.0,33444.0,33749.0,1127319.0
2025-06-16,091160,33619.0,34203.0,33414.0,34153.0,653819.0
2025-06-17,091160,34743.0,35652.0,34173.0,34468.0,1704813.0
2025-06-18,091160,34298.0,34853.0,34223.0,34853.0,961927.0
2025-06-19,091160,35127.0,35272.0,34633.0,34803.0,788393.0
2025-06-20,091160,34868.0,35402.0,34698.0,35332.0,848924.0
2025-06-23,091160,34553.0,35012.0,34128.0,34833.0,1292611.0
2025-06-24,091160,35647.0,36586.0,35627.0,36396.0,1677298.0
2025-06-25,091160,37285.0,37695.0,36806.0,37300.0,1566117.0
2025-06-26,091160,38055.0,38289.0,37085.0,37565.0,1868775.0
2025-06-27,091160,37565.0,37715.0,36886.0,37046.0,1382272.0
2025-06-30,091160,37215.0,37505.0,36896.0,37170.0,1020235.0
2025-07-01,091160,37170.0,37485.0,36786.0,36786.0,1067123.0
2025-07-02,091160,36436.0,36626.0,35782.0,36171.0,1048451.0
2025-07-03,091160,36706.0,37370.0,36386.0,37310.0,1200712.0
2025-07-04,091160,37650.0,37655.0,36566.0,36576.0,1250005.0
2025-07-07,091160,36366.0,36521.0,35967.0,36381.0,861027.0
2025-07-08,091160,36241.0,36916.0,35972.0,36781.0,883222.0
2025-07-09,091160,36696.0,36801.0,36296.0,36416.0,877304.0
2025-07-10,091160,36836.0,37210.0,36746.0,37090.0,1132646.0
2025-07-11,091160,37245.0,38110.0,37215.0,37410.0,1585427.0
2025-07-14,091160,37210.0,37585.0,37090.0,37355.0,798184.0
2025-07-15,091160,37115.0,37810.0,36881.0,37810.0,891071.0
2025-07-16,091160,37890.0,38294.0,37550.0,37980.0,803116.0
2025-07-17,091160,37675.0,37740.0,36691.0,37110.0,1290684.0
2025-07-18,091160,37255.0,37350.0,36821.0,36966.0,508495.0
2025-07-21,091160,36781.0,37265.0,36781.0,37120.0,523712.0
2025-07-22,091160,37215.0,37310.0,36236.0,36411.0,647713.0
2025-07-23,091160,36346.0,36361.0,35537.0,36251.0,686266.0
2025-07-24,091160,36756.0,36906.0,36016.0,36016.0,587737.0
2025-07-25,091160,36026.0,36316.0,35752.0,35762.0,349683.0
2025-07-28,091160,36186.0,36836.0,35832.0,36751.0,829106.0
2025-07-29,091160,36766.0,36991.0,36046.0,36691.0,512070.0
2025-07-30,091160,36796.0,37585.0,36736.0,37170.0,939530.0
2025-07-31,091160,37605.0,37840.0,37195.0,37560.0,848035.0
2025-08-01,091160,36881.0,36881.0,35722.0,35747.0,935211.0
2025-08-04,091160,35657.0,36136.0,35442.0,35927.0,509056.0
2025-08-05,091160,36541.0,36826.0,36171.0,36386.0,526886.0
2025-08-06,091160,35972.0,36236.0,35742.0,36201.0,344972.0
2025-08-07,091160,36561.0,36751.0,36036.0,36686.0,526168.0
2025-08-08,091160,36826.0,37585.0,36776.0,36996.0,852166.0
2025-08-11,091160,37215.0,37605.0,37056.0,37495.0,492012.0
2025-08-12,091160,37690.0,38264.0,37425.0,37470.0,801738.0
2025-08-13,091160,38209.0,38614.0,38000.0,38494.0,844781.0
2025-08-14,091160,38364.0,38364.0,37965.0,38344.0,543809.0
2025-08-18,091160,37720.0,37775.0,37205.0,37205.0,556899.0
2025-08-19,091160,37415.0,37515.0,36771.0,36851.0,325542.0
2025-08-20,091160,36241.0,36411.0,35777.0,36181.0,737169.0
2025-08-21,091160,36136.0,36231.0,35682.0,35717.0,535581.0
2025-08-22,091160,35767.0,36171.0,35767.0,36021.0,443080.0
2025-08-25,091160,36691.0,36916.0,36361.0,36881.0,538074.0
2025-08-26,091160,36816.0,37175.0,36691.0,37085.0,426918.0
2025-08-27,091160,37085.0,37265.0,36701.0,37150.0,408234.0
2025-08-28,091160,36726.0,37660.0,36571.0,37415.0,500829.0
2025-08-29,091160,37430.0,37780.0,37430.0,37500.0,441201.0
2025-09-01,091160,36656.0,36706.0,36141.0,36261.0,1121256.0
2025-09-02,091160,36316.0,36631.0,36276.0,36521.0,452447.0
2025-09-03,091160,36366.0,36936.0,36241.0,36841.0,448600.0
2025-09-04,091160,37090.0,37500.0,36906.0,37210.0,390979.0
2025-09-05,091160,37710.0,37895.0,37580.0,37585.0,583968.0
2025-09-08,091160,37790.0,38165.0,37740.0,38145.0,600943.0
2025-09-09,091160,38349.0,39268.0,38289.0,39254.0,1099452.0
2025-09-10,091160,39678.0,40532.0,39648.0,40457.0,1384296.0
2025-09-11,091160,40922.0,41132.0,40313.0,40777.0,1029486.0
2025-09-12,091160,41447.0,42271.0,41447.0,42001.0,1290237.0
2025-09-15,091160,42845.0,43025.0,41986.0,42765.0,1609141.0
2025-09-16,091160,42820.0,44014.0,42820.0,43989.0,1600052.0
2025-09-17,091160,43310.0,43630.0,42930.0,43230.0,1166054.0
2025-09-18,091160,43575.0,45168.0,43340.0,44908.0,1747562.0
2025-09-19,091160,45603.0,45603.0,44584.0,45108.0,1494985.0
2025-09-22,091160,45403.0,46602.0,45333.0,46222.0,2187792.0
2025-09-23,091160,47146.0,47176.0,46207.0,46887.0,2008868.0
2025-09-24,091160,46292.0,47106.0,45778.0,47106.0,2250471.0
2025-09-25,091160,46467.0,47061.0,46107.0,46557.0,1905539.0
2025-09-26,091160,45648.0,45947.0,44594.0,45048.0,2133600.0
2025-09-29,091160,45048.0,46152.0,44923.0,45977.0,1324156.0
2025-09-30,091160,46197.0,46722.0,45877.0,45922.0,855179.0
2025-10-01,091160,46262.0,47096.0,46262.0,47096.0,1765906.0
2025-10-02,091160,48955.0,49539.0,47256.0,49349.0,3019474.0
2025-10-10,091160,51997.0,52366.0,51003.0,51947.0,3792715.0
2025-10-13,091160,49944.0,52192.0,49694.0,52192.0,3289779.0
2025-10-14,091160,53535.0,53555.0,49944.0,50833.0,5560574.0
2025-10-15,091160,51203.0,52901.0,50958.0,52901.0,2570888.0
2025-10-16,091160,52751.0,54220.0,52511.0,53990.0,3126785.0
2025-10-17,091160,53555.0,54869.0,53446.0,53840.0,2682223.0
2025-10-20,091160,54644.0,55199.0,53875.0,55094.0,2035230.0
2025-10-21,091160,56158.0,56298.0,54375.0,54500.0,3677202.0
2025-10-22,091160,54285.0,54994.0,53191.0,54994.0,2691010.0
2025-10-23,091160,53615.0,55209.0,53565.0,54634.0,1988629.0
2025-10-24,091160,55529.0,56378.0,55399.0,56308.0,2730592.0
2025-10-27,091160,57447.0,57617.0,56478.0,57577.0,2532163.0
2025-10-28,091160,56797.0,57092.0,55658.0,56323.0,3368065.0
2025-10-29,091160,56912.0,57836.0,56213.0,57836.0,3755098.0
2025-10-30,091160,57846.0,58701.0,57447.0,58426.0,3269065.0
2025-10-31,091160,58156.0,58686.0,57642.0,58686.0,1950094.0
2025-11-03,091160,58676.0,60994.0,58196.0,60994.0,2669354.0
2025-11-04,091160,61088.0,61618.0,59915.0,60039.0,3057623.0
2025-11-05,091160,58446.0,58686.0,54929.0,58116.0,6849351.0
2025-11-06,091160,59875.0,60109.0,57522.0,58856.0,3720927.0
2025-11-07,091160,57142.0,58945.0,56248.0,57297.0,3408581.0
2025-11-10,091160,57302.0,58826.0,56548.0,58766.0,2166679.0
2025-11-11,091160,59785.0,61093.0,58671.0,59730.0,3632943.0
2025-11-12,091160,59195.0,60019.0,58536.0,59640.0,1771845.0
2025-11-13,091160,59240.0,59790.0,58811.0,59515.0,1265404.0
2025-11-14,091160,57332.0,57332.0,56008.0,56048.0,2904006.0
2025-11-17,091160,57337.0,58641.0,56922.0,58641.0,1947923.0
2025-11-18,091160,57057.0,57712.0,55758.0,55978.0,2337931.0
2025-11-19,091160,55738.0,55938.0,53705.0,55114.0,3170496.0
2025-11-20,091160,57562.0,57572.0,55848.0,56263.0,2280317.0
2025-11-21,091160,52886.0,53450.0,52157.0,52307.0,4483708.0
2025-11-24,091160,53036.0,53715.0,52232.0,52821.0,2596116.0
2025-11-25,091160,54699.0,54859.0,52886.0,53685.0,1795833.0
2025-11-26,091160,53865.0,54859.0,53086.0,54714.0,1116177.0
2025-11-27,091160,55589.0,56298.0,55149.0,55663.0,1464118.0
2025-11-28,091160,55998.0,56108.0,55174.0,55609.0,923197.0
2025-12-01,091160,56338.0,56847.0,55534.0,56093.0,1255272.0
2025-12-02,091160,56458.0,57092.0,56413.0,56997.0,848254.0
2025-12-03,091160,57347.0,57757.0,56812.0,57477.0,824353.0
2025-12-04,091160,56977.0,56977.0,55683.0,56333.0,1704695.0
2025-12-05,091160,55933.0,57242.0,55683.0,57242.0,1074666.0
2025-12-08,091160,57447.0,58256.0,56573.0,58256.0,1400053.0
2025-12-09,091160,57792.0,58146.0,57352.0,57547.0,1204854.0
2025-12-10,091160,57547.0,58641.0,57547.0,57966.0,1185749.0
2025-12-11,091160,58261.0,58656.0,57172.0,57382.0,1030161.0
2025-12-12,091160,57382.0,57587.0,56947.0,57322.0,891987.0
2025-12-15,091160,55399.0,56423.0,55099.0,56043.0,1893781.0
2025-12-16,091160,55559.0,55803.0,54135.0,54155.0,2256344.0
2025-12-17,091160,54450.0,56173.0,54210.0,56153.0,1432359.0
2025-12-18,091160,54859.0,56148.0,54859.0,55539.0,1135572.0
2025-12-19,091160,56398.0,56618.0,55249.0,55249.0,1285540.0
2025-12-22,091160,56897.0,57936.0,56668.0,57936.0,2083493.0
2025-12-23,091160,58226.0,58631.0,57921.0,58241.0,1659785.0
2025-12-24,091160,58631.0,58631.0,57747.0,57747.0,2086211.0
2025-12-26,091160,58196.0,59595.0,58186.0,59470.0,2380690.0
2025-12-29,091160,60634.0,60904.0,60084.0,60699.0,1995294.0
2025-12-30,091160,60679.0,61643.0,60189.0,61243.0,1991180.0
2026-01-02,091160,61298.0,65459.0,61298.0,65420.0,3124404.0
2026-01-05,091160,67598.0,68687.0,66943.0,68537.0,4399258.0
2026-01-06,091160,67672.0,70720.0,66374.0,70720.0,5232505.0
2026-01-07,091160,72373.0,72683.0,68956.0,70235.0,4686051.0
2026-01-08,091160,69626.0,72898.0,69156.0,70095.0,4196136.0
2026-01-09,091160,69706.0,70400.0,68017.0,69241.0,3478320.0
2026-01-12,091160,70265.0,70385.0,68047.0,69056.0,2373196.0
2026-01-13,091160,69885.0,70125.0,68602.0,69336.0,1826535.0
2026-01-14,091160,69316.0,70705.0,69236.0,70485.0,1580399.0
2026-01-15,091160,69541.0,71084.0,69111.0,71084.0,1658817.0
2026-01-16,091160,71864.0,72368.0,71139.0,71609.0,1834986.0
2026-01-19,091160,71209.0,72528.0,71134.0,72243.0,1834330.0
2026-01-20,091160,71969.0,72028.0,69776.0,70435.0,2149479.0
2026-01-21,091160,68936.0,71084.0,68741.0,70640.0,2108950.0
2026-01-22,091160,72733.0,72833.0,71459.0,71959.0,1599760.0
2026-01-23,091160,71984.0,72303.0,71069.0,72133.0,1528827.0
2026-01-26,091160,72133.0,73462.0,72033.0,73377.0,1545380.0
2026-01-27,091160,73122.0,78083.0,72998.0,78033.0,3279525.0
2026-01-28,091160,79607.0,83078.0,78967.0,82874.0,4180135.0
2026-01-29,091160,86925.0,88818.0,80641.0,84767.0,5580793.0
2026-01-30,091160,84372.0,90816.0,84257.0,88119.0,6529617.0
2026-02-02,091160,85521.0,86920.0,81125.0,81175.0,7346534.0
2026-02-03,091160,85626.0,88698.0,85121.0,88698.0,4542244.0
2026-02-04,091160,86970.0,89472.0,86220.0,88718.0,4026605.0
2026-02-05,091160,85291.0,87230.0,83923.0,83923.0,7658707.0
2026-02-06,091160,81645.0,85576.0,79751.0,84342.0,6627034.0
2026-02-09,091160,88918.0,89103.0,87075.0,88488.0,4767718.0
2026-02-10,091160,88523.0,89238.0,86550.0,86625.0,2561282.0
2026-02-11,091160,85761.0,86820.0,84232.0,85746.0,2699110.0
2026-02-12,091160,87469.0,89318.0,87125.0,89318.0,3530034.0
2026-02-13,091160,88219.0,89717.0,87979.0,88663.0,3823272.0
2026-02-19,091160,90517.0,91800.0,89487.0,91501.0,3670359.0
2026-02-20,091160,91501.0,92964.0,90347.0,92859.0,3325527.0
2026-02-23,091160,94733.0,94912.0,91486.0,92300.0,3097965.0
2026-02-24,091160,91955.0,95662.0,91581.0,95607.0,3676153.0
2026-02-25,091160,96726.0,97105.0,95562.0,96126.0,4641657.0
2026-02-26,091160,98055.0,105088.0,97775.0,105088.0,6415473.0
2026-02-27,091160,101277.0,107701.0,100662.0,105303.0,8285049.0
2026-03-03,091160,102905.0,106777.0,97210.0,97625.0,9990113.0
2026-03-04,091160,93799.0,99283.0,84822.0,84822.0,13688185.0
2026-03-05,091160,97180.0,103250.0,96521.0,100492.0,11510665.0
2026-03-06,091160,99663.0,102496.0,96401.0,102241.0,6185566.0
2026-03-09,091160,94783.0,96511.0,90861.0,93164.0,7629117.0
2026-03-10,091160,100907.0,101322.0,96936.0,99129.0,6576177.0
2026-03-11,091160,101092.0,101407.0,97425.0,98309.0,4844835.0
2026-03-12,091160,97555.0,99239.0,96816.0,98010.0,4487631.0
2026-03-13,091160,94858.0,97765.0,94633.0,96846.0,3422775.0
2026-03-16,091160,97031.0,99688.0,96111.0,99378.0,3207718.0
2026-03-17,091160,103205.0,103205.0,99378.0,99378.0,4380438.0
2026-03-18,091160,101986.0,105443.0,101671.0,105003.0,4586704.0
2026-03-19,091160,101776.0,105088.0,101516.0,103325.0,3533047.0
2026-03-20,091160,104009.0,104803.0,103050.0,103769.0,3035251.0
2026-03-23,091160,99968.0,100752.0,97255.0,97415.0,5702358.0
2026-03-24,091160,101911.0,102121.0,96966.0,100033.0,5960922.0
2026-03-25,091160,102121.0,104124.0,101097.0,101596.0,4049864.0
2026-03-26,091160,99613.0,100228.0,95712.0,95902.0,8100163.0
2026-03-27,091160,94598.0,96856.0,91441.0,95362.0,6115849.0
2026-03-30,091160,90971.0,92115.0,89597.0,91356.0,5243097.0
2026-03-31,091160,88209.0,90716.0,86570.0,86820.0,5200852.0
2026-04-01,091160,92515.0,96266.0,91717.0,95837.0,5095645.0
2026-04-02,091160,97170.0,97510.0,88628.0,90022.0,6796815.0
2026-04-03,091160,92834.0,93729.0,91131.0,93074.0,3961477.0
2026-04-06,091160,93799.0,95387.0,92640.0,93244.0,2794346.0
2026-04-07,091160,96396.0,96511.0,93074.0,94843.0,3294523.0
2026-04-08,091160,102031.0,104469.0,99913.0,104254.0,5482083.0
2026-04-09,091160,102136.0,103330.0,100602.0,101631.0,3461654.0
2026-04-10,091160,104174.0,104399.0,102905.0,102905.0,2795186.0
2026-04-13,091160,100432.0,103485.0,100188.0,102960.0,3090845.0
2026-04-14,091160,105857.0,106572.0,104953.0,105508.0,4010519.0
2026-04-15,091160,109369.0,109884.0,107651.0,108550.0,5624378.0
2026-04-16,091160,108595.0,110518.0,107581.0,110518.0,3599027.0
2026-04-17,091160,110398.0,110593.0,109314.0,110298.0,3149494.0
2026-04-20,091160,110298.0,112651.0,109649.0,112297.0,3155184.0
2026-04-21,091160,113341.0,115559.0,113301.0,115559.0,2966114.0
2026-04-22,091160,115394.0,116857.0,113775.0,116857.0,4086528.0
2026-04-23,091160,117612.0,119095.0,113660.0,117437.0,5432907.0
2026-04-24,091160,118016.0,119485.0,117277.0,119485.0,3079397.0
2026-04-27,091160,120279.0,126164.0,120279.0,125245.0,5577981.0
2026-04-28,091160,125539.0,126259.0,123821.0,125484.0,3945953.0
2026-04-29,091160,123015.0,125465.0,122710.0,124750.0,4073370.0
2026-04-30,091160,126005.0,126540.0,123400.0,123850.0,3894606.0
2026-05-04,091160,126585.0,130560.0,126215.0,130460.0,3982921.0
2026-05-06,091160,137950.0,140180.0,133100.0,140020.0,7730407.0
2026-05-07,091160,141965.0,142885.0,136315.0,142100.0,7158285.0
2026-05-08,091160,138000.0,143715.0,137945.0,143715.0,4803281.0
2026-05-11,091160,149685.0,154275.0,149685.0,153085.0,8039836.0
2026-05-12,091160,154625.0,157170.0,142205.0,147995.0,10117267.0
2026-05-13,091160,143450.0,155855.0,142595.0,155855.0,6992947.0
2026-05-14,091160,154600.0,157200.0,153375.0,157200.0,6210790.0
2026-05-15,091160,156990.0,158250.0,142595.0,145885.0,9331811.0
2026-05-18,091160,144305.0,149800.0,137155.0,146250.0,7887199.0
2026-05-19,091160,143175.0,146000.0,138275.0,140375.0,5437212.0
2026-05-20,091160,140780.0,143975.0,137300.0,140995.0,6287151.0
2026-05-21,091160,146035.0,155415.0,145895.0,154805.0,4956542.0
2026-05-22,091160,154850.0,157350.0,153670.0,155500.0,3960015.0
2026-05-26,091160,158875.0,163350.0,157510.0,162660.0,5339206.0
2026-05-27,091160,165000.0,170790.0,163570.0,163570.0,9075794.0
2026-05-28,091160,160290.0,162990.0,153325.0,160810.0,7386655.0
2026-05-29,091160,164200.0,165100.0,158870.0,160980.0,9213595.0
2026-06-01,091160,160980.0,166355.0,160500.0,165410.0,8275411.0
2026-06-02,091160,165775.0,167700.0,159370.0,163875.0,7638884.0
2026-06-04,091160,161600.0,170900.0,161545.0,168300.0,6135809.0
2026-06-05,091160,159000.0,163625.0,154985.0,157180.0,6851355.0
2026-06-08,091160,148605.0,150600.0,141305.0,141910.0,6458033.0
2026-06-09,091160,150000.0,159005.0,147000.0,158600.0,3719547.0
2026-06-10,091160,153105.0,160235.0,147325.0,151495.0,3993160.0
2026-06-11,091160,146950.0,158900.0,145030.0,158000.0,3161033.0
2026-06-12,091160,167200.0,175195.0,166850.0,168740.0,5807882.0
2026-06-15,091160,175445.0,175595.0,171295.0,173050.0,3164843.0
2026-06-16,091160,175445.0,176255.0,169090.0,171815.0,3173875.0
2026-06-17,091160,168565.0,175955.0,168545.0,175955.0,2799026.0
2026-06-18,091160,176610.0,182645.0,175745.0,182500.0,4285627.0
2026-06-19,091160,186055.0,188760.0,175450.0,181015.0,6129278.0
2026-06-22,091160,176980.0,188345.0,176850.0,188345.0,4169818.0
2026-06-23,091160,186930.0,187040.0,165470.0,166780.0,6437426.0
2026-06-24,091160,168000.0,173890.0,161650.0,171440.0,6620116.0
2026-06-25,091160,180995.0,182640.0,175250.0,182185.0,3870432.0
2026-06-26,091160,177515.0,180295.0,166595.0,171695.0,4553563.0
2026-06-29,091160,170505.0,171930.0,164100.0,169105.0,3374371.0
2026-06-30,091160,169150.0,176205.0,166100.0,173450.0,2102343.0
2026-07-01,091160,173470.0,176270.0,166000.0,169545.0,1326095.0
2026-07-02,091160,158340.0,159860.0,147180.0,149255.0,4369304.0
2026-07-03,091160,148630.0,157995.0,140000.0,157225.0,4812407.0
2026-07-06,091160,157515.0,159995.0,148230.0,153510.0,2903735.0
2026-07-07,091160,149500.0,152680.0,138510.0,143560.0,2407748.0
2026-07-08,091160,139000.0,147882.0,134580.0,135380.0,2314286.0
2026-07-09,091160,140165.0,145095.0,134665.0,140600.0,2028780.0
2026-07-10,091160,146920.0,150730.0,141350.0,146380.0,1243977.0
2026-07-13,091160,143945.0,148040.0,130030.0,130340.0,2234576.0
2026-07-14,091160,130005.0,135260.0,121560.0,133200.0,3959639.0
2026-07-15,091160,143505.0,148880.0,141890.0,146100.0,2307140.0
2026-07-16,091160,136425.0,138110.0,131040.0,132230.0,2656887.0
2025-01-15,096770,126800.0,128500.0,124600.0,125100.0,209376.0
2025-01-16,096770,127000.0,128500.0,125400.0,127600.0,208716.0
2025-01-17,096770,127100.0,130400.0,126600.0,128800.0,298005.0
2025-01-20,096770,130000.0,131200.0,125900.0,129400.0,233023.0
2025-01-21,096770,129400.0,129400.0,123300.0,124600.0,277474.0
2025-01-22,096770,125900.0,129100.0,125100.0,127900.0,233401.0
2025-01-23,096770,128800.0,128800.0,126100.0,127100.0,168921.0
2025-01-24,096770,128800.0,129800.0,126800.0,127100.0,143727.0
2025-01-31,096770,129300.0,129800.0,126100.0,127500.0,176246.0
2025-02-03,096770,124800.0,124800.0,120300.0,120900.0,234451.0
2025-02-04,096770,123100.0,126900.0,122000.0,123400.0,195019.0
2025-02-05,096770,123500.0,126400.0,122900.0,125800.0,155635.0
2025-02-06,096770,124500.0,125500.0,120900.0,124500.0,180135.0
2025-02-07,096770,123600.0,125100.0,121100.0,121100.0,136542.0
2025-02-10,096770,120900.0,123400.0,120000.0,122100.0,185265.0
2025-02-11,096770,123400.0,124200.0,120500.0,120900.0,191701.0
2025-02-12,096770,121600.0,123500.0,120200.0,121900.0,157638.0
2025-02-13,096770,122100.0,124300.0,120300.0,124300.0,393847.0
2025-02-14,096770,123700.0,124000.0,121400.0,122000.0,158652.0
2025-02-17,096770,121800.0,128500.0,120700.0,128500.0,331331.0
2025-02-18,096770,128100.0,129400.0,126700.0,128800.0,207974.0
2025-02-19,096770,129300.0,130200.0,127800.0,130000.0,248643.0
2025-02-20,096770,130000.0,133200.0,128600.0,131400.0,341348.0
2025-02-21,096770,132500.0,133400.0,130900.0,132400.0,243030.0
2025-02-24,096770,132700.0,134000.0,131600.0,133900.0,247440.0
2025-02-25,096770,132700.0,132700.0,128000.0,128800.0,227745.0
2025-02-26,096770,128800.0,131500.0,128200.0,130800.0,178693.0
2025-02-27,096770,130700.0,132100.0,129300.0,132100.0,251609.0
2025-02-28,096770,130500.0,130800.0,125700.0,125700.0,814483.0
2025-03-04,096770,125500.0,126800.0,122600.0,124200.0,197545.0
2025-03-05,096770,124000.0,127400.0,124000.0,126700.0,168056.0
2025-03-06,096770,127700.0,129900.0,123800.0,126500.0,196054.0
2025-03-07,096770,125100.0,128300.0,124000.0,128000.0,181312.0
2025-03-10,096770,130000.0,135700.0,129100.0,135700.0,886360.0
2025-03-11,096770,133400.0,137000.0,131000.0,134400.0,373162.0
2025-03-12,096770,134100.0,138600.0,133100.0,138600.0,390033.0
2025-03-13,096770,138600.0,140200.0,135600.0,139200.0,1044354.0
2025-03-14,096770,137500.0,137500.0,130800.0,132000.0,331659.0
2025-03-17,096770,130600.0,132000.0,125200.0,126200.0,369244.0
2025-03-18,096770,127100.0,128000.0,125200.0,126100.0,181875.0
2025-03-19,096770,126100.0,128300.0,123300.0,124600.0,316698.0
2025-03-20,096770,131700.0,133500.0,124300.0,125200.0,616815.0
2025-03-21,096770,125200.0,125700.0,121100.0,123400.0,353512.0
2025-03-24,096770,123400.0,127000.0,123400.0,125500.0,203566.0
2025-03-25,096770,125800.0,126500.0,123500.0,124100.0,135819.0
2025-03-26,096770,124200.0,126400.0,123800.0,126000.0,132217.0
2025-03-27,096770,124300.0,124900.0,121200.0,121900.0,142172.0
2025-03-28,096770,122300.0,122300.0,119700.0,121000.0,134770.0
2025-03-31,096770,118500.0,119300.0,111600.0,112400.0,322282.0
2025-04-01,096770,112500.0,113600.0,109400.0,110100.0,305814.0
2025-04-02,096770,110900.0,111000.0,104750.0,106200.0,462467.0
2025-04-03,096770,102800.0,104000.0,101800.0,102700.0,406025.0
2025-04-04,096770,101800.0,106000.0,100800.0,105300.0,398913.0
2025-04-07,096770,101100.0,101300.0,97000.0,97700.0,454319.0
2025-04-08,096770,99500.0,100100.0,96300.0,96900.0,372704.0
2025-04-09,096770,95500.0,97600.0,92600.0,92700.0,393993.0
2025-04-10,096770,100000.0,102200.0,97000.0,102200.0,706492.0
2025-04-11,096770,99700.0,99700.0,96000.0,97300.0,429483.0
2025-04-14,096770,98000.0,99900.0,97200.0,97800.0,239010.0
2025-04-15,096770,98600.0,98600.0,97000.0,97700.0,153910.0
2025-04-16,096770,98100.0,99000.0,93500.0,94100.0,319004.0
2025-04-17,096770,94900.0,94900.0,93300.0,93600.0,318905.0
2025-04-18,096770,94200.0,94200.0,93000.0,93600.0,203280.0
2025-04-21,096770,93600.0,94100.0,92200.0,92600.0,203372.0
2025-04-22,096770,92100.0,93200.0,91800.0,92100.0,148051.0
2025-04-23,096770,93700.0,95800.0,93500.0,95700.0,278213.0
2025-04-24,096770,96500.0,96500.0,94000.0,94900.0,183307.0
2025-04-25,096770,95600.0,96300.0,94500.0,95500.0,208145.0
2025-04-28,096770,95700.0,96700.0,95300.0,95900.0,168590.0
2025-04-29,096770,96000.0,97900.0,95000.0,96800.0,261682.0
2025-04-30,096770,95800.0,96800.0,93400.0,94400.0,306828.0
2025-05-02,096770,93500.0,94100.0,91900.0,93400.0,204897.0
2025-05-07,096770,94500.0,94700.0,92600.0,93000.0,197243.0
2025-05-08,096770,93000.0,94000.0,92600.0,93500.0,309396.0
2025-05-09,096770,93500.0,93600.0,90800.0,90800.0,347760.0
2025-05-12,096770,91200.0,93000.0,91200.0,92600.0,222864.0
2025-05-13,096770,92300.0,93000.0,90100.0,90200.0,357856.0
2025-05-14,096770,90700.0,90800.0,88900.0,89800.0,277731.0
2025-05-15,096770,89100.0,89600.0,88200.0,88400.0,290782.0
2025-05-16,096770,88400.0,88700.0,87200.0,87400.0,210981.0
2025-05-19,096770,87100.0,89500.0,87000.0,87700.0,231502.0
2025-05-20,096770,88500.0,88600.0,83800.0,84500.0,372257.0
2025-05-21,096770,84500.0,86200.0,84100.0,84300.0,203670.0
2025-05-22,096770,83600.0,85400.0,81500.0,84600.0,332109.0
2025-05-23,096770,84200.0,84600.0,80800.0,81100.0,350742.0
2025-05-26,096770,80900.0,84300.0,80900.0,83500.0,333449.0
2025-05-27,096770,82700.0,83300.0,81400.0,82000.0,193784.0
2025-05-28,096770,82000.0,87300.0,81800.0,86800.0,440917.0
2025-05-29,096770,87200.0,90700.0,86050.0,89800.0,504385.0
2025-05-30,096770,89600.0,93000.0,88100.0,89500.0,662965.0
2025-06-02,096770,89600.0,90500.0,87000.0,87700.0,343665.0
2025-06-04,096770,88500.0,91800.0,88400.0,90900.0,377011.0
2025-06-05,096770,91300.0,93200.0,90300.0,92100.0,319259.0
2025-06-09,096770,91900.0,94500.0,90500.0,93300.0,445001.0
2025-06-10,096770,93300.0,95900.0,92600.0,94300.0,350643.0
2025-06-11,096770,94500.0,95500.0,93100.0,94200.0,456110.0
2025-06-12,096770,94700.0,97500.0,94300.0,95500.0,558444.0
2025-06-13,096770,94700.0,98800.0,92500.0,92600.0,985684.0
2025-06-16,096770,94700.0,95100.0,91100.0,92300.0,587343.0
2025-06-17,096770,92500.0,93400.0,90900.0,91100.0,465446.0
2025-06-18,096770,92400.0,102200.0,92300.0,101100.0,1366798.0
2025-06-19,096770,100200.0,102300.0,97500.0,100800.0,544624.0
2025-06-20,096770,101400.0,104400.0,99500.0,102400.0,598998.0
2025-06-23,096770,111600.0,111600.0,102400.0,102800.0,945612.0
2025-06-24,096770,100100.0,102300.0,99050.0,101800.0,516935.0
2025-06-25,096770,102400.0,103000.0,99900.0,101000.0,330462.0
2025-06-26,096770,100300.0,100900.0,98600.0,100300.0,255238.0
2025-06-27,096770,99900.0,100100.0,97700.0,97800.0,239336.0
2025-06-30,096770,107100.0,123000.0,107000.0,122400.0,3309175.0
2025-07-01,096770,121700.0,128000.0,116900.0,126500.0,2133522.0
2025-07-02,096770,121200.0,122700.0,115000.0,117700.0,1229445.0
2025-07-03,096770,118000.0,121300.0,116900.0,119300.0,699144.0
2025-07-04,096770,116500.0,117500.0,114100.0,115200.0,443604.0
2025-07-07,096770,113800.0,114950.0,111700.0,113000.0,342903.0
2025-07-08,096770,113000.0,117400.0,112700.0,113200.0,432609.0
2025-07-09,096770,113700.0,118700.0,113700.0,116500.0,573335.0
2025-07-10,096770,116000.0,121000.0,114200.0,121000.0,552254.0
2025-07-11,096770,119000.0,119000.0,116100.0,116100.0,502833.0
2025-07-14,096770,116500.0,117100.0,115100.0,115500.0,214081.0
2025-07-15,096770,116100.0,119800.0,115500.0,116000.0,489845.0
2025-07-16,096770,116000.0,116300.0,112000.0,112100.0,367724.0
2025-07-17,096770,113200.0,113800.0,109800.0,111600.0,251200.0
2025-07-18,096770,111800.0,114000.0,111800.0,113500.0,256326.0
2025-07-21,096770,112600.0,115300.0,112400.0,114900.0,228201.0
2025-07-22,096770,114400.0,116000.0,113500.0,113900.0,194000.0
2025-07-23,096770,114700.0,116700.0,113100.0,116300.0,270859.0
2025-07-24,096770,115500.0,117700.0,114500.0,116900.0,295808.0
2025-07-25,096770,115600.0,115700.0,113900.0,114400.0,223316.0
2025-07-28,096770,114500.0,115900.0,112500.0,113500.0,313911.0
2025-07-29,096770,112500.0,112600.0,109800.0,111500.0,342596.0
2025-07-30,096770,111600.0,119200.0,111600.0,117200.0,874424.0
2025-07-31,096770,117600.0,117800.0,107300.0,107900.0,1145001.0
2025-08-01,096770,107000.0,107800.0,101400.0,102000.0,544493.0
2025-08-04,096770,102200.0,104900.0,100900.0,103400.0,289812.0
2025-08-05,096770,104300.0,107900.0,104300.0,106500.0,318691.0
2025-08-06,096770,106100.0,109900.0,105600.0,109000.0,344934.0
2025-08-07,096770,109000.0,109300.0,107400.0,108500.0,151708.0
2025-08-08,096770,108000.0,108600.0,107000.0,107500.0,152162.0
2025-08-11,096770,107700.0,109200.0,106400.0,107400.0,248530.0
2025-08-12,096770,106600.0,108300.0,106000.0,106000.0,204049.0
2025-08-13,096770,107100.0,107200.0,105200.0,106400.0,195221.0
2025-08-14,096770,106500.0,109100.0,105700.0,109100.0,425386.0
2025-08-18,096770,107500.0,107900.0,105200.0,105500.0,233601.0
2025-08-19,096770,106000.0,106900.0,104800.0,105900.0,147883.0
2025-08-20,096770,105900.0,105900.0,103400.0,104100.0,179856.0
2025-08-21,096770,104500.0,107200.0,104400.0,104700.0,175526.0
2025-08-22,096770,106000.0,107800.0,103700.0,103900.0,189267.0
2025-08-25,096770,104700.0,105800.0,103600.0,105500.0,149509.0
2025-08-26,096770,104800.0,106200.0,104100.0,104900.0,338276.0
2025-08-27,096770,105400.0,105400.0,103200.0,103600.0,242789.0
2025-08-28,096770,103600.0,104300.0,102400.0,102400.0,177723.0
2025-08-29,096770,102600.0,103000.0,99700.0,100900.0,262325.0
2025-09-01,096770,100100.0,100700.0,99700.0,100200.0,134025.0
2025-09-02,096770,100200.0,101200.0,99800.0,100900.0,130484.0
2025-09-03,096770,100300.0,101800.0,100300.0,101400.0,151901.0
2025-09-04,096770,103500.0,106400.0,103100.0,106400.0,453804.0
2025-09-05,096770,105500.0,106600.0,105100.0,105400.0,201450.0
2025-09-08,096770,105700.0,106500.0,104800.0,105800.0,129120.0
2025-09-09,096770,106400.0,107300.0,105800.0,106600.0,201764.0
2025-09-10,096770,106000.0,107100.0,105500.0,106500.0,205511.0
2025-09-11,096770,106500.0,110400.0,106300.0,108500.0,675159.0
2025-09-12,096770,109200.0,109200.0,107700.0,107900.0,288479.0
2025-09-15,096770,107900.0,109000.0,106500.0,107000.0,202945.0
2025-09-16,096770,107100.0,107500.0,105000.0,105000.0,293946.0
2025-09-17,096770,105700.0,106800.0,105100.0,106300.0,162397.0
2025-09-18,096770,106500.0,106700.0,105100.0,106700.0,197078.0
2025-09-19,096770,106100.0,106800.0,104000.0,104000.0,375809.0
2025-09-22,096770,104800.0,105900.0,104000.0,104200.0,186127.0
2025-09-23,096770,103800.0,104500.0,103400.0,103600.0,201315.0
2025-09-24,096770,104600.0,105300.0,101800.0,102300.0,233461.0
2025-09-25,096770,102300.0,104000.0,102100.0,103600.0,185194.0
2025-09-26,096770,103000.0,103000.0,101000.0,101100.0,155423.0
2025-09-29,096770,102000.0,102300.0,101000.0,101600.0,139279.0
2025-09-30,096770,100700.0,101600.0,100300.0,100500.0,232533.0
2025-10-01,096770,100200.0,101300.0,99500.0,99900.0,214213.0
2025-10-02,096770,100600.0,107700.0,100600.0,104900.0,843677.0
2025-10-10,096770,104900.0,105000.0,102000.0,103000.0,275945.0
2025-10-13,096770,101800.0,104400.0,100300.0,104000.0,303723.0
2025-10-14,096770,103000.0,107600.0,102200.0,106200.0,416289.0
2025-10-15,096770,106500.0,107700.0,106000.0,107700.0,229656.0
2025-10-16,096770,108100.0,116300.0,108100.0,116000.0,959544.0
2025-10-17,096770,114500.0,119000.0,113800.0,116600.0,701794.0
2025-10-20,096770,115500.0,120400.0,113500.0,119200.0,537124.0
2025-10-21,096770,118400.0,127400.0,118400.0,124700.0,1377390.0
2025-10-22,096770,124500.0,126400.0,122400.0,126300.0,585328.0
2025-10-23,096770,128000.0,128000.0,124200.0,124500.0,445469.0
2025-10-24,096770,128500.0,136200.0,128000.0,134800.0,1442659.0
2025-10-27,096770,136300.0,136300.0,130500.0,131300.0,667370.0
2025-10-28,096770,131300.0,133000.0,126900.0,132000.0,581661.0
2025-10-29,096770,132700.0,138300.0,131600.0,137000.0,863624.0
2025-10-30,096770,135700.0,137800.0,132800.0,134600.0,509974.0
2025-10-31,096770,132700.0,137200.0,128500.0,128900.0,700849.0
2025-11-03,096770,130100.0,130400.0,124800.0,126500.0,493253.0
2025-11-04,096770,127800.0,130200.0,126300.0,126500.0,369158.0
2025-11-05,096770,125500.0,125500.0,117900.0,120900.0,444471.0
2025-11-06,096770,123800.0,123800.0,120300.0,120800.0,445880.0
2025-11-07,096770,119000.0,120200.0,114600.0,115900.0,391011.0
2025-11-10,096770,117300.0,121600.0,116100.0,120500.0,283482.0
2025-11-11,096770,122400.0,125900.0,120500.0,122300.0,312573.0
2025-11-12,096770,125500.0,127300.0,123600.0,126500.0,386084.0
2025-11-13,096770,125700.0,127800.0,123900.0,126300.0,402364.0
2025-11-14,096770,123800.0,125800.0,122300.0,122700.0,268518.0
2025-11-17,096770,124000.0,124700.0,121600.0,122300.0,245202.0
2025-11-18,096770,121100.0,122200.0,115800.0,116000.0,341783.0
2025-11-19,096770,117600.0,118500.0,114500.0,116600.0,204366.0
2025-11-20,096770,118000.0,118800.0,116700.0,116900.0,199549.0
2025-11-21,096770,115900.0,116000.0,112500.0,113500.0,193498.0
2025-11-24,096770,115700.0,115800.0,111300.0,111300.0,319104.0
2025-11-25,096770,113500.0,114000.0,109900.0,111000.0,170364.0
2025-11-26,096770,111900.0,117200.0,111800.0,117200.0,247969.0
2025-11-27,096770,117300.0,117800.0,115300.0,116400.0,158395.0
2025-11-28,096770,117400.0,118300.0,114400.0,115000.0,205478.0
2025-12-01,096770,116000.0,117600.0,113900.0,114600.0,164925.0
2025-12-02,096770,115400.0,116200.0,114000.0,115500.0,183864.0
2025-12-03,096770,115300.0,116700.0,114700.0,115900.0,139733.0
2025-12-04,096770,115300.0,115900.0,111800.0,112600.0,303660.0
2025-12-05,096770,112500.0,114900.0,112300.0,114600.0,198828.0
2025-12-08,096770,114800.0,117700.0,114800.0,117500.0,268104.0
2025-12-09,096770,117300.0,118800.0,116300.0,117300.0,217439.0
2025-12-10,096770,119600.0,119600.0,115900.0,116600.0,238604.0
2025-12-11,096770,117700.0,117700.0,112300.0,112300.0,582960.0
2025-12-12,096770,113500.0,114100.0,112000.0,113900.0,220653.0
2025-12-15,096770,112900.0,114400.0,111700.0,112900.0,174999.0
2025-12-16,096770,113300.0,113300.0,109600.0,109800.0,272521.0
2025-12-17,096770,110700.0,110700.0,108100.0,110500.0,202783.0
2025-12-18,096770,108500.0,108600.0,104800.0,104800.0,343106.0
2025-12-19,096770,106000.0,106300.0,102500.0,105800.0,572216.0
2025-12-22,096770,106200.0,106500.0,105300.0,106500.0,160271.0
2025-12-23,096770,106800.0,107000.0,105600.0,106200.0,136988.0
2025-12-24,096770,106300.0,106500.0,104900.0,105500.0,125186.0
2025-12-26,096770,105000.0,105400.0,103200.0,103300.0,149687.0
2025-12-29,096770,101500.0,103100.0,101100.0,103100.0,162960.0
2025-12-30,096770,102400.0,102500.0,101000.0,101200.0,224337.0
2026-01-02,096770,101200.0,101300.0,99500.0,99900.0,222145.0
2026-01-05,096770,100100.0,102800.0,100100.0,102700.0,269897.0
2026-01-06,096770,104200.0,106000.0,102300.0,106000.0,331023.0
2026-01-07,096770,105000.0,105500.0,101300.0,102000.0,373184.0
2026-01-08,096770,102000.0,102600.0,99300.0,102600.0,720394.0
2026-01-09,096770,101500.0,101700.0,99700.0,99700.0,429275.0
2026-01-12,096770,100000.0,102500.0,99800.0,102500.0,328914.0
2026-01-13,096770,103100.0,105500.0,101700.0,105500.0,350395.0
2026-01-14,096770,106100.0,106200.0,102700.0,103900.0,254953.0
2026-01-15,096770,104600.0,110700.0,104200.0,107600.0,621403.0
2026-01-16,096770,107000.0,107400.0,104800.0,105400.0,279004.0
2026-01-19,096770,104800.0,106300.0,102700.0,106200.0,329951.0
2026-01-20,096770,105200.0,109200.0,105100.0,109000.0,406654.0
2026-01-21,096770,106700.0,106900.0,104700.0,105800.0,257770.0
2026-01-22,096770,106000.0,112300.0,105300.0,112200.0,802247.0
2026-01-23,096770,115000.0,115300.0,109600.0,111400.0,474343.0
2026-01-26,096770,112200.0,114800.0,112000.0,114100.0,414195.0
2026-01-27,096770,113500.0,113500.0,111000.0,111500.0,438428.0
2026-01-28,096770,113500.0,114100.0,106500.0,108200.0,1065781.0
2026-01-29,096770,109400.0,114000.0,106600.0,113500.0,921456.0
2026-01-30,096770,114800.0,120000.0,111500.0,112000.0,754942.0
2026-02-02,096770,111800.0,113700.0,106500.0,106900.0,589696.0
2026-02-03,096770,109000.0,109600.0,106500.0,109500.0,406300.0
2026-02-04,096770,108500.0,112800.0,108500.0,112700.0,456487.0
2026-02-05,096770,110700.0,111700.0,108500.0,109800.0,478632.0
2026-02-06,096770,107000.0,107100.0,104800.0,106200.0,416129.0
2026-02-09,096770,108400.0,111000.0,108000.0,109700.0,310740.0
2026-02-10,096770,110400.0,112800.0,109600.0,111800.0,371527.0
2026-02-11,096770,112800.0,114000.0,111900.0,113500.0,333667.0
2026-02-12,096770,114400.0,116700.0,112200.0,116300.0,552434.0
2026-02-13,096770,116000.0,118200.0,113500.0,113800.0,366958.0
2026-02-19,096770,115000.0,119000.0,114100.0,118600.0,469623.0
2026-02-20,096770,121700.0,128700.0,121500.0,127600.0,1148636.0
2026-02-23,096770,128300.0,130700.0,126700.0,128400.0,829422.0
2026-02-24,096770,129500.0,139500.0,128700.0,137700.0,1454315.0
2026-02-25,096770,136300.0,136400.0,130000.0,131200.0,945606.0
2026-02-26,096770,131500.0,132800.0,128100.0,130000.0,645204.0
2026-02-27,096770,128000.0,129900.0,125500.0,127700.0,1133235.0
2026-03-03,096770,140400.0,141300.0,128700.0,130900.0,3617613.0
2026-03-04,096770,136700.0,139600.0,108100.0,109000.0,2479816.0
2026-03-05,096770,115700.0,131400.0,114100.0,126500.0,2015029.0
2026-03-06,096770,131000.0,131000.0,121900.0,124900.0,1082786.0
2026-03-09,096770,127800.0,128600.0,117100.0,118200.0,1018646.0
2026-03-10,096770,120000.0,122500.0,117100.0,119800.0,543592.0
2026-03-11,096770,120200.0,126400.0,119000.0,119500.0,832752.0
2026-03-12,096770,121200.0,125400.0,120000.0,121700.0,1529015.0
2026-03-13,096770,120600.0,121100.0,112000.0,112600.0,1213989.0
2026-03-16,096770,111700.0,113300.0,108900.0,109300.0,480023.0
2026-03-17,096770,110900.0,111000.0,108500.0,110900.0,443183.0
2026-03-18,096770,111300.0,114600.0,110600.0,114300.0,394221.0
2026-03-19,096770,111800.0,113000.0,110200.0,110300.0,319609.0
2026-03-20,096770,111900.0,117700.0,111600.0,113900.0,570150.0
2026-03-23,096770,111100.0,111400.0,105100.0,105600.0,464035.0
2026-03-24,096770,108900.0,110300.0,106200.0,110100.0,335325.0
2026-03-25,096770,111700.0,114700.0,111000.0,114100.0,429196.0
2026-03-26,096770,113500.0,113500.0,110300.0,111300.0,301504.0
2026-03-27,096770,109500.0,111400.0,106300.0,111400.0,310314.0
2026-03-30,096770,107400.0,114600.0,106500.0,113400.0,494381.0
2026-03-31,096770,112300.0,113400.0,107700.0,108700.0,424109.0
2026-04-01,096770,113000.0,114500.0,110800.0,114500.0,339509.0
2026-04-02,096770,114400.0,120200.0,113800.0,115500.0,906129.0
2026-04-03,096770,118200.0,119600.0,114000.0,118200.0,307161.0
2026-04-06,096770,117900.0,123900.0,117800.0,123200.0,619875.0
2026-04-07,096770,121500.0,128700.0,120500.0,121800.0,690065.0
2026-04-08,096770,125000.0,125500.0,115500.0,120400.0,807415.0
2026-04-09,096770,122200.0,124500.0,119100.0,124000.0,648120.0
2026-04-10,096770,123600.0,124900.0,121100.0,122400.0,291430.0
2026-04-13,096770,122000.0,124200.0,119800.0,121500.0,345810.0
2026-04-14,096770,122000.0,122800.0,120000.0,121600.0,361028.0
2026-04-15,096770,122400.0,122900.0,118600.0,121600.0,501831.0
2026-04-16,096770,121600.0,127000.0,121600.0,126500.0,667455.0
2026-04-17,096770,127000.0,129500.0,125300.0,129400.0,432136.0
2026-04-20,096770,129300.0,130500.0,127200.0,128800.0,343300.0
2026-04-21,096770,130100.0,135200.0,128900.0,133500.0,1167957.0
2026-04-22,096770,135200.0,135200.0,130000.0,134000.0,618073.0
2026-04-23,096770,134500.0,135500.0,128400.0,133200.0,568659.0
2026-04-24,096770,133300.0,134200.0,130900.0,132900.0,445814.0
2026-04-27,096770,134100.0,134300.0,128700.0,130400.0,651104.0
2026-04-28,096770,130700.0,133800.0,130300.0,133000.0,736544.0
2026-04-29,096770,135400.0,149900.0,135300.0,149800.0,3117601.0
2026-04-30,096770,146500.0,148000.0,143500.0,146200.0,1134227.0
2026-05-04,096770,149500.0,155400.0,144600.0,145700.0,1202954.0
2026-05-06,096770,148500.0,148700.0,139500.0,146700.0,1323792.0
2026-05-07,096770,145500.0,145900.0,136400.0,137800.0,1021138.0
2026-05-08,096770,138200.0,138200.0,134000.0,134700.0,673340.0
2026-05-11,096770,137700.0,138000.0,131900.0,132700.0,701204.0
2026-05-12,096770,132000.0,133400.0,123900.0,128500.0,786369.0
2026-05-13,096770,131000.0,132000.0,125200.0,129700.0,645303.0
2026-05-14,096770,131000.0,131400.0,124100.0,126700.0,805501.0
2026-05-15,096770,130000.0,136400.0,122200.0,123500.0,1140726.0
2026-05-18,096770,124900.0,126200.0,116900.0,123300.0,495434.0
2026-05-19,096770,122900.0,125000.0,117700.0,119600.0,605849.0
2026-05-20,096770,123100.0,124800.0,114500.0,115500.0,516672.0
2026-05-21,096770,117800.0,119000.0,116000.0,118800.0,532239.0
2026-05-22,096770,122000.0,125500.0,121300.0,123700.0,470022.0
2026-05-26,096770,124800.0,125500.0,121300.0,121700.0,448304.0
2026-05-27,096770,121300.0,121800.0,114600.0,115400.0,725626.0
2026-05-28,096770,117700.0,118800.0,112100.0,117000.0,599363.0
2026-05-29,096770,117400.0,119400.0,113000.0,119200.0,959568.0
2026-06-01,096770,118200.0,121000.0,115200.0,116200.0,551991.0
2026-06-02,096770,115800.0,119900.0,115000.0,116300.0,642883.0
2026-06-04,096770,117000.0,119200.0,114500.0,116800.0,410882.0
2026-06-05,096770,119500.0,119500.0,112000.0,114900.0,399657.0
2026-06-08,096770,107100.0,109100.0,103700.0,104600.0,532581.0
2026-06-09,096770,104600.0,107700.0,104000.0,105700.0,398633.0
2026-06-10,096770,104600.0,107900.0,100600.0,103700.0,441698.0
2026-06-11,096770,101200.0,103700.0,99500.0,103200.0,578990.0
2026-06-12,096770,105800.0,109600.0,104500.0,106100.0,536326.0
2026-06-15,096770,110000.0,116200.0,107800.0,112700.0,567143.0
2026-06-16,096770,113100.0,113700.0,110000.0,112500.0,276144.0
2026-06-17,096770,112600.0,113200.0,108900.0,109000.0,456434.0
2026-06-18,096770,108500.0,108600.0,103500.0,103500.0,384157.0
2026-06-19,096770,104200.0,106300.0,100200.0,102400.0,574557.0
2026-06-22,096770,102500.0,103100.0,100200.0,100200.0,290760.0
2026-06-23,096770,100600.0,102000.0,92500.0,93700.0,585537.0
2026-06-24,096770,93500.0,99900.0,91600.0,98400.0,446198.0
2026-06-25,096770,98700.0,101000.0,94400.0,94400.0,381164.0
2026-06-26,096770,94800.0,95000.0,87700.0,89500.0,476165.0
2026-06-29,096770,90300.0,99000.0,89400.0,98400.0,424384.0
2026-06-30,096770,97700.0,98000.0,94500.0,94900.0,342957.0
2026-07-01,096770,97700.0,99000.0,93000.0,98000.0,363139.0
2026-07-02,096770,97900.0,98000.0,92200.0,94100.0,390416.0
2026-07-03,096770,95900.0,95900.0,91000.0,95000.0,285404.0
2026-07-06,096770,95400.0,98700.0,94600.0,96500.0,232969.0
2026-07-07,096770,96600.0,104200.0,95200.0,103800.0,852970.0
2026-07-08,096770,101900.0,107000.0,97900.0,99800.0,520620.0
2026-07-09,096770,101300.0,103400.0,98000.0,99000.0,363622.0
2026-07-10,096770,100500.0,108200.0,99600.0,102900.0,447319.0
2026-07-13,096770,104600.0,117400.0,104100.0,110200.0,1515044.0
2026-07-14,096770,110400.0,110900.0,104900.0,104900.0,802235.0
2026-07-15,096770,107300.0,118500.0,106400.0,117000.0,1017192.0
2026-07-16,096770,117600.0,126650.0,117000.0,121400.0,1851929.0
2025-01-15,105560,88700.0,90700.0,88700.0,89900.0,937623.0
2025-01-16,105560,91500.0,91700.0,89800.0,90400.0,791640.0
2025-01-17,105560,89500.0,90400.0,88400.0,88600.0,926849.0
2025-01-20,105560,88300.0,89500.0,87900.0,88800.0,380114.0
2025-01-21,105560,89600.0,90100.0,88100.0,88900.0,478811.0
2025-01-22,105560,89900.0,90000.0,88900.0,89400.0,764445.0
2025-01-23,105560,89800.0,91000.0,88600.0,88600.0,771073.0
2025-01-24,105560,88600.0,89100.0,87800.0,88900.0,1024781.0
2025-01-31,105560,89700.0,91900.0,89700.0,91700.0,2113398.0
2025-02-03,105560,91600.0,92000.0,88100.0,88800.0,970789.0
2025-02-04,105560,90000.0,92000.0,89700.0,91300.0,1272273.0
2025-02-05,105560,92300.0,93300.0,90400.0,91000.0,898948.0
2025-02-06,105560,87900.0,88000.0,83100.0,84900.0,3473264.0
2025-02-07,105560,85900.0,86300.0,84900.0,86000.0,2067392.0
2025-02-10,105560,85900.0,86900.0,84900.0,84900.0,1409776.0
2025-02-11,105560,85100.0,85600.0,83800.0,84200.0,1278762.0
2025-02-12,105560,83200.0,85000.0,81900.0,82000.0,1948739.0
2025-02-13,105560,82000.0,82100.0,79100.0,79400.0,3880882.0
2025-02-14,105560,79100.0,80200.0,78700.0,79700.0,2655434.0
2025-02-17,105560,79200.0,81100.0,77600.0,81000.0,2650482.0
2025-02-18,105560,81000.0,82300.0,80600.0,82100.0,1279204.0
2025-02-19,105560,82400.0,82600.0,81800.0,82200.0,1334119.0
2025-02-20,105560,83000.0,83400.0,81300.0,82700.0,1698239.0
2025-02-21,105560,82600.0,83500.0,82300.0,82700.0,1662225.0
2025-02-24,105560,82700.0,83300.0,81700.0,82000.0,1001661.0
2025-02-25,105560,81400.0,82200.0,81300.0,81400.0,798719.0
2025-02-26,105560,82000.0,82100.0,80700.0,81500.0,1264119.0
2025-02-27,105560,81500.0,81500.0,79900.0,80800.0,1512909.0
2025-02-28,105560,80100.0,80700.0,78300.0,78300.0,1490037.0
2025-03-04,105560,78500.0,79200.0,77100.0,77900.0,1154886.0
2025-03-05,105560,79200.0,79600.0,76400.0,76600.0,1562477.0
2025-03-06,105560,77800.0,79200.0,77500.0,78600.0,1559898.0
2025-03-07,105560,78600.0,79200.0,77700.0,77700.0,1168545.0
2025-03-10,105560,77000.0,79000.0,76600.0,78500.0,961703.0
2025-03-11,105560,78000.0,78300.0,76500.0,77400.0,1259132.0
2025-03-12,105560,77800.0,78100.0,76400.0,76900.0,1425883.0
2025-03-13,105560,77400.0,79800.0,77300.0,78600.0,2826631.0
2025-03-14,105560,77500.0,80000.0,77100.0,78300.0,1596060.0
2025-03-17,105560,79100.0,79900.0,78400.0,78900.0,804423.0
2025-03-18,105560,79900.0,81100.0,79800.0,80200.0,1164823.0
2025-03-19,105560,80800.0,81700.0,80400.0,81200.0,907656.0
2025-03-20,105560,82200.0,82700.0,81600.0,82300.0,1260292.0
2025-03-21,105560,81100.0,83300.0,80500.0,81300.0,2609924.0
2025-03-24,105560,81100.0,82100.0,80700.0,81800.0,808002.0
2025-03-25,105560,81000.0,82000.0,80100.0,81900.0,1311376.0
2025-03-26,105560,81700.0,82700.0,81700.0,81800.0,970252.0
2025-03-27,105560,81500.0,82000.0,79900.0,80200.0,1149285.0
2025-03-28,105560,80700.0,80700.0,78500.0,78700.0,1041894.0
2025-03-31,105560,78200.0,79800.0,77800.0,79000.0,1578278.0
2025-04-01,105560,80100.0,81200.0,79000.0,79600.0,727852.0
2025-04-02,105560,80700.0,81100.0,80000.0,80500.0,867214.0
2025-04-03,105560,77300.0,78300.0,76800.0,77100.0,1550963.0
2025-04-04,105560,75700.0,78300.0,75700.0,77700.0,1379580.0
2025-04-07,105560,74300.0,74400.0,71800.0,72300.0,1936293.0
2025-04-08,105560,71700.0,72500.0,69500.0,70500.0,2165054.0
2025-04-09,105560,70500.0,71200.0,69300.0,70900.0,1189462.0
2025-04-10,105560,74900.0,75900.0,72500.0,75900.0,1781664.0
2025-04-11,105560,73200.0,75600.0,73000.0,75200.0,1080402.0
2025-04-14,105560,75600.0,77000.0,75000.0,76100.0,751964.0
2025-04-15,105560,76700.0,78200.0,76100.0,78000.0,653537.0
2025-04-16,105560,78500.0,80000.0,77800.0,80000.0,997030.0
2025-04-17,105560,80000.0,80400.0,79100.0,80300.0,976299.0
2025-04-18,105560,79900.0,82600.0,79700.0,82400.0,1199689.0
2025-04-21,105560,82400.0,83000.0,81400.0,82800.0,508614.0
2025-04-22,105560,82900.0,83700.0,82100.0,83400.0,1003736.0
2025-04-23,105560,84400.0,85000.0,83800.0,85000.0,942291.0
2025-04-24,105560,85500.0,85500.0,83900.0,84600.0,1093828.0
2025-04-25,105560,86300.0,87300.0,85300.0,86900.0,1432921.0
2025-04-28,105560,87200.0,87700.0,86200.0,86600.0,623326.0
2025-04-29,105560,87100.0,88000.0,86600.0,87800.0,1335130.0
2025-04-30,105560,88100.0,90200.0,87700.0,90200.0,1614509.0
2025-05-02,105560,91000.0,93200.0,89900.0,93200.0,1764271.0
2025-05-07,105560,94800.0,94900.0,93500.0,93600.0,1441226.0
2025-05-08,105560,93500.0,94500.0,93200.0,94500.0,1286335.0
2025-05-09,105560,92200.0,93100.0,91500.0,92000.0,1083392.0
2025-05-12,105560,91300.0,92900.0,90800.0,92200.0,894041.0
2025-05-13,105560,91900.0,93100.0,91900.0,92600.0,981346.0
2025-05-14,105560,92700.0,94100.0,92600.0,93400.0,715874.0
2025-05-15,105560,92700.0,94700.0,92700.0,93600.0,535502.0
2025-05-16,105560,92700.0,94000.0,92500.0,93600.0,652372.0
2025-05-19,105560,94400.0,95800.0,93500.0,95000.0,971610.0
2025-05-20,105560,96200.0,96300.0,94900.0,96300.0,787613.0
2025-05-21,105560,96500.0,98200.0,96000.0,98000.0,1053819.0
2025-05-22,105560,96100.0,97700.0,96100.0,96700.0,768775.0
2025-05-23,105560,96800.0,99600.0,96700.0,99000.0,939884.0
2025-05-26,105560,100000.0,102000.0,99200.0,102000.0,1282596.0
2025-05-27,105560,101000.0,102000.0,100400.0,101900.0,1099027.0
2025-05-28,105560,101400.0,102400.0,99900.0,101000.0,1177541.0
2025-05-29,105560,100800.0,102900.0,100200.0,102700.0,1296257.0
2025-05-30,105560,102500.0,104900.0,102300.0,104300.0,3421277.0
2025-06-02,105560,103700.0,104800.0,98600.0,100000.0,1481522.0
2025-06-04,105560,100700.0,107900.0,100600.0,107900.0,2503826.0
2025-06-05,105560,107900.0,108000.0,104100.0,106300.0,2359607.0
2025-06-09,105560,106100.0,110700.0,105700.0,110700.0,2084938.0
2025-06-10,105560,110800.0,114800.0,108400.0,110900.0,2263281.0
2025-06-11,105560,110600.0,110600.0,106400.0,107200.0,1666674.0
2025-06-12,105560,107600.0,108100.0,105000.0,105900.0,2261184.0
2025-06-13,105560,105900.0,107200.0,104700.0,106000.0,1482722.0
2025-06-16,105560,106200.0,108100.0,104800.0,107800.0,1036382.0
2025-06-17,105560,106800.0,109300.0,106200.0,107100.0,1053976.0
2025-06-18,105560,106100.0,107800.0,105500.0,107000.0,1083459.0
2025-06-19,105560,107900.0,109000.0,105300.0,106700.0,1317751.0
2025-06-20,105560,107500.0,108500.0,106500.0,106500.0,3095365.0
2025-06-23,105560,107100.0,108200.0,105600.0,107600.0,1348050.0
2025-06-24,105560,109400.0,113200.0,108700.0,112300.0,1406979.0
2025-06-25,105560,113000.0,113200.0,108800.0,109500.0,1685148.0
2025-06-26,105560,111200.0,111300.0,108100.0,109900.0,824688.0
2025-06-27,105560,110000.0,112300.0,109500.0,110600.0,1045704.0
2025-06-30,105560,111500.0,113200.0,109500.0,110900.0,1265461.0
2025-07-01,105560,109800.0,112700.0,109800.0,110800.0,1391114.0
2025-07-02,105560,111200.0,113500.0,110100.0,113500.0,1583370.0
2025-07-03,105560,115000.0,116900.0,113400.0,116900.0,1495856.0
2025-07-04,105560,116900.0,117900.0,111300.0,112100.0,1003310.0
2025-07-07,105560,112100.0,114500.0,110900.0,114400.0,1096768.0
2025-07-08,105560,114100.0,122000.0,113700.0,122000.0,1777942.0
2025-07-09,105560,119600.0,120000.0,116500.0,118400.0,1947529.0
2025-07-10,105560,118000.0,118600.0,116200.0,116800.0,1638402.0
2025-07-11,105560,116800.0,118300.0,116800.0,117300.0,981697.0
2025-07-14,105560,118000.0,119200.0,117500.0,118500.0,857015.0
2025-07-15,105560,116700.0,120000.0,116000.0,119600.0,986461.0
2025-07-16,105560,117500.0,117900.0,113300.0,113600.0,1684384.0
2025-07-17,105560,112800.0,115100.0,112600.0,114800.0,1249850.0
2025-07-18,105560,115000.0,115500.0,112300.0,113400.0,627930.0
2025-07-21,105560,115400.0,115600.0,114100.0,115000.0,739614.0
2025-07-22,105560,114600.0,116500.0,113800.0,114600.0,895670.0
2025-07-23,105560,117500.0,117500.0,114300.0,115300.0,834382.0
2025-07-24,105560,116900.0,118400.0,115800.0,117200.0,1021966.0
2025-07-25,105560,120300.0,126600.0,117300.0,118800.0,2075925.0
2025-07-28,105560,117600.0,117800.0,109600.0,110500.0,1481084.0
2025-07-29,105560,109400.0,112300.0,109200.0,111300.0,1459782.0
2025-07-30,105560,111400.0,113500.0,110000.0,112800.0,769200.0
2025-07-31,105560,111700.0,112700.0,110300.0,110900.0,1564300.0
2025-08-01,105560,107800.0,108500.0,105800.0,106000.0,1884341.0
2025-08-04,105560,106700.0,108900.0,106600.0,108400.0,1262668.0
2025-08-05,105560,111500.0,113500.0,109800.0,112400.0,1242108.0
2025-08-06,105560,112500.0,115600.0,112100.0,115600.0,892654.0
2025-08-07,105560,115100.0,115400.0,113700.0,115000.0,685853.0
2025-08-08,105560,113900.0,114600.0,112400.0,113500.0,647277.0
2025-08-11,105560,113600.0,114000.0,112500.0,112700.0,676713.0
2025-08-12,105560,113200.0,116900.0,112600.0,114100.0,672113.0
2025-08-13,105560,114600.0,115700.0,113100.0,114600.0,601859.0
2025-08-14,105560,115800.0,116300.0,113200.0,113200.0,786457.0
2025-08-18,105560,111300.0,111900.0,107000.0,107200.0,1645279.0
2025-08-19,105560,107500.0,109400.0,106000.0,109400.0,1262756.0
2025-08-20,105560,110400.0,110500.0,106200.0,109500.0,1069376.0
2025-08-21,105560,109900.0,110500.0,108900.0,109700.0,590448.0
2025-08-22,105560,110900.0,111200.0,108300.0,108400.0,601840.0
2025-08-25,105560,109300.0,110400.0,109100.0,110300.0,447114.0
2025-08-26,105560,109700.0,109900.0,107700.0,108300.0,1759014.0
2025-08-27,105560,108000.0,109000.0,107000.0,108500.0,532960.0
2025-08-28,105560,108000.0,110700.0,107100.0,109100.0,727736.0
2025-08-29,105560,109200.0,110300.0,108200.0,108200.0,690061.0
2025-09-01,105560,109400.0,109400.0,107000.0,107100.0,449563.0
2025-09-02,105560,106600.0,108950.0,106600.0,108800.0,445897.0
2025-09-03,105560,109800.0,110200.0,109000.0,110200.0,561813.0
2025-09-04,105560,108800.0,109900.0,108000.0,108500.0,579726.0
2025-09-05,105560,108400.0,109300.0,108100.0,108600.0,473392.0
2025-09-08,105560,108600.0,108700.0,105800.0,106700.0,1060961.0
2025-09-09,105560,107500.0,109900.0,106900.0,109900.0,969437.0
2025-09-10,105560,111200.0,118000.0,110200.0,117600.0,1549054.0
2025-09-11,105560,117000.0,117600.0,114900.0,117600.0,1307952.0
2025-09-12,105560,119400.0,119800.0,117300.0,119300.0,1088302.0
2025-09-15,105560,117500.0,121500.0,117500.0,119600.0,1016593.0
2025-09-16,105560,119600.0,120300.0,117800.0,117800.0,961524.0
2025-09-17,105560,117600.0,118600.0,117500.0,118300.0,645617.0
2025-09-18,105560,117800.0,118300.0,115600.0,117400.0,719010.0
2025-09-19,105560,115800.0,117400.0,115400.0,116500.0,1313729.0
2025-09-22,105560,117400.0,118100.0,115600.0,116900.0,629902.0
2025-09-23,105560,116800.0,117700.0,115200.0,115400.0,824229.0
2025-09-24,105560,116400.0,117400.0,114600.0,115300.0,472792.0
2025-09-25,105560,114900.0,116500.0,113800.0,114300.0,621748.0
2025-09-26,105560,113400.0,113950.0,111900.0,112700.0,852956.0
2025-09-29,105560,113800.0,116100.0,113500.0,115700.0,582740.0
2025-09-30,105560,114600.0,115500.0,114100.0,115500.0,960038.0
2025-10-01,105560,114900.0,116300.0,114600.0,116300.0,714154.0
2025-10-02,105560,117000.0,119300.0,115300.0,116800.0,1308296.0
2025-10-10,105560,113500.0,115000.0,111500.0,112800.0,1938571.0
2025-10-13,105560,112800.0,113100.0,110500.0,111600.0,796197.0
2025-10-14,105560,110100.0,112200.0,109200.0,110900.0,675180.0
2025-10-15,105560,112200.0,115900.0,112000.0,115700.0,1145113.0
2025-10-16,105560,112300.0,115200.0,112200.0,113700.0,883484.0
2025-10-17,105560,112500.0,115900.0,112400.0,114000.0,798346.0
2025-10-20,105560,115000.0,118500.0,113000.0,118200.0,875613.0
2025-10-21,105560,118500.0,120600.0,116000.0,116500.0,932529.0
2025-10-22,105560,116200.0,116500.0,114500.0,115800.0,850669.0
2025-10-23,105560,114500.0,116500.0,113800.0,114800.0,763855.0
2025-10-24,105560,115000.0,115900.0,113800.0,113800.0,773644.0
2025-10-27,105560,114800.0,118600.0,114000.0,118000.0,1030435.0
2025-10-28,105560,116100.0,117200.0,115000.0,116400.0,1203541.0
2025-10-29,105560,118300.0,119600.0,114700.0,116000.0,1013640.0
2025-10-30,105560,114700.0,119100.0,114600.0,115800.0,930628.0
2025-10-31,105560,115300.0,118100.0,114800.0,116600.0,1236699.0
2025-11-03,105560,115700.0,118300.0,115600.0,118000.0,664243.0
2025-11-04,105560,118400.0,124700.0,117200.0,121900.0,1360025.0
2025-11-05,105560,124600.0,124600.0,119200.0,121600.0,1326347.0
2025-11-06,105560,124000.0,128600.0,123100.0,125300.0,1719636.0
2025-11-07,105560,128000.0,128800.0,122100.0,123700.0,1513815.0
2025-11-10,105560,129000.0,132500.0,126100.0,129000.0,1910240.0
2025-11-11,105560,130000.0,133500.0,128600.0,130700.0,1515015.0
2025-11-12,105560,129300.0,135700.0,129100.0,134700.0,1202883.0
2025-11-13,105560,137400.0,140000.0,132800.0,133500.0,1397564.0
2025-11-14,105560,132100.0,134700.0,129500.0,129500.0,1133586.0
2025-11-17,105560,128000.0,129300.0,126500.0,126800.0,1249457.0
2025-11-18,105560,125600.0,126700.0,122300.0,122500.0,838692.0
2025-11-19,105560,124500.0,125000.0,120800.0,122200.0,1087277.0
2025-11-20,105560,122300.0,123900.0,121200.0,121200.0,889274.0
2025-11-21,105560,115900.0,121500.0,115800.0,120500.0,714841.0
2025-11-24,105560,122900.0,123700.0,120300.0,120300.0,1596964.0
2025-11-25,105560,122500.0,124300.0,120400.0,121700.0,878115.0
2025-11-26,105560,122800.0,125500.0,122100.0,124700.0,983365.0
2025-11-27,105560,123600.0,125700.0,123600.0,123700.0,541036.0
2025-11-28,105560,124700.0,125300.0,123200.0,124800.0,685738.0
2025-12-01,105560,126400.0,127500.0,124500.0,126300.0,810275.0
2025-12-02,105560,128800.0,133600.0,127000.0,132000.0,1349596.0
2025-12-03,105560,132800.0,134300.0,130700.0,131700.0,1088544.0
2025-12-04,105560,130600.0,131200.0,128200.0,128800.0,888091.0
2025-12-05,105560,129800.0,131000.0,128100.0,130700.0,970532.0
2025-12-08,105560,130500.0,131400.0,126600.0,127900.0,918395.0
2025-12-09,105560,128300.0,128300.0,125100.0,126000.0,1023466.0
2025-12-10,105560,126500.0,126500.0,124000.0,124500.0,754983.0
2025-12-11,105560,125400.0,126900.0,124800.0,124800.0,979301.0
2025-12-12,105560,126000.0,126900.0,124600.0,126100.0,918020.0
2025-12-15,105560,126400.0,126600.0,124000.0,124900.0,674088.0
2025-12-16,105560,125100.0,126100.0,123300.0,123700.0,1164104.0
2025-12-17,105560,123900.0,124600.0,122700.0,124300.0,814424.0
2025-12-18,105560,124500.0,124500.0,122800.0,124000.0,685456.0
2025-12-19,105560,125200.0,125800.0,123200.0,125200.0,726248.0
2025-12-22,105560,126400.0,126500.0,125000.0,126500.0,521087.0
2025-12-23,105560,126800.0,127300.0,125300.0,126000.0,484510.0
2025-12-24,105560,125700.0,126600.0,125300.0,126100.0,318252.0
2025-12-26,105560,126000.0,126100.0,124300.0,124600.0,329428.0
2025-12-29,105560,122600.0,125600.0,121400.0,125600.0,462846.0
2025-12-30,105560,124100.0,125700.0,123700.0,124700.0,405215.0
2026-01-02,105560,123600.0,124700.0,122800.0,123300.0,648227.0
2026-01-05,105560,124200.0,127500.0,123500.0,126800.0,795417.0
2026-01-06,105560,127700.0,127800.0,125700.0,126400.0,928918.0
2026-01-07,105560,125000.0,126300.0,123700.0,124700.0,879963.0
2026-01-08,105560,125200.0,125200.0,122300.0,123500.0,904618.0
2026-01-09,105560,124600.0,127800.0,123500.0,126600.0,1006164.0
2026-01-12,105560,127000.0,127000.0,124600.0,125500.0,668915.0
2026-01-13,105560,126900.0,128500.0,125300.0,128500.0,759486.0
2026-01-14,105560,128700.0,129200.0,126400.0,128900.0,671803.0
2026-01-15,105560,130100.0,133200.0,129300.0,130100.0,997830.0
2026-01-16,105560,131500.0,131900.0,128800.0,130900.0,743043.0
2026-01-19,105560,128800.0,130400.0,128000.0,129500.0,619937.0
2026-01-20,105560,128300.0,135000.0,127200.0,133100.0,1088716.0
2026-01-21,105560,131900.0,136800.0,130800.0,136800.0,1023965.0
2026-01-22,105560,136800.0,138900.0,134000.0,134700.0,1115532.0
2026-01-23,105560,133700.0,136000.0,133100.0,135600.0,857227.0
2026-01-26,105560,134800.0,138900.0,134700.0,135500.0,724794.0
2026-01-27,105560,137500.0,143600.0,136800.0,143000.0,1179043.0
2026-01-28,105560,141700.0,143000.0,136900.0,137900.0,1591428.0
2026-01-29,105560,139100.0,139100.0,134600.0,137800.0,1152291.0
2026-01-30,105560,137700.0,138800.0,135200.0,135200.0,1436454.0
2026-02-02,105560,137900.0,140500.0,132200.0,133700.0,1409820.0
2026-02-03,105560,138000.0,139300.0,136500.0,138800.0,922361.0
2026-02-04,105560,145000.0,145000.0,139300.0,142100.0,1429897.0
2026-02-05,105560,141900.0,144200.0,138200.0,139500.0,1036611.0
2026-02-06,105560,143900.0,154200.0,140000.0,149300.0,3931844.0
2026-02-09,105560,150500.0,152700.0,148800.0,151400.0,1668370.0
2026-02-10,105560,157300.0,160300.0,153300.0,155500.0,1876441.0
2026-02-11,105560,155500.0,165000.0,155400.0,164500.0,2186027.0
2026-02-12,105560,163800.0,168500.0,162400.0,168500.0,1821129.0
2026-02-13,105560,166800.0,170500.0,164000.0,167900.0,1772951.0
2026-02-19,105560,168800.0,169800.0,163700.0,166500.0,2035445.0
2026-02-20,105560,167400.0,169700.0,167100.0,168800.0,1321785.0
2026-02-23,105560,172500.0,172500.0,165100.0,168700.0,1349618.0
2026-02-24,105560,167500.0,169300.0,162000.0,166700.0,1478679.0
2026-02-25,105560,166300.0,169400.0,165100.0,167700.0,1144011.0
2026-02-26,105560,167400.0,167400.0,164300.0,165300.0,1373955.0
2026-02-27,105560,161100.0,164200.0,159000.0,159000.0,2686751.0
2026-03-03,105560,157500.0,158300.0,152500.0,153500.0,2412942.0
2026-03-04,105560,148300.0,149400.0,135100.0,137700.0,2845836.0
2026-03-05,105560,151400.0,153100.0,146900.0,149000.0,1934617.0
2026-03-06,105560,144500.0,150300.0,143200.0,147400.0,1238730.0
2026-03-09,105560,132900.0,143600.0,132900.0,142600.0,1439220.0
2026-03-10,105560,149700.0,150600.0,145300.0,147400.0,1371667.0
2026-03-11,105560,154100.0,157700.0,149900.0,151300.0,1451829.0
2026-03-12,105560,149200.0,150800.0,147500.0,149200.0,803427.0
2026-03-13,105560,143200.0,150800.0,143000.0,148900.0,1424028.0
2026-03-16,105560,149300.0,153200.0,147200.0,149300.0,957489.0
2026-03-17,105560,150800.0,153300.0,149700.0,150700.0,947530.0
2026-03-18,105560,152400.0,156300.0,152300.0,154700.0,1289740.0
2026-03-19,105560,151500.0,158900.0,150800.0,155700.0,954033.0
2026-03-20,105560,154200.0,158200.0,153500.0,155200.0,1114958.0
2026-03-23,105560,147900.0,150300.0,144100.0,145300.0,1121082.0
2026-03-24,105560,149000.0,150500.0,144100.0,146900.0,1118859.0
2026-03-25,105560,152100.0,152800.0,148700.0,149400.0,1431022.0
2026-03-26,105560,149500.0,153400.0,149000.0,152200.0,1058672.0
2026-03-27,105560,146500.0,153000.0,146100.0,152200.0,1216855.0
2026-03-30,105560,143500.0,148400.0,143000.0,145900.0,1294041.0
2026-03-31,105560,143900.0,145000.0,141400.0,141900.0,2259948.0
2026-04-01,105560,148000.0,150000.0,146600.0,148300.0,1752434.0
2026-04-02,105560,151300.0,155300.0,144500.0,146500.0,983517.0
2026-04-03,105560,148300.0,149400.0,145150.0,145500.0,543104.0
2026-04-06,105560,145800.0,149500.0,145100.0,147900.0,576084.0
2026-04-07,105560,146700.0,151900.0,146600.0,146700.0,684382.0
2026-04-08,105560,158200.0,159100.0,155000.0,156000.0,1252002.0
2026-04-09,105560,162700.0,162700.0,154100.0,154200.0,1002806.0
2026-04-10,105560,156000.0,159500.0,156000.0,158300.0,625014.0
2026-04-13,105560,156800.0,158100.0,155300.0,156600.0,889890.0
2026-04-14,105560,157600.0,159800.0,155800.0,155900.0,1033864.0
2026-04-15,105560,157400.0,161000.0,157400.0,158200.0,1706000.0
2026-04-16,105560,161000.0,163700.0,159500.0,162300.0,1216078.0
2026-04-17,105560,163000.0,163400.0,161100.0,162300.0,762368.0
2026-04-20,105560,166500.0,166500.0,160900.0,160900.0,747973.0
2026-04-21,105560,161200.0,162100.0,159600.0,160400.0,594032.0
2026-04-22,105560,159000.0,159000.0,155400.0,157400.0,1086402.0
2026-04-23,105560,155900.0,158000.0,155000.0,158000.0,1225606.0
2026-04-24,105560,157000.0,159000.0,156300.0,157400.0,1072760.0
2026-04-27,105560,157400.0,157800.0,155200.0,157400.0,884797.0
2026-04-28,105560,158900.0,159900.0,157100.0,158800.0,1175120.0
2026-04-29,105560,159300.0,161100.0,158000.0,160600.0,1014447.0
2026-04-30,105560,162200.0,163900.0,159400.0,160500.0,1640619.0
2026-05-04,105560,161500.0,163000.0,157700.0,157800.0,1452794.0
2026-05-06,105560,162100.0,162400.0,158000.0,158900.0,1597573.0
2026-05-07,105560,162300.0,162300.0,157900.0,161200.0,1342933.0
2026-05-08,105560,163200.0,164200.0,160300.0,161700.0,1223978.0
2026-05-11,105560,161000.0,163200.0,158200.0,158800.0,1775411.0
2026-05-12,105560,159400.0,159500.0,150800.0,153600.0,1749942.0
2026-05-13,105560,152800.0,155000.0,150900.0,152000.0,1284353.0
2026-05-14,105560,153500.0,156500.0,150700.0,156000.0,1283678.0
2026-05-15,105560,157500.0,159700.0,153300.0,155600.0,1530297.0
2026-05-18,105560,154900.0,155900.0,149300.0,153000.0,986810.0
2026-05-19,105560,150200.0,155300.0,149200.0,152800.0,1157980.0
2026-05-20,105560,155100.0,155500.0,149200.0,151700.0,1337443.0
2026-05-21,105560,154200.0,157200.0,153900.0,155800.0,827912.0
2026-05-22,105560,158000.0,161300.0,156100.0,160000.0,1111571.0
2026-05-26,105560,160100.0,162000.0,157300.0,157300.0,1048890.0
2026-05-27,105560,157800.0,158400.0,153300.0,153800.0,1180209.0
2026-05-28,105560,155100.0,155100.0,146700.0,149700.0,1497632.0
2026-05-29,105560,150100.0,153500.0,148200.0,150600.0,2006731.0
2026-06-01,105560,149100.0,155500.0,149100.0,152100.0,1706556.0
2026-06-02,105560,155800.0,156900.0,150000.0,156600.0,1307922.0
2026-06-04,105560,156600.0,165900.0,154600.0,164200.0,2143129.0
2026-06-05,105560,171500.0,175700.0,166000.0,171600.0,2955491.0
2026-06-08,105560,168900.0,169500.0,150000.0,151500.0,2364470.0
2026-06-09,105560,157200.0,157200.0,151000.0,154800.0,1775435.0
2026-06-10,105560,152800.0,156800.0,149300.0,154000.0,1457834.0
2026-06-11,105560,153800.0,153800.0,147400.0,151500.0,1776398.0
2026-06-12,105560,156000.0,167200.0,153700.0,161200.0,1564173.0
2026-06-15,105560,163500.0,175000.0,162200.0,169600.0,1412182.0
2026-06-16,105560,174600.0,182700.0,170600.0,172000.0,1678455.0
2026-06-17,105560,175400.0,176500.0,163500.0,164000.0,1530191.0
2026-06-18,105560,162500.0,164500.0,158700.0,163100.0,1519100.0
2026-06-19,105560,164100.0,165900.0,155000.0,158300.0,2181977.0
2026-06-22,105560,158400.0,158600.0,155100.0,157000.0,956909.0
2026-06-23,105560,157400.0,163800.0,151400.0,153700.0,1749820.0
2026-06-24,105560,154000.0,156400.0,149100.0,151800.0,1422437.0
2026-06-25,105560,153900.0,156400.0,151400.0,151900.0,1076476.0
2026-06-26,105560,151300.0,153000.0,145000.0,149300.0,1103176.0
2026-06-29,105560,149400.0,154500.0,146200.0,153700.0,1318055.0
2026-06-30,105560,156300.0,161800.0,155200.0,159000.0,1512863.0
2026-07-01,105560,159600.0,162500.0,154600.0,158500.0,1193889.0
2026-07-02,105560,161700.0,173800.0,158700.0,165000.0,2309641.0
2026-07-03,105560,165200.0,172600.0,165000.0,170100.0,1562948.0
2026-07-06,105560,170200.0,177000.0,168500.0,170900.0,1018511.0
2026-07-07,105560,171000.0,176900.0,168500.0,173200.0,1562593.0
2026-07-08,105560,176200.0,176600.0,169200.0,171000.0,2208396.0
2026-07-09,105560,175900.0,176000.0,169400.0,171400.0,2385649.0
2026-07-10,105560,179900.0,189900.0,175000.0,184400.0,2152385.0
2026-07-13,105560,186300.0,194500.0,184100.0,186200.0,2401881.0
2026-07-14,105560,189800.0,190200.0,179600.0,180000.0,2315220.0
2026-07-15,105560,182800.0,185200.0,180000.0,181600.0,1769738.0
2026-07-16,105560,183700.0,187500.0,177500.0,181100.0,1299467.0
2025-01-15,114800,4605.0,4645.0,4570.0,4635.0,15757929.0
2025-01-16,114800,4565.0,4585.0,4545.0,4570.0,14698267.0
2025-01-17,114800,4585.0,4605.0,4565.0,4575.0,12148084.0
2025-01-20,114800,4550.0,4595.0,4550.0,4585.0,8708250.0
2025-01-21,114800,4555.0,4610.0,4520.0,4585.0,17849209.0
2025-01-22,114800,4545.0,4570.0,4510.0,4525.0,14029347.0
2025-01-23,114800,4535.0,4585.0,4530.0,4575.0,20038389.0
2025-01-24,114800,4565.0,4575.0,4530.0,4555.0,18878228.0
2025-01-31,114800,4605.0,4640.0,4590.0,4605.0,15487900.0
2025-02-03,114800,4700.0,4765.0,4700.0,4730.0,22764436.0
2025-02-04,114800,4670.0,4690.0,4600.0,4675.0,20370414.0
2025-02-05,114800,4620.0,4630.0,4590.0,4610.0,14577115.0
2025-02-06,114800,4580.0,4605.0,4565.0,4565.0,11356017.0
2025-02-07,114800,4570.0,4605.0,4560.0,4595.0,10894941.0
2025-02-10,114800,4625.0,4650.0,4580.0,4595.0,15103480.0
2025-02-11,114800,4570.0,4585.0,4535.0,4560.0,18531548.0
2025-02-12,114800,4570.0,4595.0,4545.0,4550.0,14310781.0
2025-02-13,114800,4530.0,4545.0,4500.0,4505.0,14871936.0
2025-02-14,114800,4490.0,4500.0,4455.0,4480.0,13816043.0
2025-02-17,114800,4465.0,4475.0,4440.0,4450.0,11556489.0
2025-02-18,114800,4445.0,4460.0,4410.0,4415.0,18422061.0
2025-02-19,114800,4400.0,4400.0,4305.0,4320.0,26131165.0
2025-02-20,114800,4340.0,4370.0,4330.0,4360.0,21018264.0
2025-02-21,114800,4360.0,4390.0,4355.0,4360.0,15492885.0
2025-02-24,114800,4400.0,4420.0,4390.0,4395.0,14310025.0
2025-02-25,114800,4445.0,4450.0,4395.0,4410.0,14458512.0
2025-02-26,114800,4415.0,4440.0,4375.0,4390.0,15873772.0
2025-02-27,114800,4390.0,4435.0,4385.0,4415.0,13322678.0
2025-02-28,114800,4485.0,4580.0,4480.0,4565.0,21512716.0
2025-03-04,114800,4595.0,4610.0,4540.0,4585.0,21549539.0
2025-03-05,114800,4545.0,4580.0,4515.0,4545.0,25259460.0
2025-03-06,114800,4520.0,4530.0,4480.0,4495.0,20718820.0
2025-03-07,114800,4540.0,4565.0,4495.0,4515.0,19675387.0
2025-03-10,114800,4545.0,4555.0,4495.0,4505.0,13815028.0
2025-03-11,114800,4625.0,4635.0,4550.0,4560.0,27610906.0
2025-03-12,114800,4545.0,4565.0,4475.0,4485.0,16903342.0
2025-03-13,114800,4455.0,4515.0,4430.0,4500.0,14352411.0
2025-03-14,114800,4500.0,4510.0,4465.0,4480.0,11125446.0
2025-03-17,114800,4440.0,4445.0,4385.0,4400.0,14430631.0
2025-03-18,114800,4340.0,4395.0,4325.0,4380.0,18099444.0
2025-03-19,114800,4385.0,4385.0,4315.0,4345.0,20822728.0
2025-03-20,114800,4310.0,4340.0,4295.0,4315.0,15240987.0
2025-03-21,114800,4325.0,4335.0,4285.0,4290.0,18212325.0
2025-03-24,114800,4310.0,4327.0,4280.0,4305.0,13090520.0
2025-03-25,114800,4285.0,4340.0,4285.0,4330.0,16389712.0
2025-03-26,114800,4310.0,4330.0,4275.0,4295.0,12183008.0
2025-03-27,114800,4335.0,4355.0,4310.0,4345.0,17418529.0
2025-03-28,114800,4365.0,4440.0,4365.0,4420.0,15485415.0
2025-03-31,114800,4510.0,4565.0,4500.0,4555.0,26744786.0
2025-04-01,114800,4515.0,4540.0,4465.0,4485.0,29096186.0
2025-04-02,114800,4480.0,4525.0,4470.0,4510.0,16812708.0
2025-04-03,114800,4650.0,4660.0,4560.0,4565.0,31443016.0
2025-04-04,114800,4630.0,4670.0,4530.0,4605.0,49328310.0
2025-04-07,114800,4855.0,4905.0,4810.0,4885.0,35197039.0
2025-04-08,114800,4770.0,4905.0,4770.0,4885.0,27721483.0
2025-04-09,114800,4895.0,4995.0,4880.0,4975.0,42999088.0
2025-04-10,114800,4665.0,4740.0,4650.0,4650.0,31889582.0
2025-04-11,114800,4725.0,4750.0,4665.0,4665.0,20286392.0
2025-04-14,114800,4640.0,4650.0,4605.0,4635.0,11676175.0
2025-04-15,114800,4620.0,4625.0,4575.0,4590.0,14227666.0
2025-04-16,114800,4605.0,4670.0,4600.0,4665.0,15878933.0
2025-04-17,114800,4650.0,4665.0,4610.0,4615.0,17634673.0
2025-04-18,114800,4610.0,4627.0,4580.0,4580.0,10984385.0
2025-04-21,114800,4585.0,4602.0,4555.0,4575.0,12544471.0
2025-04-22,114800,4595.0,4605.0,4570.0,4590.0,11264587.0
2025-04-23,114800,4515.0,4545.0,4505.0,4510.0,11391833.0
2025-04-24,114800,4510.0,4550.0,4505.0,4515.0,10012129.0
2025-04-25,114800,4470.0,4492.0,4450.0,4470.0,17646281.0
2025-04-28,114800,4470.0,4485.0,4450.0,4470.0,11304241.0
2025-04-29,114800,4460.0,4477.0,4420.0,4440.0,14794103.0
2025-04-30,114800,4455.0,4475.0,4425.0,4450.0,11686111.0
2025-05-02,114800,4445.0,4490.0,4430.0,4450.0,14677875.0
2025-05-07,114800,4405.0,4445.0,4395.0,4415.0,12066591.0
2025-05-08,114800,4405.0,4415.0,4385.0,4415.0,12358522.0
2025-05-09,114800,4410.0,4430.0,4395.0,4415.0,12043832.0
2025-05-12,114800,4380.0,4395.0,4350.0,4350.0,16110686.0
2025-05-13,114800,4335.0,4355.0,4315.0,4345.0,11297688.0
2025-05-14,114800,4305.0,4315.0,4265.0,4290.0,14363436.0
2025-05-15,114800,4300.0,4325.0,4275.0,4315.0,18868344.0
2025-05-16,114800,4300.0,4315.0,4290.0,4305.0,9478715.0
2025-05-19,114800,4330.0,4375.0,4320.0,4355.0,19725773.0
2025-05-20,114800,4320.0,4355.0,4305.0,4345.0,11310185.0
2025-05-21,114800,4325.0,4330.0,4295.0,4325.0,16126516.0
2025-05-22,114800,4345.0,4390.0,4340.0,4375.0,13450180.0
2025-05-23,114800,4360.0,4380.0,4352.0,4370.0,10770719.0
2025-05-26,114800,4365.0,4370.0,4300.0,4305.0,16046437.0
2025-05-27,114800,4315.0,4325.0,4285.0,4290.0,12712431.0
2025-05-28,114800,4280.0,4285.0,4192.0,4235.0,31410776.0
2025-05-29,114800,4185.0,4205.0,4145.0,4150.0,24011704.0
2025-05-30,114800,4170.0,4200.0,4152.0,4190.0,24685527.0
2025-06-02,114800,4205.0,4215.0,4150.0,4200.0,20687326.0
2025-06-04,114800,4135.0,4140.0,4070.0,4080.0,22205504.0
2025-06-05,114800,4050.0,4050.0,3960.0,4000.0,32188476.0
2025-06-09,114800,3950.0,3955.0,3910.0,3935.0,33935795.0
2025-06-10,114800,3915.0,3950.0,3890.0,3915.0,34610931.0
2025-06-11,114800,3895.0,3905.0,3857.0,3860.0,39375074.0
2025-06-12,114800,3865.0,3865.0,3830.0,3850.0,39643406.0
2025-06-13,114800,3840.0,3910.0,3835.0,3885.0,42477589.0
2025-06-16,114800,3870.0,3905.0,3815.0,3820.0,37313968.0
2025-06-17,114800,3805.0,3835.0,3740.0,3805.0,52535078.0
2025-06-18,114800,3835.0,3850.0,3760.0,3780.0,38657517.0
2025-06-19,114800,3755.0,3805.0,3740.0,3775.0,29465737.0
2025-06-20,114800,3755.0,3780.0,3715.0,3715.0,39599491.0
2025-06-23,114800,3750.0,3792.0,3720.0,3725.0,41481154.0
2025-06-24,114800,3660.0,3665.0,3600.0,3605.0,61721001.0
2025-06-25,114800,3575.0,3625.0,3560.0,3590.0,51150529.0
2025-06-26,114800,3595.0,3670.0,3580.0,3620.0,39433882.0
2025-06-27,114800,3620.0,3665.0,3600.0,3645.0,26476085.0
2025-06-30,114800,3620.0,3640.0,3600.0,3620.0,19728806.0
2025-07-01,114800,3610.0,3615.0,3550.0,3615.0,38978124.0
2025-07-02,114800,3625.0,3675.0,3610.0,3635.0,38899761.0
2025-07-03,114800,3600.0,3620.0,3570.0,3570.0,31405823.0
2025-07-04,114800,3560.0,3645.0,3555.0,3640.0,57629249.0
2025-07-07,114800,3670.0,3680.0,3625.0,3640.0,44503955.0
2025-07-08,114800,3630.0,3635.0,3565.0,3570.0,54253409.0
2025-07-09,114800,3570.0,3590.0,3550.0,3560.0,35460419.0
2025-07-10,114800,3555.0,3570.0,3510.0,3515.0,42394331.0
2025-07-11,114800,3505.0,3520.0,3460.0,3510.0,61405696.0
2025-07-14,114800,3515.0,3525.0,3475.0,3480.0,49425442.0
2025-07-15,114800,3490.0,3510.0,3460.0,3460.0,42535037.0
2025-07-16,114800,3475.0,3505.0,3470.0,3490.0,28894483.0
2025-07-17,114800,3480.0,3535.0,3475.0,3480.0,36674348.0
2025-07-18,114800,3480.0,3510.0,3465.0,3490.0,24823048.0
2025-07-21,114800,3495.0,3495.0,3455.0,3465.0,26474119.0
2025-07-22,114800,3465.0,3530.0,3450.0,3510.0,32253309.0
2025-07-23,114800,3490.0,3545.0,3475.0,3500.0,30300685.0
2025-07-24,114800,3480.0,3510.0,3435.0,3505.0,37158865.0
2025-07-25,114800,3510.0,3510.0,3480.0,3495.0,24849019.0
2025-07-28,114800,3455.0,3515.0,3450.0,3475.0,22342500.0
2025-07-29,114800,3495.0,3525.0,3447.0,3450.0,33885045.0
2025-07-30,114800,3450.0,3455.0,3400.0,3420.0,40566701.0
2025-07-31,114800,3400.0,3450.0,3385.0,3430.0,37745168.0
2025-08-01,114800,3480.0,3580.0,3475.0,3580.0,51126609.0
2025-08-04,114800,3575.0,3595.0,3520.0,3535.0,37551597.0
2025-08-05,114800,3490.0,3515.0,3462.0,3485.0,38966632.0
2025-08-06,114800,3510.0,3520.0,3485.0,3485.0,28161494.0
2025-08-07,114800,3465.0,3495.0,3455.0,3460.0,28561767.0
2025-08-08,114800,3460.0,3480.0,3445.0,3465.0,28781030.0
2025-08-11,114800,3460.0,3480.0,3455.0,3465.0,16045302.0
2025-08-12,114800,3470.0,3485.0,3420.0,3480.0,35752710.0
2025-08-13,114800,3445.0,3480.0,3440.0,3445.0,26444735.0
2025-08-14,114800,3435.0,3460.0,3425.0,3445.0,17495539.0
2025-08-18,114800,3465.0,3500.0,3460.0,3500.0,18192236.0
2025-08-19,114800,3490.0,3535.0,3490.0,3525.0,26216581.0
2025-08-20,114800,3560.0,3605.0,3540.0,3545.0,36453467.0
2025-08-21,114800,3535.0,3545.0,3505.0,3535.0,26306335.0
2025-08-22,114800,3520.0,3520.0,3490.0,3505.0,29074197.0
2025-08-25,114800,3480.0,3500.0,3465.0,3465.0,22588540.0
2025-08-26,114800,3475.0,3510.0,3470.0,3495.0,16994790.0
2025-08-27,114800,3490.0,3525.0,3490.0,3490.0,15924243.0
2025-08-28,114800,3510.0,3525.0,3460.0,3475.0,32387101.0
2025-08-29,114800,3465.0,3495.0,3460.0,3490.0,14164020.0
2025-09-01,114800,3520.0,3560.0,3510.0,3555.0,27132703.0
2025-09-02,114800,3540.0,3545.0,3505.0,3510.0,26331703.0
2025-09-03,114800,3515.0,3520.0,3490.0,3495.0,24449047.0
2025-09-04,114800,3495.0,3500.0,3465.0,3480.0,23168254.0
2025-09-05,114800,3465.0,3485.0,3455.0,3465.0,27301682.0
2025-09-08,114800,3465.0,3475.0,3450.0,3460.0,21605945.0
2025-09-09,114800,3450.0,3455.0,3405.0,3405.0,31840871.0
2025-09-10,114800,3395.0,3400.0,3330.0,3335.0,42891530.0
2025-09-11,114800,3320.0,3345.0,3300.0,3310.0,35954993.0
2025-09-12,114800,3270.0,3285.0,3240.0,3245.0,44407386.0
2025-09-15,114800,3225.0,3250.0,3210.0,3225.0,30205175.0
2025-09-16,114800,3220.0,3225.0,3170.0,3175.0,44388464.0
2025-09-17,114800,3195.0,3225.0,3195.0,3210.0,35777976.0
2025-09-18,114800,3195.0,3210.0,3155.0,3160.0,29426703.0
2025-09-19,114800,3155.0,3182.0,3145.0,3170.0,28400458.0
2025-09-22,114800,3155.0,3155.0,3120.0,3140.0,26602845.0
2025-09-23,114800,3120.0,3140.0,3105.0,3115.0,28899713.0
2025-09-24,114800,3115.0,3155.0,3105.0,3125.0,30550717.0
2025-09-25,114800,3150.0,3150.0,3115.0,3125.0,29663515.0
2025-09-26,114800,3155.0,3230.0,3155.0,3205.0,37326532.0
2025-09-29,114800,3180.0,3185.0,3145.0,3150.0,33903404.0
2025-09-30,114800,3155.0,3170.0,3145.0,3160.0,24645681.0
2025-10-01,114800,3150.0,3150.0,3120.0,3130.0,29022600.0
2025-10-02,114800,3055.0,3070.0,3002.0,3030.0,69567363.0
2025-10-10,114800,2975.0,3000.0,2945.0,2955.0,48477526.0
2025-10-13,114800,3020.0,3050.0,2990.0,2990.0,59688117.0
2025-10-14,114800,2970.0,3045.0,2930.0,3020.0,91175087.0
2025-10-15,114800,3005.0,3010.0,2930.0,2935.0,51508985.0
2025-10-16,114800,2935.0,2935.0,2855.0,2855.0,79585465.0
2025-10-17,114800,2880.0,2880.0,2810.0,2850.0,76430514.0
2025-10-20,114800,2825.0,2875.0,2795.0,2795.0,62051763.0
2025-10-21,114800,2775.0,2805.0,2735.0,2795.0,86713953.0
2025-10-22,114800,2800.0,2835.0,2760.0,2760.0,59219680.0
2025-10-23,114800,2800.0,2815.0,2745.0,2795.0,79368523.0
2025-10-24,114800,2755.0,2765.0,2712.0,2715.0,67933731.0
2025-10-27,114800,2675.0,2680.0,2640.0,2640.0,65155267.0
2025-10-28,114800,2670.0,2700.0,2660.0,2670.0,55344390.0
2025-10-29,114800,2640.0,2675.0,2610.0,2610.0,77973218.0
2025-10-30,114800,2595.0,2620.0,2565.0,2605.0,133874361.0
2025-10-31,114800,2600.0,2625.0,2570.0,2570.0,60842747.0
2025-11-03,114800,2575.0,2580.0,2495.0,2495.0,84146231.0
2025-11-04,114800,2500.0,2570.0,2490.0,2565.0,97816014.0
2025-11-05,114800,2610.0,2735.0,2607.0,2635.0,217140335.0
2025-11-06,114800,2575.0,2660.0,2565.0,2620.0,118324878.0
2025-11-07,114800,2670.0,2720.0,2615.0,2670.0,138174296.0
2025-11-10,114800,2640.0,2655.0,2570.0,2590.0,82640030.0
2025-11-11,114800,2555.0,2592.0,2505.0,2565.0,133702050.0
2025-11-12,114800,2570.0,2585.0,2530.0,2540.0,73642613.0
2025-11-13,114800,2560.0,2560.0,2515.0,2525.0,56444056.0
2025-11-14,114800,2605.0,2645.0,2585.0,2645.0,89526636.0
2025-11-17,114800,2590.0,2615.0,2575.0,2580.0,59008419.0
2025-11-18,114800,2620.0,2675.0,2590.0,2670.0,74611799.0
2025-11-19,114800,2660.0,2745.0,2660.0,2685.0,107604744.0
2025-11-20,114800,2605.0,2640.0,2585.0,2630.0,83898218.0
2025-11-21,114800,2745.0,2760.0,2720.0,2740.0,79266958.0
2025-11-24,114800,2695.0,2750.0,2680.0,2740.0,75559548.0
2025-11-25,114800,2665.0,2745.0,2655.0,2725.0,68052277.0
2025-11-26,114800,2695.0,2720.0,2650.0,2650.0,73120821.0
2025-11-27,114800,2625.0,2645.0,2600.0,2630.0,61965952.0
2025-11-28,114800,2620.0,2680.0,2615.0,2670.0,36937086.0
2025-12-01,114800,2645.0,2700.0,2630.0,2675.0,55035746.0
2025-12-02,114800,2660.0,2665.0,2615.0,2620.0,57390644.0
2025-12-03,114800,2610.0,2630.0,2575.0,2590.0,61330713.0
2025-12-04,114800,2610.0,2635.0,2600.0,2600.0,38219503.0
2025-12-05,114800,2610.0,2620.0,2550.0,2550.0,49308291.0
2025-12-08,114800,2535.0,2570.0,2515.0,2515.0,42129884.0
2025-12-09,114800,2530.0,2545.0,2515.0,2530.0,25525093.0
2025-12-10,114800,2525.0,2540.0,2500.0,2535.0,40995017.0
2025-12-11,114800,2515.0,2555.0,2502.0,2555.0,66323898.0
2025-12-12,114800,2540.0,2555.0,2510.0,2515.0,51535680.0
2025-12-15,114800,2580.0,2590.0,2555.0,2575.0,44345311.0
2025-12-16,114800,2580.0,2635.0,2570.0,2630.0,55958037.0
2025-12-17,114800,2625.0,2640.0,2580.0,2580.0,48646037.0
2025-12-18,114800,2625.0,2635.0,2592.0,2610.0,63652168.0
2025-12-19,114800,2575.0,2615.0,2570.0,2600.0,35430125.0
2025-12-22,114800,2550.0,2555.0,2535.0,2535.0,37314311.0
2025-12-23,114800,2525.0,2535.0,2510.0,2525.0,31686966.0
2025-12-24,114800,2520.0,2535.0,2510.0,2525.0,22307862.0
2025-12-26,114800,2520.0,2525.0,2490.0,2505.0,42493508.0
2025-12-29,114800,2480.0,2485.0,2435.0,2440.0,48608934.0
2025-12-30,114800,2450.0,2460.0,2420.0,2430.0,31400308.0
2026-01-02,114800,2430.0,2435.0,2360.0,2360.0,54687000.0
2026-01-05,114800,2315.0,2320.0,2270.0,2275.0,77248942.0
2026-01-06,114800,2285.0,2310.0,2235.0,2235.0,87460117.0
2026-01-07,114800,2205.0,2255.0,2180.0,2220.0,103900871.0
2026-01-08,114800,2235.0,2240.0,2175.0,2220.0,109155135.0
2026-01-09,114800,2230.0,2250.0,2195.0,2200.0,93555544.0
2026-01-12,114800,2175.0,2220.0,2170.0,2190.0,86271890.0
2026-01-13,114800,2170.0,2190.0,2160.0,2160.0,103104989.0
2026-01-14,114800,2170.0,2175.0,2150.0,2150.0,64685955.0
2026-01-15,114800,2160.0,2165.0,2115.0,2115.0,94033963.0
2026-01-16,114800,2100.0,2120.0,2080.0,2090.0,89389189.0
2026-01-19,114800,2100.0,2105.0,2050.0,2060.0,103170410.0
2026-01-20,114800,2065.0,2105.0,2050.0,2080.0,104473894.0
2026-01-21,114800,2115.0,2115.0,2055.0,2060.0,130657336.0
2026-01-22,114800,2020.0,2050.0,2005.0,2040.0,128328570.0
2026-01-23,114800,2030.0,2055.0,2010.0,2025.0,104438149.0
2026-01-26,114800,2025.0,2050.0,2010.0,2050.0,72708200.0
2026-01-27,114800,2055.0,2075.0,1975.0,1975.0,127867576.0
2026-01-28,114800,1951.0,1963.0,1931.0,1941.0,182553880.0
2026-01-29,114800,1911.0,1981.0,1904.0,1919.0,215283150.0
2026-01-30,114800,1932.0,1933.0,1876.0,1914.0,218630824.0
2026-02-02,114800,1955.0,2030.0,1927.0,2030.0,266393139.0
2026-02-03,114800,1945.0,1954.0,1867.0,1867.0,244357281.0
2026-02-04,114800,1885.0,1895.0,1840.0,1844.0,185480943.0
2026-02-05,114800,1897.0,1933.0,1873.0,1922.0,221688138.0
2026-02-06,114800,1989.0,2025.0,1933.0,1943.0,274897225.0
2026-02-09,114800,1852.0,1872.0,1847.0,1861.0,129068249.0
2026-02-10,114800,1842.0,1862.0,1834.0,1859.0,130882317.0
2026-02-11,114800,1864.0,1880.0,1832.0,1843.0,127013325.0
2026-02-12,114800,1818.0,1825.0,1776.0,1777.0,176713438.0
2026-02-13,114800,1784.0,1791.0,1752.0,1778.0,252660212.0
2026-02-19,114800,1733.0,1747.0,1722.0,1725.0,149027846.0
2026-02-20,114800,1722.0,1726.0,1683.0,1685.0,182141408.0
2026-02-23,114800,1654.0,1691.0,1644.0,1674.0,206384034.0
2026-02-24,114800,1674.0,1695.0,1632.0,1632.0,224919014.0
2026-02-25,114800,1619.0,1630.0,1582.0,1599.0,269097773.0
2026-02-26,114800,1592.0,1594.0,1527.0,1528.0,345432389.0
2026-02-27,114800,1560.0,1570.0,1518.0,1544.0,389123027.0
2026-03-03,114800,1575.0,1665.0,1564.0,1665.0,445968641.0
2026-03-04,114800,1728.0,1876.0,1693.0,1871.0,944221972.0
2026-03-05,114800,1650.0,1726.0,1616.0,1691.0,669010966.0
2026-03-06,114800,1739.0,1758.0,1685.0,1694.0,500975644.0
2026-03-09,114800,1832.0,1856.0,1785.0,1801.0,510921290.0
2026-03-10,114800,1682.0,1733.0,1664.0,1689.0,383877792.0
2026-03-11,114800,1648.0,1686.0,1626.0,1670.0,331092878.0
2026-03-12,114800,1689.0,1700.0,1666.0,1682.0,268395460.0
2026-03-13,114800,1746.0,1749.0,1697.0,1711.0,309241169.0
2026-03-16,114800,1705.0,1724.0,1683.0,1686.0,259639547.0
2026-03-17,114800,1629.0,1655.0,1627.0,1652.0,246747353.0
2026-03-18,114800,1613.0,1613.0,1554.0,1556.0,267770681.0
2026-03-19,114800,1606.0,1614.0,1576.0,1604.0,332647413.0
2026-03-20,114800,1592.0,1609.0,1586.0,1607.0,137495283.0
2026-03-23,114800,1675.0,1721.0,1668.0,1714.0,312523651.0
2026-03-24,114800,1630.0,1717.0,1630.0,1660.0,487468885.0
2026-03-25,114800,1623.0,1644.0,1600.0,1640.0,227007005.0
2026-03-26,114800,1658.0,1703.0,1654.0,1695.0,243812550.0
2026-03-27,114800,1757.0,1779.0,1698.0,1703.0,401178993.0
2026-03-30,114800,1796.0,1802.0,1749.0,1756.0,303289674.0
2026-03-31,114800,1811.0,1839.0,1772.0,1834.0,413120485.0
2026-04-01,114800,1722.0,1748.0,1653.0,1666.0,677433594.0
2026-04-02,114800,1644.0,1773.0,1636.0,1749.0,687885174.0
2026-04-03,114800,1700.0,1718.0,1681.0,1695.0,313317588.0
2026-04-06,114800,1682.0,1683.0,1647.0,1671.0,268205282.0
2026-04-07,114800,1633.0,1673.0,1616.0,1650.0,356756394.0
2026-04-08,114800,1524.0,1554.0,1503.0,1523.0,397108012.0
2026-04-09,114800,1538.0,1559.0,1529.0,1555.0,249524429.0
2026-04-10,114800,1527.0,1533.0,1509.0,1530.0,211189227.0
2026-04-13,114800,1569.0,1570.0,1541.0,1545.0,202966582.0
2026-04-14,114800,1502.0,1508.0,1478.0,1499.0,259873866.0
2026-04-15,114800,1447.0,1470.0,1436.0,1461.0,242177314.0
2026-04-16,114800,1450.0,1457.0,1430.0,1430.0,244401891.0
2026-04-17,114800,1432.0,1447.0,1430.0,1439.0,170323439.0
2026-04-20,114800,1435.0,1445.0,1419.0,1432.0,214557216.0
2026-04-21,114800,1415.0,1416.0,1394.0,1394.0,263017651.0
2026-04-22,114800,1399.0,1412.0,1389.0,1391.0,204187056.0
2026-04-23,114800,1371.0,1415.0,1354.0,1375.0,493801523.0
2026-04-24,114800,1371.0,1397.0,1366.0,1381.0,251052646.0
2026-04-27,114800,1367.0,1369.0,1337.0,1348.0,251845608.0
2026-04-28,114800,1342.0,1348.0,1326.0,1344.0,258115996.0
2026-04-29,114800,1349.0,1355.0,1331.0,1334.0,226156883.0
2026-04-30,114800,1328.0,1352.0,1319.0,1349.0,318718566.0
2026-05-04,114800,1312.0,1324.0,1277.0,1278.0,296410316.0
2026-05-06,114800,1203.0,1215.0,1169.0,1181.0,473213923.0
2026-05-07,114800,1160.0,1199.0,1152.0,1156.0,658203906.0
2026-05-08,114800,1182.0,1187.0,1154.0,1154.0,335174261.0
2026-05-11,114800,1107.0,1115.0,1082.0,1095.0,592505293.0
2026-05-12,114800,1076.0,1152.0,1070.0,1121.0,1247294966.0
2026-05-13,114800,1146.0,1160.0,1085.0,1087.0,962922716.0
2026-05-14,114800,1086.0,1088.0,1063.0,1067.0,611538434.0
2026-05-15,114800,1071.0,1151.0,1057.0,1135.0,1060050152.0
2026-05-18,114800,1144.0,1187.0,1108.0,1128.0,1283786441.0
2026-05-19,114800,1144.0,1186.0,1140.0,1162.0,795630555.0
2026-05-20,114800,1157.0,1201.0,1154.0,1171.0,1067270013.0
2026-05-21,114800,1126.0,1127.0,1065.0,1068.0,731322060.0
2026-05-22,114800,1061.0,1078.0,1060.0,1067.0,417428178.0
2026-05-26,114800,1035.0,1046.0,1024.0,1035.0,338822499.0
2026-05-27,114800,982.0,1006.0,972.0,1005.0,745943890.0
2026-05-28,114800,1015.0,1056.0,1002.0,1011.0,919513909.0
2026-05-29,114800,983.0,996.0,971.0,971.0,550729285.0
2026-06-01,114800,971.0,972.0,917.0,923.0,666437127.0
2026-06-02,114800,918.0,957.0,910.0,924.0,1191968288.0
2026-06-04,114800,946.0,951.0,927.0,941.0,570468046.0
2026-06-05,114800,976.0,1012.0,972.0,996.0,864658053.0
2026-06-08,114800,1096.0,1097.0,1036.0,1080.0,1046879133.0
2026-06-09,114800,1032.0,1065.0,977.0,978.0,999270895.0
2026-06-10,114800,1013.0,1062.0,1002.0,1033.0,885606309.0
2026-06-11,114800,1075.0,1086.0,1027.0,1031.0,823096236.0
2026-06-12,114800,957.0,984.0,933.0,983.0,899280799.0
2026-06-15,114800,930.0,937.0,918.0,929.0,524966634.0
2026-06-16,114800,910.0,928.0,902.0,909.0,726070787.0
2026-06-17,114800,922.0,922.0,890.0,892.0,605083261.0
2026-06-18,114800,892.0,892.0,859.0,861.0,696502675.0
2026-06-19,114800,839.0,884.0,828.0,859.0,1234968115.0
2026-06-22,114800,874.0,878.0,840.0,852.0,1000498816.0
2026-06-23,114800,855.0,944.0,849.0,944.0,1534803312.0
2026-06-24,114800,928.0,961.0,900.0,912.0,2301911572.0
2026-06-25,114800,851.0,875.0,840.0,855.0,1183247987.0
2026-06-26,114800,869.0,937.0,863.0,907.0,1247173351.0
2026-06-29,114800,916.0,945.0,899.0,912.0,1045692904.0
2026-06-30,114800,916.0,937.0,882.0,902.0,859203679.0
2026-07-01,114800,892.0,947.0,888.0,927.0,1020655641.0
2026-07-02,114800,976.0,1011.0,950.0,1001.0,1309246186.0
2026-07-03,114800,995.0,1042.0,936.0,943.0,1606957814.0
2026-07-06,114800,934.0,980.0,916.0,949.0,1105835631.0
2026-07-07,114800,970.0,1033.0,960.0,997.0,1152220972.0
2026-07-08,114800,1030.0,1063.0,979.0,1051.0,1394082793.0
2026-07-09,114800,1012.0,1078.0,1003.0,1043.0,1113039718.0
2026-07-10,114800,1002.0,1025.0,984.0,1017.0,807243376.0
2026-07-13,114800,1027.0,1124.0,1011.0,1117.0,975874445.0
2026-07-14,114800,1119.0,1176.0,1084.0,1106.0,1588981757.0
2026-07-15,114800,1030.0,1049.0,1009.0,1037.0,855976420.0
2026-07-16,114800,1085.0,1123.0,1080.0,1108.0,908024396.0
2025-01-15,139220,2635.0,2635.0,2587.0,2587.0,42351.0
2025-01-16,139220,2631.0,2631.0,2601.0,2631.0,43184.0
2025-01-17,139220,2640.0,2670.0,2635.0,2645.0,150680.0
2025-01-20,139220,2689.0,2689.0,2635.0,2640.0,31333.0
2025-01-21,139220,2670.0,2670.0,2635.0,2665.0,47204.0
2025-01-22,139220,2684.0,2743.0,2655.0,2743.0,201786.0
2025-01-23,139220,2748.0,2787.0,2689.0,2694.0,212869.0
2025-01-24,139220,2699.0,2772.0,2699.0,2772.0,83734.0
2025-01-31,139220,2787.0,2787.0,2743.0,2763.0,178471.0
2025-02-03,139220,2728.0,2753.0,2679.0,2743.0,289890.0
2025-02-04,139220,2758.0,2792.0,2743.0,2758.0,202047.0
2025-02-05,139220,2767.0,2772.0,2723.0,2733.0,214373.0
2025-02-06,139220,2748.0,2811.0,2743.0,2807.0,280994.0
2025-02-07,139220,2792.0,2846.0,2792.0,2831.0,853658.0
2025-02-10,139220,2807.0,2841.0,2807.0,2821.0,141176.0
2025-02-11,139220,2826.0,2885.0,2826.0,2885.0,451518.0
2025-02-12,139220,2885.0,2895.0,2846.0,2875.0,390531.0
2025-02-13,139220,2914.0,2963.0,2890.0,2939.0,609436.0
2025-02-14,139220,2968.0,3017.0,2963.0,3002.0,743777.0
2025-02-17,139220,3017.0,3017.0,2973.0,2983.0,335242.0
2025-02-18,139220,3012.0,3110.0,2983.0,3095.0,630570.0
2025-02-19,139220,3115.0,3115.0,3071.0,3076.0,430375.0
2025-02-20,139220,3076.0,3076.0,2992.0,3027.0,562987.0
2025-02-21,139220,3022.0,3036.0,2997.0,3002.0,206458.0
2025-02-24,139220,2983.0,3002.0,2953.0,2983.0,341656.0
2025-02-25,139220,2983.0,3036.0,2948.0,2978.0,437178.0
2025-02-26,139220,2983.0,3007.0,2963.0,3007.0,188319.0
2025-02-27,139220,3012.0,3027.0,2973.0,2978.0,181364.0
2025-02-28,139220,2944.0,2968.0,2831.0,2831.0,386004.0
2025-03-04,139220,2836.0,2885.0,2802.0,2865.0,159872.0
2025-03-05,139220,2865.0,2973.0,2865.0,2968.0,270495.0
2025-03-06,139220,2983.0,3012.0,2973.0,2992.0,266934.0
2025-03-07,139220,2983.0,3051.0,2963.0,3007.0,271768.0
2025-03-10,139220,3032.0,3032.0,2973.0,3007.0,147152.0
2025-03-11,139220,2958.0,2973.0,2929.0,2948.0,373009.0
2025-03-12,139220,2958.0,2988.0,2939.0,2948.0,635812.0
2025-03-13,139220,2988.0,2992.0,2929.0,2934.0,178397.0
2025-03-14,139220,2958.0,2965.0,2914.0,2924.0,139874.0
2025-03-17,139220,2939.0,2963.0,2836.0,2953.0,260275.0
2025-03-18,139220,2958.0,3012.0,2953.0,3007.0,313213.0
2025-03-19,139220,3012.0,3032.0,2968.0,2983.0,263850.0
2025-03-20,139220,3002.0,3007.0,2953.0,2958.0,74122.0
2025-03-21,139220,2968.0,2988.0,2944.0,2988.0,373507.0
2025-03-24,139220,2973.0,2983.0,2953.0,2958.0,125355.0
2025-03-25,139220,2978.0,3017.0,2963.0,2973.0,217274.0
2025-03-26,139220,2978.0,3002.0,2973.0,2988.0,390433.0
2025-03-27,139220,2973.0,3002.0,2953.0,2983.0,44873.0
2025-03-28,139220,2997.0,2997.0,2904.0,2944.0,60078.0
2025-03-31,139220,2919.0,2934.0,2880.0,2934.0,396819.0
2025-04-01,139220,2963.0,2973.0,2919.0,2958.0,141507.0
2025-04-02,139220,2968.0,2973.0,2909.0,2934.0,157966.0
2025-04-03,139220,2885.0,2948.0,2851.0,2944.0,54662.0
2025-04-04,139220,2924.0,2948.0,2860.0,2904.0,190529.0
2025-04-07,139220,2831.0,2831.0,2738.0,2748.0,275506.0
2025-04-08,139220,2782.0,2826.0,2777.0,2802.0,104029.0
2025-04-09,139220,2772.0,2787.0,2728.0,2733.0,96423.0
2025-04-10,139220,2831.0,2885.0,2807.0,2885.0,102085.0
2025-04-11,139220,2875.0,2924.0,2846.0,2919.0,28605.0
2025-04-14,139220,2939.0,2939.0,2895.0,2924.0,108796.0
2025-04-15,139220,2934.0,2973.0,2919.0,2968.0,110105.0
2025-04-16,139220,2968.0,2978.0,2934.0,2944.0,1141239.0
2025-04-17,139220,2948.0,2953.0,2924.0,2948.0,82359.0
2025-04-18,139220,2963.0,3012.0,2944.0,3007.0,704278.0
2025-04-21,139220,3022.0,3027.0,2978.0,2988.0,613858.0
2025-04-22,139220,2997.0,3012.0,2963.0,2963.0,115221.0
2025-04-23,139220,2992.0,3027.0,2988.0,3007.0,144546.0
2025-04-24,139220,3012.0,3056.0,3002.0,3051.0,134205.0
2025-04-25,139220,3066.0,3076.0,3022.0,3032.0,214604.0
2025-04-28,139220,3056.0,3129.0,3051.0,3100.0,548586.0
2025-04-29,139220,3120.0,3135.0,3095.0,3125.0,135333.0
2025-04-30,139220,3110.0,3170.0,3110.0,3160.0,190937.0
2025-05-02,139220,3184.0,3184.0,3090.0,3110.0,3075324.0
2025-05-07,139220,3090.0,3194.0,3075.0,3184.0,665397.0
2025-05-08,139220,3170.0,3209.0,3170.0,3180.0,553183.0
2025-05-09,139220,3180.0,3194.0,3130.0,3130.0,241001.0
2025-05-12,139220,3170.0,3274.0,3170.0,3274.0,644381.0
2025-05-13,139220,3239.0,3264.0,3219.0,3229.0,567422.0
2025-05-14,139220,3244.0,3274.0,3239.0,3249.0,310664.0
2025-05-15,139220,3234.0,3254.0,3204.0,3219.0,236412.0
2025-05-16,139220,3224.0,3294.0,3219.0,3289.0,432962.0
2025-05-19,139220,3259.0,3309.0,3239.0,3259.0,256255.0
2025-05-20,139220,3274.0,3334.0,3274.0,3324.0,498271.0
2025-05-21,139220,3343.0,3463.0,3343.0,3453.0,617619.0
2025-05-22,139220,3448.0,3512.0,3393.0,3413.0,551424.0
2025-05-23,139220,3468.0,3652.0,3468.0,3617.0,1016997.0
2025-05-26,139220,3691.0,3786.0,3637.0,3756.0,1346032.0
2025-05-27,139220,3751.0,3875.0,3751.0,3875.0,780831.0
2025-05-28,139220,3960.0,4009.0,3850.0,3855.0,2607431.0
2025-05-29,139220,3855.0,4044.0,3830.0,4024.0,1350622.0
2025-05-30,139220,3999.0,4024.0,3865.0,3910.0,844906.0
2025-06-02,139220,3840.0,3989.0,3835.0,3955.0,871306.0
2025-06-04,139220,3989.0,4104.0,3920.0,4094.0,1392608.0
2025-06-05,139220,4148.0,4223.0,4024.0,4188.0,1188496.0
2025-06-09,139220,4223.0,4312.0,4134.0,4188.0,1658359.0
2025-06-10,139220,4208.0,4347.0,4193.0,4288.0,1349216.0
2025-06-11,139220,4273.0,4337.0,4193.0,4322.0,922886.0
2025-06-12,139220,4392.0,4571.0,4392.0,4491.0,1810043.0
2025-06-13,139220,4496.0,4511.0,4327.0,4452.0,1212604.0
2025-06-16,139220,4447.0,4655.0,4427.0,4655.0,1198471.0
2025-06-17,139220,4680.0,4715.0,4491.0,4591.0,2176595.0
2025-06-18,139220,4561.0,4586.0,4442.0,4531.0,1374434.0
2025-06-19,139220,4526.0,4551.0,4412.0,4546.0,1354896.0
2025-06-20,139220,4551.0,4551.0,4377.0,4427.0,1146029.0
2025-06-23,139220,4362.0,4456.0,4317.0,4427.0,830578.0
2025-06-24,139220,4581.0,4620.0,4427.0,4516.0,1142877.0
2025-06-25,139220,4596.0,4745.0,4536.0,4665.0,2698861.0
2025-06-26,139220,4576.0,4625.0,4407.0,4571.0,1178561.0
2025-06-27,139220,4571.0,4606.0,4447.0,4466.0,680731.0
2025-06-30,139220,4476.0,4536.0,4437.0,4456.0,592564.0
2025-07-01,139220,4491.0,4680.0,4452.0,4491.0,1572908.0
2025-07-02,139220,4481.0,4481.0,4263.0,4377.0,1341005.0
2025-07-03,139220,4382.0,4417.0,4337.0,4367.0,1283062.0
2025-07-04,139220,4427.0,4486.0,4293.0,4302.0,888901.0
2025-07-07,139220,4238.0,4322.0,4223.0,4302.0,598535.0
2025-07-08,139220,4312.0,4402.0,4312.0,4387.0,733363.0
2025-07-09,139220,4392.0,4471.0,4362.0,4471.0,860406.0
2025-07-10,139220,4481.0,4496.0,4422.0,4471.0,1573666.0
2025-07-11,139220,4471.0,4521.0,4402.0,4417.0,2158074.0
2025-07-14,139220,4412.0,4466.0,4367.0,4466.0,398624.0
2025-07-15,139220,4521.0,4576.0,4461.0,4506.0,3711270.0
2025-07-16,139220,4526.0,4526.0,4427.0,4432.0,707788.0
2025-07-17,139220,4456.0,4476.0,4372.0,4452.0,375937.0
2025-07-18,139220,4466.0,4486.0,4327.0,4412.0,562346.0
2025-07-21,139220,4412.0,4412.0,4332.0,4387.0,536431.0
2025-07-22,139220,4387.0,4387.0,4253.0,4263.0,828601.0
2025-07-23,139220,4288.0,4322.0,4203.0,4253.0,507133.0
2025-07-24,139220,4273.0,4367.0,4253.0,4283.0,409624.0
2025-07-25,139220,4253.0,4253.0,4198.0,4243.0,434557.0
2025-07-28,139220,4243.0,4253.0,4198.0,4223.0,367845.0
2025-07-29,139220,4223.0,4367.0,4178.0,4367.0,371953.0
2025-07-30,139220,4367.0,4367.0,4297.0,4352.0,471893.0
2025-07-31,139220,4352.0,4362.0,4293.0,4332.0,475907.0
2025-08-01,139220,4293.0,4297.0,4153.0,4153.0,650682.0
2025-08-04,139220,4153.0,4218.0,4114.0,4183.0,276246.0
2025-08-05,139220,4218.0,4297.0,4218.0,4273.0,323464.0
2025-08-06,139220,4273.0,4442.0,4273.0,4407.0,1062705.0
2025-08-07,139220,4417.0,4417.0,4352.0,4372.0,392895.0
2025-08-08,139220,4382.0,4402.0,4332.0,4352.0,214324.0
2025-08-11,139220,4357.0,4377.0,4258.0,4312.0,325082.0
2025-08-12,139220,4337.0,4382.0,4263.0,4263.0,253480.0
2025-08-13,139220,4283.0,4293.0,4173.0,4213.0,247497.0
2025-08-14,139220,4238.0,4285.0,4203.0,4283.0,172726.0
2025-08-18,139220,4263.0,4268.0,4213.0,4243.0,222228.0
2025-08-19,139220,4233.0,4248.0,4153.0,4183.0,410353.0
2025-08-20,139220,4064.0,4183.0,3935.0,4104.0,491937.0
2025-08-21,139220,4134.0,4322.0,4129.0,4273.0,423121.0
2025-08-22,139220,4327.0,4372.0,4293.0,4317.0,368397.0
2025-08-25,139220,4377.0,4417.0,4337.0,4362.0,256203.0
2025-08-26,139220,4302.0,4317.0,4233.0,4243.0,372698.0
2025-08-27,139220,4243.0,4322.0,4243.0,4278.0,373932.0
2025-08-28,139220,4278.0,4322.0,4238.0,4293.0,292743.0
2025-08-29,139220,4293.0,4307.0,4253.0,4253.0,154708.0
2025-09-01,139220,4253.0,4268.0,4188.0,4198.0,315907.0
2025-09-02,139220,4243.0,4243.0,4168.0,4203.0,188744.0
2025-09-03,139220,4203.0,4233.0,4188.0,4208.0,186216.0
2025-09-04,139220,4208.0,4273.0,4208.0,4223.0,84696.0
2025-09-05,139220,4213.0,4243.0,4208.0,4233.0,79118.0
2025-09-08,139220,4273.0,4293.0,4243.0,4268.0,135768.0
2025-09-09,139220,4297.0,4297.0,4243.0,4258.0,185291.0
2025-09-10,139220,4273.0,4332.0,4268.0,4327.0,249765.0
2025-09-11,139220,4347.0,4352.0,4307.0,4322.0,321955.0
2025-09-12,139220,4322.0,4332.0,4253.0,4302.0,393672.0
2025-09-15,139220,4302.0,4397.0,4283.0,4387.0,498547.0
2025-09-16,139220,4387.0,4432.0,4367.0,4392.0,329112.0
2025-09-17,139220,4387.0,4387.0,4278.0,4288.0,221145.0
2025-09-18,139220,4293.0,4307.0,4243.0,4307.0,241300.0
2025-09-19,139220,4307.0,4317.0,4248.0,4263.0,370503.0
2025-09-22,139220,4288.0,4317.0,4238.0,4238.0,285646.0
2025-09-23,139220,4233.0,4285.0,4233.0,4253.0,270496.0
2025-09-24,139220,4263.0,4263.0,4213.0,4223.0,185199.0
2025-09-25,139220,4238.0,4238.0,4178.0,4188.0,245703.0
2025-09-26,139220,4168.0,4168.0,4094.0,4114.0,254559.0
2025-09-29,139220,4148.0,4168.0,4104.0,4129.0,204600.0
2025-09-30,139220,4129.0,4129.0,4064.0,4074.0,186407.0
2025-10-01,139220,4079.0,4173.0,4079.0,4134.0,194800.0
2025-10-02,139220,4168.0,4218.0,4148.0,4178.0,266250.0
2025-10-10,139220,4183.0,4273.0,4173.0,4253.0,300554.0
2025-10-13,139220,4198.0,4268.0,4143.0,4268.0,489573.0
2025-10-14,139220,4283.0,4327.0,4198.0,4233.0,539401.0
2025-10-15,139220,4243.0,4476.0,4243.0,4437.0,810351.0
2025-10-16,139220,4461.0,4506.0,4442.0,4466.0,541517.0
2025-10-17,139220,4427.0,4427.0,4312.0,4322.0,640710.0
2025-10-20,139220,4322.0,4357.0,4248.0,4312.0,357745.0
2025-10-21,139220,4377.0,4506.0,4367.0,4397.0,558563.0
2025-10-22,139220,4392.0,4447.0,4317.0,4447.0,331912.0
2025-10-23,139220,4367.0,4516.0,4332.0,4466.0,495039.0
2025-10-24,139220,4521.0,4650.0,4412.0,4635.0,839731.0
2025-10-27,139220,4735.0,4814.0,4640.0,4685.0,988273.0
2025-10-28,139220,4680.0,4690.0,4551.0,4576.0,400210.0
2025-10-29,139220,4779.0,4864.0,4755.0,4824.0,2258233.0
2025-10-30,139220,4725.0,4760.0,4635.0,4650.0,1091424.0
2025-10-31,139220,4650.0,4670.0,4576.0,4630.0,461018.0
2025-11-03,139220,4596.0,4611.0,4526.0,4566.0,396305.0
2025-11-04,139220,4566.0,4591.0,4511.0,4536.0,342057.0
2025-11-05,139220,4536.0,4536.0,4297.0,4372.0,346053.0
2025-11-06,139220,4456.0,4506.0,4322.0,4432.0,322402.0
2025-11-07,139220,4377.0,4412.0,4243.0,4302.0,187331.0
2025-11-10,139220,4347.0,4447.0,4327.0,4437.0,118954.0
2025-11-11,139220,4447.0,4511.0,4397.0,4442.0,203999.0
2025-11-12,139220,4437.0,4476.0,4402.0,4452.0,174699.0
2025-11-13,139220,4447.0,4511.0,4412.0,4511.0,276753.0
2025-11-14,139220,4427.0,4496.0,4372.0,4402.0,137099.0
2025-11-17,139220,4402.0,4442.0,4362.0,4437.0,61739.0
2025-11-18,139220,4402.0,4422.0,4248.0,4283.0,167198.0
2025-11-19,139220,4332.0,4332.0,4203.0,4288.0,235254.0
2025-11-20,139220,4357.0,4422.0,4352.0,4392.0,172284.0
2025-11-21,139220,4307.0,4307.0,4223.0,4268.0,273788.0
2025-11-24,139220,4322.0,4367.0,4188.0,4283.0,434393.0
2025-11-25,139220,4342.0,4422.0,4297.0,4322.0,212424.0
2025-11-26,139220,4422.0,4551.0,4392.0,4536.0,632458.0
2025-11-27,139220,4536.0,4586.0,4466.0,4491.0,329495.0
2025-11-28,139220,4516.0,4536.0,4461.0,4466.0,297161.0
2025-12-01,139220,4506.0,4511.0,4372.0,4402.0,328494.0
2025-12-02,139220,4427.0,4452.0,4387.0,4427.0,188066.0
2025-12-03,139220,4531.0,4670.0,4506.0,4665.0,812257.0
2025-12-04,139220,4655.0,4655.0,4561.0,4591.0,266452.0
2025-12-05,139220,4591.0,4819.0,4571.0,4819.0,792461.0
2025-12-08,139220,4814.0,4864.0,4745.0,4784.0,554666.0
2025-12-09,139220,4774.0,4794.0,4705.0,4720.0,143521.0
2025-12-10,139220,4730.0,4779.0,4660.0,4685.0,151847.0
2025-12-11,139220,4720.0,4874.0,4720.0,4794.0,508585.0
2025-12-12,139220,4844.0,4948.0,4809.0,4948.0,616290.0
2025-12-15,139220,4814.0,4814.0,4710.0,4774.0,399900.0
2025-12-16,139220,4740.0,4750.0,4611.0,4640.0,451285.0
2025-12-17,139220,4650.0,4695.0,4615.0,4685.0,185015.0
2025-12-18,139220,4620.0,4650.0,4571.0,4606.0,221235.0
2025-12-19,139220,4635.0,4655.0,4596.0,4650.0,102785.0
2025-12-22,139220,4690.0,4720.0,4645.0,4680.0,743496.0
2025-12-23,139220,4690.0,4690.0,4606.0,4620.0,138525.0
2025-12-24,139220,4625.0,4635.0,4601.0,4625.0,46454.0
2025-12-26,139220,4630.0,4630.0,4526.0,4556.0,98828.0
2025-12-29,139220,4561.0,4620.0,4541.0,4601.0,147257.0
2025-12-30,139220,4606.0,4630.0,4576.0,4596.0,158376.0
2026-01-02,139220,4606.0,4606.0,4496.0,4536.0,387101.0
2026-01-05,139220,4571.0,4720.0,4571.0,4710.0,402740.0
2026-01-06,139220,4735.0,4784.0,4655.0,4784.0,189920.0
2026-01-07,139220,4784.0,4859.0,4715.0,4755.0,309216.0
2026-01-08,139220,4755.0,4774.0,4720.0,4755.0,128922.0
2026-01-09,139220,4779.0,4824.0,4725.0,4814.0,376815.0
2026-01-12,139220,4879.0,5137.0,4879.0,5117.0,623751.0
2026-01-13,139220,5117.0,5174.0,5048.0,5167.0,457712.0
2026-01-14,139220,5182.0,5371.0,5167.0,5341.0,633888.0
2026-01-15,139220,5311.0,5425.0,5261.0,5425.0,358736.0
2026-01-16,139220,5425.0,5584.0,5391.0,5550.0,459920.0
2026-01-19,139220,5619.0,5674.0,5555.0,5629.0,440681.0
2026-01-20,139220,5604.0,5858.0,5565.0,5738.0,556754.0
2026-01-21,139220,5644.0,5724.0,5589.0,5689.0,534569.0
2026-01-22,139220,5808.0,5838.0,5614.0,5649.0,390195.0
2026-01-23,139220,5694.0,6101.0,5694.0,5922.0,1610506.0
2026-01-26,139220,5957.0,6061.0,5773.0,5838.0,514832.0
2026-01-27,139220,6051.0,6051.0,5828.0,5848.0,459097.0
2026-01-28,139220,5883.0,6002.0,5883.0,5987.0,492234.0
2026-01-29,139220,5987.0,6081.0,5897.0,6066.0,478120.0
2026-01-30,139220,5957.0,5987.0,5833.0,5878.0,437250.0
2026-02-02,139220,5768.0,5957.0,5674.0,5704.0,515783.0
2026-02-03,139220,5858.0,6111.0,5848.0,6081.0,814106.0
2026-02-04,139220,6235.0,6340.0,6086.0,6320.0,764559.0
2026-02-05,139220,6205.0,6409.0,6081.0,6156.0,1014567.0
2026-02-06,139220,5977.0,6046.0,5800.0,5992.0,807955.0
2026-02-09,139220,6210.0,6459.0,6201.0,6360.0,696079.0
2026-02-10,139220,6389.0,6504.0,6369.0,6419.0,755700.0
2026-02-11,139220,6548.0,6593.0,6429.0,6563.0,503925.0
2026-02-12,139220,6568.0,6658.0,6429.0,6658.0,699474.0
2026-02-13,139220,6593.0,6802.0,6558.0,6598.0,748486.0
2026-02-19,139220,6757.0,6896.0,6717.0,6851.0,826728.0
2026-02-20,139220,6861.0,7125.0,6797.0,7030.0,815689.0
2026-02-23,139220,7179.0,7365.0,7020.0,7135.0,1136577.0
2026-02-24,139220,7140.0,7294.0,7030.0,7284.0,561740.0
2026-02-25,139220,7368.0,7820.0,7363.0,7751.0,1290439.0
2026-02-26,139220,7810.0,8064.0,7781.0,8019.0,1209976.0
2026-02-27,139220,8049.0,8287.0,7835.0,7915.0,1360982.0
2026-03-03,139220,7716.0,7850.0,7244.0,7299.0,1477138.0
2026-03-04,139220,6856.0,7030.0,6091.0,6201.0,1600654.0
2026-03-05,139220,6901.0,7010.0,6658.0,6832.0,962052.0
2026-03-06,139220,6678.0,7060.0,6623.0,7060.0,992749.0
2026-03-09,139220,6628.0,6742.0,6444.0,6717.0,704428.0
2026-03-10,139220,6991.0,7115.0,6782.0,6906.0,988776.0
2026-03-11,139220,7135.0,7229.0,6901.0,7015.0,1056047.0
2026-03-12,139220,6996.0,7318.0,6956.0,7140.0,953694.0
2026-03-13,139220,6941.0,7617.0,6916.0,7428.0,1736290.0
2026-03-16,139220,7468.0,7482.0,7174.0,7254.0,856728.0
2026-03-17,139220,7373.0,7477.0,7274.0,7289.0,584464.0
2026-03-18,139220,7398.0,7945.0,7398.0,7825.0,1588449.0
2026-03-19,139220,7681.0,7905.0,7681.0,7805.0,1594658.0
2026-03-20,139220,8029.0,8407.0,7976.0,8258.0,3340274.0
2026-03-23,139220,8397.0,8397.0,7761.0,7810.0,2521702.0
2026-03-24,139220,8118.0,8118.0,7239.0,7552.0,2906619.0
2026-03-25,139220,7751.0,7994.0,7602.0,7815.0,1868873.0
2026-03-26,139220,7781.0,7815.0,7492.0,7542.0,1243828.0
2026-03-27,139220,7328.0,7567.0,7179.0,7527.0,1197571.0
2026-03-30,139220,7150.0,7527.0,7070.0,7473.0,1477415.0
2026-03-31,139220,7463.0,7542.0,7244.0,7269.0,1460634.0
2026-04-01,139220,7711.0,8138.0,7711.0,8084.0,2496901.0
2026-04-02,139220,8203.0,8218.0,7368.0,7502.0,2715373.0
2026-04-03,139220,7726.0,8014.0,7706.0,7786.0,1877039.0
2026-04-06,139220,7920.0,8263.0,7920.0,8054.0,2837756.0
2026-04-07,139220,8337.0,8610.0,8049.0,8203.0,3886760.0
2026-04-08,139220,8571.0,9932.0,8571.0,9639.0,8594413.0
2026-04-09,139220,9251.0,9649.0,9107.0,9440.0,5209033.0
2026-04-10,139220,9853.0,9867.0,9346.0,9485.0,4422841.0
2026-04-13,139220,9122.0,9281.0,9043.0,9261.0,3424493.0
2026-04-14,139220,9490.0,9579.0,9192.0,9430.0,3898526.0
2026-04-15,139220,9619.0,10146.0,9619.0,9867.0,6700552.0
2026-04-16,139220,9947.0,9972.0,9599.0,9838.0,4280110.0
2026-04-17,139220,9848.0,9848.0,9639.0,9748.0,3467587.0
2026-04-20,139220,9689.0,9773.0,9549.0,9624.0,2825533.0
2026-04-21,139220,9703.0,10210.0,9694.0,10021.0,6697607.0
2026-04-22,139220,9882.0,9892.0,9679.0,9862.0,3976517.0
2026-04-23,139220,10056.0,10285.0,9833.0,10051.0,8064388.0
2026-04-24,139220,10046.0,10116.0,9872.0,10091.0,3575830.0
2026-04-27,139220,10195.0,10200.0,9927.0,10106.0,3288651.0
2026-04-28,139220,10136.0,10762.0,10051.0,10340.0,7135820.0
2026-04-29,139220,10350.0,10350.0,10015.0,10330.0,2979048.0
2026-04-30,139220,10210.0,10260.0,9870.0,9915.0,3443448.0
2026-05-04,139220,10000.0,10005.0,9570.0,9800.0,5363713.0
2026-05-06,139220,9950.0,10135.0,9715.0,10080.0,5440999.0
2026-05-07,139220,10660.0,10940.0,10405.0,10770.0,9778860.0
2026-05-08,139220,10450.0,10615.0,10200.0,10600.0,3004029.0
2026-05-11,139220,10615.0,10760.0,10450.0,10520.0,3098851.0
2026-05-12,139220,10530.0,10570.0,9630.0,10000.0,3789282.0
2026-05-13,139220,9715.0,9880.0,9410.0,9800.0,2993905.0
2026-05-14,139220,9900.0,10180.0,9895.0,10180.0,2940578.0
2026-05-15,139220,10225.0,10225.0,9170.0,9395.0,3088445.0
2026-05-18,139220,8930.0,9265.0,8645.0,9210.0,2831275.0
2026-05-19,139220,9080.0,9260.0,8625.0,8810.0,2593876.0
2026-05-20,139220,8735.0,8795.0,8320.0,8585.0,2819716.0
2026-05-21,139220,9155.0,9395.0,8970.0,9300.0,2502101.0
2026-05-22,139220,9685.0,9700.0,9350.0,9510.0,1590236.0
2026-05-26,139220,9900.0,10150.0,9525.0,9585.0,2081017.0
2026-05-27,139220,9585.0,9630.0,9090.0,9150.0,1810038.0
2026-05-28,139220,9150.0,9210.0,8575.0,8955.0,1621407.0
2026-05-29,139220,9235.0,9285.0,8800.0,9280.0,2457047.0
2026-06-01,139220,9020.0,9225.0,8945.0,9020.0,1661606.0
2026-06-02,139220,8840.0,8930.0,8560.0,8900.0,1595515.0
2026-06-04,139220,8870.0,9315.0,8855.0,9195.0,1780048.0
2026-06-05,139220,8975.0,8975.0,8355.0,8645.0,1347146.0
2026-06-08,139220,7715.0,8100.0,7670.0,7830.0,1069197.0
2026-06-09,139220,7955.0,8240.0,7760.0,8205.0,1315407.0
2026-06-10,139220,7930.0,8320.0,7885.0,8200.0,763465.0
2026-06-11,139220,7915.0,8060.0,7680.0,8015.0,651117.0
2026-06-12,139220,8905.0,9000.0,8345.0,8465.0,1955133.0
2026-06-15,139220,9440.0,9450.0,9050.0,9335.0,2852564.0
2026-06-16,139220,9325.0,10070.0,9245.0,9825.0,3910074.0
2026-06-17,139220,9970.0,9970.0,9300.0,9350.0,1724831.0
2026-06-18,139220,9525.0,9540.0,8950.0,9055.0,1699863.0
2026-06-19,139220,9155.0,9445.0,8610.0,8780.0,2436436.0
2026-06-22,139220,8640.0,9165.0,8640.0,8910.0,1814346.0
2026-06-23,139220,8925.0,9005.0,7880.0,7880.0,2680265.0
2026-06-24,139220,7980.0,8380.0,7915.0,8110.0,3665643.0
2026-06-25,139220,8410.0,8620.0,8240.0,8255.0,1359198.0
2026-06-26,139220,8165.0,8210.0,7540.0,7845.0,2811216.0
2026-06-29,139220,7910.0,8330.0,7650.0,8235.0,1722227.0
2026-06-30,139220,8245.0,8305.0,7995.0,8160.0,1717295.0
2026-07-01,139220,8295.0,8445.0,7995.0,8260.0,1674702.0
2026-07-02,139220,7965.0,8185.0,7695.0,7870.0,2620744.0
2026-07-03,139220,7815.0,7985.0,7405.0,7950.0,2033886.0
2026-07-06,139220,8025.0,8290.0,7830.0,8065.0,1473642.0
2026-07-07,139220,7965.0,7965.0,7500.0,7700.0,1238462.0
2026-07-08,139220,7470.0,7590.0,7010.0,7145.0,1961316.0
2026-07-09,139220,7195.0,7355.0,6875.0,7040.0,1460398.0
2026-07-10,139220,7145.0,7565.0,7145.0,7440.0,863913.0
2026-07-13,139220,7330.0,7540.0,6865.0,6900.0,842643.0
2026-07-14,139220,6900.0,6915.0,6490.0,6765.0,1134799.0
2026-07-15,139220,7020.0,7185.0,6935.0,7005.0,575585.0
2026-07-16,139220,6780.0,6910.0,6595.0,6715.0,901356.0
2025-01-15,148020,32687.0,32949.0,32468.0,32527.0,712582.0
2025-01-16,148020,32983.0,33123.0,32881.0,33002.0,800731.0
2025-01-17,148020,32900.0,33007.0,32759.0,32944.0,460170.0
2025-01-20,148020,33094.0,33099.0,32798.0,32886.0,458125.0
2025-01-21,148020,33070.0,33332.0,32711.0,32890.0,406944.0
2025-01-22,148020,33167.0,33385.0,32983.0,33293.0,898454.0
2025-01-23,148020,33230.0,33230.0,32876.0,32929.0,557610.0
2025-01-24,148020,32983.0,33250.0,32944.0,33109.0,668268.0
2025-01-31,148020,32749.0,32837.0,32501.0,32778.0,598223.0
2025-02-03,148020,32053.0,32121.0,31654.0,31907.0,902711.0
2025-02-04,148020,32277.0,32749.0,32165.0,32282.0,543052.0
2025-02-05,148020,32642.0,32837.0,32569.0,32671.0,287699.0
2025-02-06,148020,32944.0,33012.0,32764.0,33007.0,459997.0
2025-02-07,148020,33031.0,33046.0,32764.0,32812.0,595699.0
2025-02-10,148020,32618.0,32944.0,32477.0,32861.0,460513.0
2025-02-11,148020,33056.0,33275.0,32934.0,33119.0,399576.0
2025-02-12,148020,33090.0,33212.0,32890.0,33163.0,92947.0
2025-02-13,148020,33314.0,33538.0,33255.0,33528.0,617224.0
2025-02-14,148020,33601.0,33868.0,33567.0,33727.0,593674.0
2025-02-17,148020,33805.0,33985.0,33747.0,33961.0,171290.0
2025-02-18,148020,33966.0,34253.0,33893.0,34185.0,313817.0
2025-02-19,148020,34311.0,35036.0,34311.0,34895.0,820212.0
2025-02-20,148020,34744.0,34842.0,34550.0,34603.0,267126.0
2025-02-21,148020,34637.0,34657.0,34404.0,34623.0,283405.0
2025-02-24,148020,34331.0,34404.0,34185.0,34389.0,269272.0
2025-02-25,148020,34000.0,34345.0,33946.0,34238.0,566013.0
2025-02-26,148020,34204.0,34511.0,34058.0,34394.0,269946.0
2025-02-27,148020,34428.0,34452.0,34102.0,34272.0,153548.0
2025-02-28,148020,33713.0,33757.0,33022.0,33134.0,1986871.0
2025-03-04,148020,32997.0,33275.0,32793.0,33031.0,691228.0
2025-03-05,148020,33362.0,33465.0,33017.0,33289.0,519288.0
2025-03-06,148020,33387.0,33732.0,33387.0,33611.0,208266.0
2025-03-07,148020,33367.0,33611.0,33124.0,33479.0,347738.0
2025-03-10,148020,33314.0,33635.0,33231.0,33557.0,202577.0
2025-03-11,148020,32735.0,33250.0,32647.0,33163.0,488745.0
2025-03-12,148020,33246.0,33781.0,33134.0,33688.0,381490.0
2025-03-13,148020,33956.0,34083.0,33533.0,33538.0,1004347.0
2025-03-14,148020,33552.0,33820.0,33538.0,33713.0,187341.0
2025-03-17,148020,33971.0,34443.0,33971.0,34350.0,484510.0
2025-03-18,148020,34749.0,34910.0,34394.0,34472.0,309310.0
2025-03-19,148020,34467.0,34973.0,34467.0,34769.0,378178.0
2025-03-20,148020,35031.0,35139.0,34837.0,35007.0,640083.0
2025-03-21,148020,34861.0,35221.0,34847.0,35158.0,1117302.0
2025-03-24,148020,35022.0,35250.0,34905.0,35031.0,288305.0
2025-03-25,148020,35182.0,35255.0,34808.0,34890.0,787703.0
2025-03-26,148020,35027.0,35299.0,34905.0,35177.0,757034.0
2025-03-27,148020,34803.0,35061.0,34710.0,34749.0,597341.0
2025-03-28,148020,34613.0,34613.0,34014.0,34160.0,1082413.0
2025-03-31,148020,33513.0,33547.0,33114.0,33139.0,2207867.0
2025-04-01,148020,33455.0,33815.0,33285.0,33684.0,741418.0
2025-04-02,148020,33679.0,33776.0,33377.0,33494.0,380163.0
2025-04-03,148020,32389.0,33129.0,32389.0,33085.0,1229067.0
2025-04-04,148020,32613.0,33348.0,32370.0,32793.0,2118454.0
2025-04-07,148020,30963.0,31421.0,30749.0,30905.0,2623959.0
2025-04-08,148020,31552.0,31576.0,30754.0,30885.0,681965.0
2025-04-09,148020,30885.0,30900.0,30199.0,30360.0,1040031.0
2025-04-10,148020,32063.0,32258.0,31732.0,32258.0,1173265.0
2025-04-11,148020,31786.0,32141.0,31620.0,32141.0,482257.0
2025-04-14,148020,32267.0,32555.0,32253.0,32389.0,258751.0
2025-04-15,148020,32452.0,32769.0,32452.0,32691.0,129709.0
2025-04-16,148020,32618.0,32618.0,32170.0,32209.0,425851.0
2025-04-17,148020,32316.0,32566.0,32209.0,32511.0,279295.0
2025-04-18,148020,32589.0,32739.0,32462.0,32739.0,211095.0
2025-04-21,148020,32774.0,32924.0,32637.0,32774.0,228291.0
2025-04-22,148020,32652.0,32827.0,32608.0,32681.0,134488.0
2025-04-23,148020,33202.0,33294.0,33041.0,33265.0,142937.0
2025-04-24,148020,33294.0,33299.0,32988.0,33202.0,328405.0
2025-04-25,148020,33513.0,33674.0,33406.0,33542.0,384749.0
2025-04-28,148020,33562.0,33708.0,33484.0,33552.0,158300.0
2025-04-29,148020,33597.0,33952.0,33523.0,33779.0,418866.0
2025-04-30,148020,33720.0,33897.0,33547.0,33745.0,450564.0
2025-05-02,148020,33779.0,33873.0,33473.0,33745.0,333333.0
2025-05-07,148020,34041.0,34169.0,33823.0,34011.0,320751.0
2025-05-08,148020,34031.0,34228.0,34011.0,34011.0,266669.0
2025-05-09,148020,34105.0,34169.0,33917.0,34021.0,324343.0
2025-05-12,148020,34297.0,34504.0,34189.0,34504.0,201210.0
2025-05-13,148020,34638.0,34800.0,34509.0,34593.0,386406.0
2025-05-14,148020,34894.0,35205.0,34820.0,35047.0,518741.0
2025-05-15,148020,34958.0,35131.0,34751.0,34815.0,426053.0
2025-05-16,148020,34934.0,35017.0,34830.0,34914.0,575925.0
2025-05-19,148020,34761.0,34786.0,34401.0,34519.0,378480.0
2025-05-20,148020,34761.0,34869.0,34568.0,34573.0,344344.0
2025-05-21,148020,34766.0,35008.0,34766.0,34815.0,299249.0
2025-05-22,148020,34628.0,34652.0,34287.0,34366.0,269824.0
2025-05-23,148020,34425.0,34544.0,34376.0,34406.0,211752.0
2025-05-26,148020,34470.0,34978.0,34470.0,34948.0,252834.0
2025-05-27,148020,34805.0,35086.0,34805.0,35037.0,264461.0
2025-05-28,148020,35136.0,35851.0,35121.0,35535.0,492794.0
2025-05-29,148020,35886.0,36256.0,35807.0,36236.0,637442.0
2025-05-30,148020,36147.0,36206.0,35831.0,35841.0,423047.0
2025-06-02,148020,35797.0,36221.0,35703.0,35866.0,367020.0
2025-06-04,148020,36394.0,36902.0,36374.0,36877.0,1002788.0
2025-06-05,148020,37159.0,37913.0,37139.0,37553.0,1247373.0
2025-06-09,148020,38135.0,38426.0,38027.0,38185.0,1776601.0
2025-06-10,148020,38417.0,38614.0,38071.0,38392.0,1130418.0
2025-06-11,148020,38569.0,38920.0,38515.0,38856.0,1059844.0
2025-06-12,148020,38856.0,39196.0,38851.0,38925.0,679870.0
2025-06-13,148020,39023.0,39132.0,38397.0,38624.0,846833.0
2025-06-16,148020,38698.0,39329.0,38481.0,39275.0,857514.0
2025-06-17,148020,39398.0,40138.0,39142.0,39403.0,887727.0
2025-06-18,148020,39142.0,39906.0,39043.0,39739.0,799599.0
2025-06-19,148020,40015.0,40104.0,39482.0,39818.0,1505926.0
2025-06-20,148020,39966.0,40385.0,39773.0,40331.0,1171566.0
2025-06-23,148020,39956.0,40390.0,39606.0,40321.0,1111052.0
2025-06-24,148020,40923.0,41678.0,40923.0,41648.0,1307076.0
2025-06-25,148020,41855.0,42028.0,41416.0,41821.0,2089555.0
2025-06-26,148020,41826.0,41895.0,40883.0,41411.0,1166360.0
2025-06-27,148020,41421.0,41663.0,41012.0,41199.0,1093010.0
2025-06-30,148020,41500.0,41658.0,41263.0,41416.0,790230.0
2025-07-01,148020,41678.0,42270.0,41539.0,41539.0,1052630.0
2025-07-02,148020,41485.0,41613.0,40864.0,41372.0,1240039.0
2025-07-03,148020,41643.0,42023.0,41525.0,42023.0,892249.0
2025-07-04,148020,42196.0,42196.0,41209.0,41209.0,1052801.0
2025-07-07,148020,40992.0,41426.0,40819.0,41263.0,722420.0
2025-07-08,148020,41396.0,42102.0,41357.0,42048.0,712974.0
2025-07-09,148020,42077.0,42245.0,41840.0,42161.0,730285.0
2025-07-10,148020,42275.0,42738.0,42072.0,42723.0,799976.0
2025-07-11,148020,42768.0,43335.0,42664.0,42743.0,1698117.0
2025-07-14,148020,42620.0,43197.0,42620.0,43143.0,621595.0
2025-07-15,148020,43128.0,43414.0,42802.0,43390.0,1019628.0
2025-07-16,148020,43286.0,43316.0,42857.0,43005.0,906239.0
2025-07-17,148020,43143.0,43197.0,42516.0,43113.0,1352171.0
2025-07-18,148020,43237.0,43350.0,42822.0,43059.0,701920.0
2025-07-21,148020,43059.0,43464.0,43044.0,43390.0,432245.0
2025-07-22,148020,43370.0,43513.0,42605.0,42807.0,595335.0
2025-07-23,148020,43069.0,43197.0,42408.0,42955.0,2182816.0
2025-07-24,148020,43296.0,43681.0,42857.0,42896.0,1287182.0
2025-07-25,148020,42812.0,43192.0,42802.0,43024.0,530808.0
2025-07-28,148020,43478.0,43493.0,42793.0,43241.0,734409.0
2025-07-29,148020,43113.0,43597.0,42674.0,43552.0,810008.0
2025-07-30,148020,43582.0,44186.0,43552.0,43894.0,675927.0
2025-07-31,148020,44220.0,44389.0,43617.0,43795.0,965001.0
2025-08-01,148020,43161.0,43295.0,41999.0,42028.0,1352739.0
2025-08-04,148020,41989.0,42632.0,41825.0,42503.0,1017749.0
2025-08-05,148020,43023.0,43345.0,42775.0,43112.0,368258.0
2025-08-06,148020,42820.0,43092.0,42736.0,43067.0,634575.0
2025-08-07,148020,43280.0,43443.0,43028.0,43443.0,499184.0
2025-08-08,148020,43434.0,43597.0,43191.0,43335.0,772091.0
2025-08-11,148020,43404.0,43488.0,43201.0,43335.0,676358.0
2025-08-12,148020,43369.0,43894.0,43156.0,43191.0,741932.0
2025-08-13,148020,43537.0,43671.0,43206.0,43651.0,346803.0
2025-08-14,148020,43800.0,43884.0,43443.0,43612.0,520010.0
2025-08-18,148020,43394.0,43394.0,42934.0,42934.0,499364.0
2025-08-19,148020,43067.0,43067.0,42538.0,42642.0,649043.0
2025-08-20,148020,42325.0,42424.0,41731.0,42385.0,1992835.0
2025-08-21,148020,42488.0,42835.0,42424.0,42484.0,346267.0
2025-08-22,148020,42780.0,43058.0,42711.0,42840.0,959456.0
2025-08-25,148020,43196.0,43369.0,43048.0,43369.0,487574.0
2025-08-26,148020,43250.0,43255.0,42874.0,42959.0,503797.0
2025-08-27,148020,43018.0,43048.0,42706.0,43038.0,508393.0
2025-08-28,148020,42869.0,43443.0,42681.0,43255.0,508577.0
2025-08-29,148020,43389.0,43448.0,43038.0,43092.0,379187.0
2025-09-01,148020,42711.0,42865.0,42261.0,42375.0,338925.0
2025-09-02,148020,42459.0,42874.0,42459.0,42825.0,426166.0
2025-09-03,148020,42855.0,43087.0,42766.0,43033.0,225779.0
2025-09-04,148020,43058.0,43354.0,43023.0,43206.0,171771.0
2025-09-05,148020,43340.0,43498.0,43211.0,43369.0,765544.0
2025-09-08,148020,43389.0,43557.0,43325.0,43523.0,354780.0
2025-09-09,148020,43666.0,44166.0,43533.0,44121.0,1522161.0
2025-09-10,148020,44270.0,45116.0,44270.0,45017.0,1232120.0
2025-09-11,148020,45215.0,45487.0,44977.0,45344.0,2680968.0
2025-09-12,148020,45710.0,46338.0,45710.0,46289.0,1201333.0
2025-09-15,148020,46561.0,46788.0,46308.0,46546.0,856035.0
2025-09-16,148020,46635.0,47372.0,46635.0,47273.0,1988232.0
2025-09-17,148020,47090.0,47105.0,46595.0,46729.0,743147.0
2025-09-18,148020,47065.0,47580.0,46848.0,47521.0,1130312.0
2025-09-19,148020,47644.0,47748.0,47244.0,47372.0,614564.0
2025-09-22,148020,47694.0,48095.0,47625.0,47837.0,765789.0
2025-09-23,148020,48134.0,48342.0,47882.0,48218.0,613218.0
2025-09-24,148020,48278.0,48406.0,47639.0,48070.0,1452836.0
2025-09-25,148020,47798.0,48194.0,47748.0,48080.0,1091049.0
2025-09-26,148020,47615.0,47615.0,46571.0,46922.0,1982367.0
2025-09-29,148020,47234.0,47743.0,47209.0,47649.0,1330767.0
2025-09-30,148020,47634.0,47768.0,47437.0,47516.0,595578.0
2025-10-01,148020,47763.0,48095.0,47738.0,48020.0,822898.0
2025-10-02,148020,49035.0,49950.0,49025.0,49455.0,2396403.0
2025-10-10,148020,50297.0,50945.0,50064.0,50717.0,2247908.0
2025-10-13,148020,49723.0,50227.0,49267.0,50227.0,1971331.0
2025-10-14,148020,50460.0,51212.0,49347.0,49737.0,3004233.0
2025-10-15,148020,49955.0,51162.0,49935.0,51113.0,811127.0
2025-10-16,148020,51212.0,52469.0,51212.0,52469.0,1133575.0
2025-10-17,148020,52241.0,53320.0,52132.0,52587.0,1367157.0
2025-10-20,148020,53003.0,53602.0,52251.0,53567.0,1680278.0
2025-10-21,148020,54032.0,54824.0,53552.0,53696.0,3069376.0
2025-10-22,148020,53582.0,54334.0,53013.0,54334.0,1479064.0
2025-10-23,148020,53513.0,54626.0,53330.0,53750.0,1723861.0
2025-10-24,148020,54473.0,55240.0,54285.0,55111.0,1974509.0
2025-10-27,148020,55606.0,56665.0,55606.0,56650.0,2272339.0
2025-10-28,148020,56125.0,56234.0,55527.0,56115.0,1382764.0
2025-10-29,148020,56729.0,57303.0,56036.0,57273.0,1574055.0
2025-10-30,148020,57665.0,58370.0,57258.0,57462.0,2318389.0
2025-10-31,148020,57631.0,58201.0,57159.0,58117.0,1558711.0
2025-11-03,148020,58251.0,60002.0,58137.0,60002.0,1649279.0
2025-11-04,148020,59843.0,59997.0,58261.0,58290.0,1769664.0
2025-11-05,148020,57204.0,57293.0,54495.0,56693.0,4903926.0
2025-11-06,148020,58107.0,58241.0,56291.0,56971.0,1502391.0
2025-11-07,148020,55973.0,57144.0,54996.0,55944.0,2190083.0
2025-11-10,148020,57953.0,58013.0,56380.0,57635.0,807522.0
2025-11-11,148020,58315.0,59541.0,57705.0,58251.0,1532438.0
2025-11-12,148020,58137.0,58965.0,57864.0,58836.0,1055904.0
2025-11-13,148020,58459.0,59367.0,58390.0,59109.0,1620199.0
2025-11-14,148020,57263.0,57710.0,56499.0,56499.0,1906358.0
2025-11-17,148020,57536.0,57799.0,57110.0,57705.0,974539.0
2025-11-18,148020,56966.0,57487.0,55745.0,55815.0,878753.0
2025-11-19,148020,55968.0,55998.0,54093.0,55398.0,1808332.0
2025-11-20,148020,57080.0,57502.0,56514.0,56598.0,1706301.0
2025-11-21,148020,54182.0,54911.0,53954.0,54217.0,1891537.0
2025-11-24,148020,55145.0,55378.0,54137.0,54207.0,1449858.0
2025-11-25,148020,55805.0,55879.0,54271.0,54614.0,1914932.0
2025-11-26,148020,55115.0,56102.0,54733.0,56102.0,1859051.0
2025-11-27,148020,56569.0,57169.0,56231.0,56499.0,1276241.0
2025-11-28,148020,56623.0,56623.0,55566.0,55705.0,696764.0
2025-12-01,148020,56296.0,56425.0,55075.0,55611.0,1050605.0
2025-12-02,148020,55929.0,56817.0,55849.0,56703.0,1077980.0
2025-12-03,148020,56901.0,57616.0,56608.0,57308.0,1559003.0
2025-12-04,148020,56971.0,57174.0,56450.0,57159.0,944371.0
2025-12-05,148020,57010.0,58246.0,56777.0,58246.0,1165570.0
2025-12-08,148020,58365.0,59040.0,57928.0,59030.0,983193.0
2025-12-09,148020,58866.0,59045.0,58474.0,58707.0,776272.0
2025-12-10,148020,58891.0,59322.0,58558.0,58677.0,866342.0
2025-12-11,148020,58707.0,59327.0,58176.0,58176.0,876636.0
2025-12-12,148020,58469.0,59124.0,58246.0,59035.0,1287355.0
2025-12-15,148020,57750.0,58156.0,57373.0,57675.0,505326.0
2025-12-16,148020,57670.0,57784.0,56375.0,56400.0,1051871.0
2025-12-17,148020,56718.0,57531.0,56345.0,57497.0,984092.0
2025-12-18,148020,56534.0,57258.0,56395.0,56842.0,606007.0
2025-12-19,148020,57779.0,57799.0,56871.0,57100.0,754867.0
2025-12-22,148020,58340.0,58514.0,58127.0,58469.0,1265779.0
2025-12-23,148020,58722.0,59114.0,58573.0,58633.0,730038.0
2025-12-24,148020,58955.0,59010.0,58608.0,58653.0,814742.0
2025-12-26,148020,58871.0,59437.0,58851.0,59164.0,509244.0
2025-12-29,148020,59605.0,60756.0,59595.0,60737.0,1612152.0
2025-12-30,148020,60459.0,61158.0,60379.0,60930.0,852773.0
2026-01-02,148020,60955.0,62801.0,60955.0,62711.0,1415248.0
2026-01-05,148020,63704.0,65162.0,63704.0,65118.0,1756192.0
2026-01-06,148020,64845.0,66264.0,64121.0,66219.0,1771878.0
2026-01-07,148020,67108.0,67857.0,65822.0,66745.0,3113465.0
2026-01-08,148020,66333.0,68055.0,66324.0,66696.0,2085215.0
2026-01-09,148020,66383.0,67450.0,65872.0,67256.0,2115610.0
2026-01-12,148020,67981.0,68254.0,66879.0,67663.0,1890193.0
2026-01-13,148020,68298.0,68586.0,67743.0,68556.0,2206325.0
2026-01-14,148020,68358.0,68948.0,68224.0,68904.0,1411256.0
2026-01-15,148020,68750.0,70090.0,68581.0,70090.0,2148256.0
2026-01-16,148020,70353.0,71161.0,70085.0,70864.0,2513675.0
2026-01-19,148020,70720.0,72124.0,70566.0,71866.0,2122381.0
2026-01-20,148020,71643.0,72144.0,70457.0,71285.0,2114736.0
2026-01-21,148020,69822.0,71980.0,69822.0,71821.0,2132471.0
2026-01-22,148020,73280.0,73791.0,72342.0,72630.0,3126939.0
2026-01-23,148020,73077.0,73677.0,72188.0,73106.0,2746622.0
2026-01-26,148020,73166.0,73657.0,72312.0,72387.0,2053654.0
2026-01-27,148020,72154.0,74922.0,71519.0,74922.0,2585458.0
2026-01-28,148020,75528.0,76575.0,75418.0,76252.0,5454437.0
2026-01-29,148020,76824.0,77684.0,74751.0,77162.0,3208835.0
2026-01-30,148020,76620.0,78887.0,76560.0,77386.0,2633565.0
2026-02-02,148020,75715.0,76869.0,72772.0,72916.0,5125305.0
2026-02-03,148020,75725.0,78489.0,75442.0,78489.0,2228949.0
2026-02-04,148020,77888.0,79722.0,77465.0,79583.0,4242717.0
2026-02-05,148020,77356.0,78330.0,75780.0,76242.0,3877633.0
2026-02-06,148020,73786.0,75810.0,72265.0,75372.0,3827155.0
2026-02-09,148020,78469.0,79140.0,78161.0,78559.0,2573805.0
2026-02-10,148020,79444.0,79697.0,78524.0,78569.0,2787308.0
2026-02-11,148020,78380.0,79752.0,77783.0,79295.0,1134916.0
2026-02-12,148020,80403.0,82158.0,80105.0,82158.0,3145311.0
2026-02-13,148020,82029.0,83287.0,81527.0,82079.0,2059247.0
2026-02-19,148020,84132.0,84694.0,83590.0,84515.0,2086315.0
2026-02-20,148020,84714.0,86598.0,84594.0,86498.0,1254539.0
2026-02-23,148020,87920.0,88616.0,86329.0,87150.0,1989196.0
2026-02-24,148020,87150.0,89337.0,86086.0,89297.0,1446978.0
2026-02-25,148020,89899.0,92037.0,89486.0,91082.0,2303620.0
2026-02-26,148020,91693.0,95298.0,91524.0,95253.0,3140686.0
2026-02-27,148020,93269.0,95924.0,92688.0,94463.0,4567823.0
2026-03-03,148020,92225.0,92991.0,86856.0,86856.0,4519866.0
2026-03-04,148020,82800.0,85285.0,75864.0,76118.0,4958062.0
2026-03-05,148020,84863.0,86180.0,82362.0,83724.0,2289456.0
2026-03-06,148020,81631.0,83998.0,80378.0,83585.0,1242775.0
2026-03-09,148020,78077.0,79175.0,75720.0,78350.0,2338058.0
2026-03-10,148020,81224.0,84107.0,81194.0,83118.0,1209022.0
2026-03-11,148020,84987.0,86255.0,83232.0,83973.0,2090496.0
2026-03-12,148020,83326.0,84266.0,82546.0,83073.0,776460.0
2026-03-13,148020,80239.0,82695.0,80115.0,81929.0,1220355.0
2026-03-16,148020,82039.0,83312.0,81403.0,83182.0,913589.0
2026-03-17,148020,85837.0,86081.0,84714.0,84883.0,983684.0
2026-03-18,148020,86886.0,89750.0,86841.0,89511.0,2124841.0
2026-03-19,148020,86767.0,88542.0,86404.0,86911.0,1450323.0
2026-03-20,148020,87488.0,87925.0,86707.0,86836.0,756678.0
2026-03-23,148020,83108.0,83535.0,80816.0,81432.0,2303059.0
2026-03-24,148020,84833.0,85101.0,81035.0,83749.0,1255454.0
2026-03-25,148020,85529.0,86618.0,84470.0,84733.0,2222822.0
2026-03-26,148020,83804.0,83933.0,81422.0,81770.0,1018016.0
2026-03-27,148020,78837.0,81746.0,77903.0,81477.0,2525650.0
2026-03-30,148020,77043.0,79295.0,76869.0,78991.0,2190676.0
2026-03-31,148020,76232.0,78241.0,75288.0,75467.0,2154848.0
2026-04-01,148020,80020.0,83023.0,79066.0,82437.0,1701572.0
2026-04-02,148020,83322.0,83968.0,77231.0,78390.0,2425679.0
2026-04-03,148020,80478.0,81398.0,79802.0,80662.0,1846202.0
2026-04-06,148020,81616.0,83068.0,81412.0,81845.0,1296632.0
2026-04-07,148020,83694.0,84619.0,81890.0,82998.0,1373969.0
2026-04-08,148020,88020.0,90346.0,87796.0,89203.0,3409593.0
2026-04-09,148020,88591.0,88989.0,87329.0,87582.0,2810134.0
2026-04-10,148020,89118.0,90078.0,88800.0,88989.0,1560021.0
2026-04-13,148020,86871.0,88378.0,86752.0,88149.0,1259632.0
2026-04-14,148020,90500.0,91877.0,90252.0,90749.0,1864089.0
2026-04-15,148020,93642.0,94473.0,92494.0,93026.0,2047781.0
2026-04-16,148020,93796.0,95059.0,93329.0,95059.0,2119115.0
2026-04-17,148020,94741.0,95019.0,93921.0,94299.0,1091981.0
2026-04-20,148020,94661.0,95740.0,94065.0,94821.0,1588774.0
2026-04-21,148020,95899.0,97316.0,95899.0,97296.0,1745675.0
2026-04-22,148020,97276.0,97729.0,96148.0,97644.0,2110825.0
2026-04-23,148020,98544.0,100160.0,95999.0,98783.0,1713201.0
2026-04-24,148020,99031.0,99330.0,97242.0,98315.0,721096.0
2026-04-27,148020,99355.0,101497.0,99260.0,100747.0,1292583.0
2026-04-28,148020,101234.0,102382.0,100791.0,101109.0,939126.0
2026-04-29,148020,100760.0,102070.0,100295.0,101800.0,2168234.0
2026-04-30,148020,102735.0,103015.0,100620.0,100790.0,1395861.0
2026-05-04,148020,103405.0,106085.0,102620.0,106085.0,2322162.0
2026-05-06,148020,111375.0,115140.0,110780.0,114150.0,2456474.0
2026-05-07,148020,116425.0,116905.0,112465.0,116470.0,1960263.0
2026-05-08,148020,113850.0,116695.0,113465.0,116605.0,1355774.0
2026-05-11,148020,121405.0,124165.0,120740.0,122770.0,2646479.0
2026-05-12,148020,124815.0,125660.0,116475.0,119885.0,2141143.0
2026-05-13,148020,116825.0,123645.0,115700.0,123380.0,2078917.0
2026-05-14,148020,123645.0,126290.0,123465.0,125850.0,1280770.0
2026-05-15,148020,125340.0,126990.0,115900.0,117645.0,2115995.0
2026-05-18,148020,116855.0,120750.0,112290.0,118580.0,2273145.0
2026-05-19,148020,116785.0,117295.0,112515.0,115160.0,856101.0
2026-05-20,148020,115570.0,117000.0,111300.0,113945.0,1520274.0
2026-05-21,148020,118475.0,124150.0,118395.0,123880.0,1864245.0
2026-05-22,148020,124705.0,124945.0,122955.0,124320.0,968555.0
2026-05-26,148020,126795.0,129095.0,126655.0,127675.0,1539744.0
2026-05-27,148020,129580.0,135695.0,129550.0,131615.0,1951117.0
2026-05-28,148020,130275.0,132150.0,125100.0,130945.0,1671919.0
2026-05-29,148020,134370.0,136320.0,132840.0,136320.0,1596638.0
2026-06-01,148020,135865.0,143200.0,135715.0,142415.0,1537914.0
2026-06-02,148020,143245.0,144520.0,137315.0,142860.0,1138958.0
2026-06-04,148020,139455.0,141885.0,138300.0,139730.0,787567.0
2026-06-05,148020,134165.0,135405.0,129300.0,131840.0,1019893.0
2026-06-08,148020,119010.0,126360.0,117550.0,120310.0,1289009.0
2026-06-09,148020,125420.0,131240.0,122150.0,130910.0,710347.0
2026-06-10,148020,127310.0,128895.0,121200.0,124750.0,1130888.0
2026-06-11,148020,119770.0,125815.0,118575.0,124705.0,828602.0
2026-06-12,148020,132545.0,136300.0,130100.0,130305.0,1534105.0
2026-06-15,148020,137430.0,138935.0,136530.0,137385.0,1148127.0
2026-06-16,148020,140095.0,141400.0,137600.0,140370.0,1249171.0
2026-06-17,148020,139010.0,143462.0,138540.0,143135.0,943267.0
2026-06-18,148020,143230.0,148150.0,143225.0,147765.0,1214955.0
2026-06-19,148020,151045.0,153560.0,144060.0,147745.0,2552400.0
2026-06-22,148020,145585.0,151820.0,145160.0,149410.0,841662.0
2026-06-23,148020,149265.0,150175.0,133770.0,134125.0,1332804.0
2026-06-24,148020,135240.0,140450.0,131875.0,138755.0,2105254.0
2026-06-25,148020,144965.0,149115.0,144120.0,146835.0,1198896.0
2026-06-26,148020,145015.0,145680.0,133500.0,138685.0,1321426.0
2026-06-29,148020,137050.0,139700.0,132900.0,137400.0,523744.0
2026-06-30,148020,137500.0,142230.0,134160.0,139470.0,688557.0
2026-07-01,148020,140500.0,141385.0,132550.0,135625.0,642998.0
2026-07-02,148020,127800.0,132250.0,122500.0,124660.0,1425162.0
2026-07-03,148020,124695.0,132585.0,119365.0,131880.0,2388549.0
2026-07-06,148020,132800.0,135600.0,126880.0,130975.0,1287369.0
2026-07-07,148020,128235.0,129420.0,119690.0,124700.0,1479973.0
2026-07-08,148020,120710.0,126700.0,116430.0,117665.0,1058064.0
2026-07-09,148020,122195.0,122825.0,114530.0,118425.0,1150462.0
2026-07-10,148020,123365.0,125185.0,120510.0,121710.0,1311861.0
2026-07-13,148020,120430.0,122060.0,108940.0,109765.0,1523990.0
2026-07-14,148020,109360.0,112600.0,103600.0,110480.0,2520198.0
2026-07-15,148020,117685.0,120320.0,116350.0,117540.0,1745780.0
2026-07-16,148020,112205.0,112445.0,107830.0,109540.0,1746108.0
2025-01-15,229200,11979.0,11999.0,11705.0,11750.0,8782492.0
2025-01-16,229200,11924.0,12073.0,11909.0,11994.0,8122195.0
2025-01-17,229200,11964.0,12024.0,11934.0,12009.0,7101218.0
2025-01-20,229200,12048.0,12133.0,11969.0,12098.0,7045236.0
2025-01-21,229200,12128.0,12262.0,11954.0,12088.0,7361216.0
2025-01-22,229200,12148.0,12262.0,12123.0,12208.0,5859101.0
2025-01-23,229200,12188.0,12193.0,12093.0,12138.0,6961501.0
2025-01-24,229200,12143.0,12287.0,12078.0,12253.0,5150707.0
2025-01-31,229200,12173.0,12258.0,12009.0,12258.0,5606418.0
2025-02-03,229200,12024.0,12024.0,11685.0,11755.0,11960777.0
2025-02-04,229200,11929.0,12258.0,11929.0,12068.0,9370478.0
2025-02-05,229200,12168.0,12312.0,12168.0,12282.0,8278510.0
2025-02-06,229200,12377.0,12457.0,12347.0,12457.0,7437790.0
2025-02-07,229200,12437.0,12561.0,12377.0,12506.0,9449659.0
2025-02-10,229200,12452.0,12601.0,12302.0,12586.0,12273547.0
2025-02-11,229200,12626.0,12676.0,12526.0,12551.0,10136515.0
2025-02-12,229200,12511.0,12531.0,12397.0,12506.0,6614505.0
2025-02-13,229200,12586.0,12651.0,12462.0,12531.0,6472239.0
2025-02-14,229200,12581.0,12800.0,12566.0,12740.0,6979711.0
2025-02-17,229200,12795.0,12949.0,12755.0,12934.0,9726317.0
2025-02-18,229200,12959.0,12999.0,12840.0,12994.0,8453132.0
2025-02-19,229200,12969.0,13138.0,12939.0,13079.0,10708343.0
2025-02-20,229200,13059.0,13173.0,12860.0,12904.0,9251190.0
2025-02-21,229200,12895.0,13079.0,12865.0,13049.0,5855806.0
2025-02-24,229200,12924.0,13099.0,12870.0,13099.0,6172367.0
2025-02-25,229200,12919.0,13104.0,12895.0,13019.0,4394940.0
2025-02-26,229200,12989.0,13123.0,12934.0,13029.0,5128953.0
2025-02-27,229200,13079.0,13208.0,13044.0,13123.0,9124741.0
2025-02-28,229200,12909.0,12929.0,12541.0,12576.0,11820343.0
2025-03-04,229200,12491.0,12526.0,12342.0,12516.0,9890581.0
2025-03-05,229200,12641.0,12740.0,12511.0,12606.0,10813689.0
2025-03-06,229200,12690.0,12690.0,12272.0,12327.0,11974136.0
2025-03-07,229200,12243.0,12402.0,12158.0,12193.0,11047834.0
2025-03-10,229200,12133.0,12297.0,11956.0,12128.0,8548667.0
2025-03-11,229200,11834.0,12053.0,11730.0,12053.0,8686549.0
2025-03-12,229200,12029.0,12238.0,12009.0,12123.0,7234247.0
2025-03-13,229200,12218.0,12277.0,11989.0,11994.0,6764099.0
2025-03-14,229200,12029.0,12287.0,12004.0,12188.0,8229753.0
2025-03-17,229200,12302.0,12486.0,12193.0,12486.0,8694900.0
2025-03-18,229200,12571.0,12591.0,12437.0,12536.0,9419505.0
2025-03-19,229200,12476.0,12606.0,12347.0,12367.0,7053966.0
2025-03-20,229200,12481.0,12486.0,12053.0,12053.0,9856043.0
2025-03-21,229200,11854.0,11974.0,11775.0,11854.0,11449630.0
2025-03-24,229200,11924.0,12078.0,11864.0,11944.0,12491587.0
2025-03-25,229200,12009.0,12029.0,11745.0,11775.0,9041367.0
2025-03-26,229200,11859.0,11894.0,11615.0,11864.0,11180594.0
2025-03-27,229200,11735.0,11889.0,11675.0,11685.0,8266747.0
2025-03-28,229200,11720.0,11725.0,11416.0,11451.0,11801544.0
2025-03-31,229200,11262.0,11372.0,11068.0,11128.0,18872961.0
2025-04-01,229200,11212.0,11561.0,11173.0,11436.0,25457183.0
2025-04-02,229200,11436.0,11486.0,11197.0,11272.0,9525335.0
2025-04-03,229200,10949.0,11591.0,10929.0,11272.0,12572028.0
2025-04-04,229200,11158.0,11625.0,11098.0,11357.0,23174799.0
2025-04-07,229200,10874.0,11013.0,10685.0,10685.0,17736189.0
2025-04-08,229200,10949.0,11043.0,10779.0,10849.0,24741028.0
2025-04-09,229200,10774.0,10834.0,10446.0,10560.0,17111943.0
2025-04-10,229200,11192.0,11292.0,11028.0,11242.0,18743805.0
2025-04-11,229200,11068.0,11456.0,11048.0,11426.0,15884703.0
2025-04-14,229200,11496.0,11700.0,11466.0,11670.0,13072314.0
2025-04-15,229200,11630.0,11710.0,11516.0,11655.0,8238228.0
2025-04-16,229200,11601.0,11611.0,11332.0,11332.0,8636400.0
2025-04-17,229200,11401.0,11645.0,11401.0,11620.0,7193190.0
2025-04-18,229200,11625.0,11725.0,11531.0,11725.0,6988518.0
2025-04-21,229200,11690.0,11805.0,11591.0,11635.0,8712025.0
2025-04-22,229200,11591.0,11700.0,11566.0,11645.0,6933159.0
2025-04-23,229200,11815.0,11904.0,11750.0,11884.0,7791285.0
2025-04-24,229200,11869.0,11944.0,11790.0,11854.0,7235178.0
2025-04-25,229200,11914.0,11984.0,11854.0,11854.0,7857834.0
2025-04-28,229200,11869.0,11929.0,11625.0,11685.0,12280385.0
2025-04-29,229200,11750.0,11880.0,11720.0,11785.0,7200783.0
2025-04-30,229200,11785.0,11840.0,11555.0,11630.0,11085244.0
2025-05-02,229200,11605.0,11845.0,11550.0,11780.0,8800583.0
2025-05-07,229200,11850.0,11850.0,11590.0,11685.0,8191903.0
2025-05-08,229200,11735.0,11840.0,11705.0,11800.0,9464962.0
2025-05-09,229200,11800.0,11815.0,11570.0,11640.0,7720681.0
2025-05-12,229200,11665.0,11680.0,11505.0,11655.0,10197552.0
2025-05-13,229200,11765.0,11910.0,11755.0,11770.0,8546963.0
2025-05-14,229200,11760.0,11890.0,11605.0,11850.0,11003507.0
2025-05-15,229200,11760.0,11870.0,11740.0,11755.0,9286545.0
2025-05-16,229200,11785.0,11785.0,11557.0,11610.0,6963506.0
2025-05-19,229200,11500.0,11550.0,11316.0,11435.0,10137921.0
2025-05-20,229200,11545.0,11625.0,11376.0,11391.0,8619490.0
2025-05-21,229200,11475.0,11640.0,11460.0,11530.0,8244333.0
2025-05-22,229200,11490.0,11540.0,11391.0,11510.0,8150511.0
2025-05-23,229200,11570.0,11570.0,11415.0,11475.0,7106571.0
2025-05-26,229200,11560.0,11745.0,11540.0,11645.0,8487750.0
2025-05-27,229200,11675.0,11735.0,11595.0,11735.0,5653976.0
2025-05-28,229200,11780.0,11900.0,11750.0,11775.0,9729423.0
2025-05-29,229200,11890.0,11935.0,11825.0,11895.0,7626251.0
2025-05-30,229200,11845.0,11970.0,11815.0,11890.0,6074867.0
2025-06-02,229200,11865.0,12055.0,11845.0,12005.0,7188844.0
2025-06-04,229200,12110.0,12210.0,12065.0,12090.0,10258412.0
2025-06-05,229200,12095.0,12344.0,12085.0,12155.0,10610543.0
2025-06-09,229200,12249.0,12354.0,12185.0,12309.0,8962624.0
2025-06-10,229200,12399.0,12534.0,12289.0,12504.0,11206071.0
2025-06-11,229200,12594.0,12879.0,12579.0,12819.0,13777376.0
2025-06-12,229200,12829.0,12994.0,12819.0,12839.0,9876421.0
2025-06-13,229200,12909.0,12924.0,12304.0,12454.0,16094824.0
2025-06-16,229200,12494.0,12624.0,12389.0,12549.0,11039704.0
2025-06-17,229200,12559.0,12744.0,12354.0,12489.0,10713929.0
2025-06-18,229200,12394.0,12649.0,12384.0,12519.0,8462022.0
2025-06-19,229200,12614.0,12614.0,12424.0,12589.0,7483811.0
2025-06-20,229200,12599.0,12814.0,12524.0,12779.0,10697406.0
2025-06-23,229200,12594.0,12624.0,12454.0,12624.0,11900361.0
2025-06-24,229200,12854.0,12994.0,12839.0,12904.0,9472490.0
2025-06-25,229200,12979.0,12979.0,12774.0,12869.0,7747222.0
2025-06-26,229200,12899.0,12919.0,12574.0,12714.0,12886549.0
2025-06-27,229200,12734.0,12774.0,12539.0,12634.0,10658038.0
2025-06-30,229200,12659.0,12699.0,12554.0,12634.0,7112983.0
2025-07-01,229200,12639.0,12724.0,12579.0,12579.0,7418582.0
2025-07-02,229200,12589.0,12704.0,12429.0,12664.0,9916195.0
2025-07-03,229200,12709.0,12939.0,12664.0,12889.0,10575557.0
2025-07-04,229200,12879.0,12894.0,12509.0,12509.0,11626353.0
2025-07-07,229200,12484.0,12654.0,12409.0,12629.0,12321315.0
2025-07-08,229200,12629.0,12709.0,12534.0,12699.0,8984422.0
2025-07-09,229200,12659.0,12804.0,12659.0,12769.0,10606048.0
2025-07-10,229200,12809.0,12984.0,12784.0,12969.0,14198844.0
2025-07-11,229200,12974.0,13118.0,12961.0,12999.0,11637150.0
2025-07-14,229200,13058.0,13098.0,12914.0,13009.0,7518550.0
2025-07-15,229200,12989.0,13318.0,12954.0,13318.0,14442416.0
2025-07-16,229200,13248.0,13383.0,13188.0,13348.0,11051484.0
2025-07-17,229200,13388.0,13568.0,13288.0,13568.0,11053850.0
2025-07-18,229200,13638.0,13743.0,13578.0,13688.0,12372086.0
2025-07-21,229200,13648.0,13743.0,13603.0,13653.0,7390052.0
2025-07-22,229200,13688.0,13823.0,13393.0,13478.0,12148158.0
2025-07-23,229200,13548.0,13573.0,13318.0,13538.0,9157736.0
2025-07-24,229200,13583.0,13703.0,13488.0,13518.0,9757411.0
2025-07-25,229200,13473.0,13538.0,13413.0,13423.0,6531202.0
2025-07-28,229200,13488.0,13538.0,13318.0,13448.0,9607407.0
2025-07-29,229200,13428.0,13463.0,13263.0,13393.0,8990136.0
2025-07-30,229200,13378.0,13523.0,13353.0,13368.0,6662877.0
2025-07-31,229200,13438.0,13468.0,13243.0,13428.0,10553330.0
2025-08-01,229200,13213.0,13213.0,12779.0,12779.0,11746431.0
2025-08-04,229200,12819.0,13088.0,12769.0,12989.0,9223848.0
2025-08-05,229200,13153.0,13373.0,13143.0,13293.0,9255899.0
2025-08-06,229200,13193.0,13383.0,13148.0,13378.0,7596967.0
2025-08-07,229200,13403.0,13408.0,13298.0,13358.0,5857319.0
2025-08-08,229200,13383.0,13503.0,13368.0,13423.0,7427468.0
2025-08-11,229200,13433.0,13543.0,13338.0,13513.0,8901048.0
2025-08-12,229200,13553.0,13673.0,13418.0,13433.0,7799856.0
2025-08-13,229200,13608.0,13648.0,13433.0,13648.0,7730534.0
2025-08-14,229200,13678.0,13703.0,13588.0,13693.0,9500000.0
2025-08-18,229200,13598.0,13693.0,13338.0,13338.0,8200535.0
2025-08-19,229200,13398.0,13408.0,13138.0,13183.0,9032451.0
2025-08-20,229200,13048.0,13103.0,12879.0,13073.0,9355340.0
2025-08-21,229200,13078.0,13203.0,12964.0,13004.0,8127070.0
2025-08-22,229200,13048.0,13163.0,12979.0,13088.0,11437974.0
2025-08-25,229200,13268.0,13393.0,13238.0,13358.0,7797319.0
2025-08-26,229200,13298.0,13463.0,13263.0,13443.0,9367299.0
2025-08-27,229200,13418.0,13463.0,13340.0,13428.0,7805317.0
2025-08-28,229200,13348.0,13398.0,13258.0,13318.0,7726418.0
2025-08-29,229200,13373.0,13453.0,13203.0,13243.0,7222774.0
2025-09-01,229200,13218.0,13313.0,13044.0,13118.0,6030076.0
2025-09-02,229200,13188.0,13278.0,13068.0,13253.0,6167168.0
2025-09-03,229200,13218.0,13278.0,13103.0,13268.0,7721114.0
2025-09-04,229200,13298.0,13443.0,13278.0,13378.0,7319700.0
2025-09-05,229200,13488.0,13548.0,13408.0,13523.0,8604666.0
2025-09-08,229200,13633.0,13668.0,13528.0,13658.0,8315493.0
2025-09-09,229200,13678.0,13738.0,13573.0,13708.0,8947458.0
2025-09-10,229200,13753.0,13853.0,13748.0,13838.0,7682423.0
2025-09-11,229200,13853.0,13912.0,13753.0,13818.0,8647517.0
2025-09-12,229200,13917.0,14117.0,13907.0,14087.0,9760261.0
2025-09-15,229200,14147.0,14202.0,14007.0,14157.0,11140974.0
2025-09-16,229200,14192.0,14212.0,14112.0,14172.0,8745602.0
2025-09-17,229200,14107.0,14142.0,13987.0,14022.0,8713293.0
2025-09-18,229200,14162.0,14217.0,14092.0,14187.0,6391871.0
2025-09-19,229200,14187.0,14292.0,14117.0,14282.0,12623974.0
2025-09-22,229200,14437.0,14632.0,14352.0,14592.0,11898001.0
2025-09-23,229200,14642.0,14657.0,14367.0,14502.0,11324809.0
2025-09-24,229200,14482.0,14507.0,14052.0,14242.0,12866065.0
2025-09-25,229200,14172.0,14267.0,14007.0,14092.0,10343148.0
2025-09-26,229200,13957.0,13967.0,13703.0,13823.0,10319052.0
2025-09-29,229200,13912.0,14047.0,13848.0,14012.0,6262260.0
2025-09-30,229200,13992.0,14027.0,13902.0,13932.0,8875929.0
2025-10-01,229200,13972.0,14082.0,13947.0,13967.0,4728998.0
2025-10-02,229200,14172.0,14192.0,14057.0,14092.0,8212926.0
2025-10-10,229200,14227.0,14262.0,14012.0,14162.0,9710991.0
2025-10-13,229200,13887.0,14214.0,13808.0,14157.0,7799530.0
2025-10-14,229200,14207.0,14382.0,13778.0,13922.0,11450350.0
2025-10-15,229200,14047.0,14147.0,13927.0,14117.0,9120640.0
2025-10-16,229200,14152.0,14242.0,14072.0,14202.0,8768697.0
2025-10-17,229200,14127.0,14557.0,14107.0,14282.0,10612797.0
2025-10-20,229200,14422.0,14711.0,14342.0,14632.0,10076897.0
2025-10-21,229200,14751.0,14811.0,14502.0,14607.0,10591696.0
2025-10-22,229200,14607.0,14756.0,14542.0,14751.0,8939577.0
2025-10-23,229200,14637.0,14766.0,14527.0,14602.0,8818845.0
2025-10-24,229200,14741.0,14896.0,14696.0,14826.0,7801958.0
2025-10-27,229200,14991.0,15376.0,14931.0,15376.0,17069108.0
2025-10-28,229200,15356.0,15421.0,15221.0,15401.0,9498137.0
2025-10-29,229200,15456.0,15471.0,15191.0,15306.0,9633004.0
2025-10-30,229200,15366.0,15451.0,15016.0,15206.0,9649838.0
2025-10-31,229200,15226.0,15446.0,15196.0,15346.0,6977976.0
2025-11-03,229200,15495.0,15710.0,15351.0,15710.0,9870979.0
2025-11-04,229200,15790.0,16255.0,15735.0,16090.0,20263594.0
2025-11-05,229200,16020.0,16020.0,15091.0,15615.0,19031629.0
2025-11-06,229200,15835.0,15950.0,15396.0,15600.0,12833219.0
2025-11-07,229200,15351.0,15510.0,14951.0,15166.0,13034275.0
2025-11-10,229200,15251.0,15336.0,15026.0,15301.0,12124671.0
2025-11-11,229200,15351.0,15555.0,15041.0,15196.0,11883539.0
2025-11-12,229200,15341.0,15755.0,15281.0,15755.0,8697738.0
2025-11-13,229200,15790.0,16065.0,15695.0,16065.0,11624325.0
2025-11-14,229200,15705.0,15915.0,15620.0,15685.0,10526773.0
2025-11-17,229200,15780.0,15850.0,15655.0,15780.0,7921569.0
2025-11-18,229200,15735.0,15805.0,15271.0,15416.0,11145216.0
2025-11-19,229200,15421.0,15466.0,14891.0,15206.0,10321097.0
2025-11-20,229200,15451.0,15715.0,15421.0,15610.0,7814805.0
2025-11-21,229200,15166.0,15231.0,14996.0,15066.0,10506097.0
2025-11-24,229200,15211.0,15226.0,14726.0,14821.0,10705736.0
2025-11-25,229200,14996.0,15071.0,14681.0,14756.0,8805807.0
2025-11-26,229200,14916.0,15191.0,14836.0,15146.0,6359755.0
2025-11-27,229200,15246.0,15281.0,15151.0,15181.0,8113585.0
2025-11-28,229200,15520.0,15880.0,15481.0,15880.0,14127832.0
2025-12-01,229200,16070.0,16354.0,16020.0,16115.0,21685311.0
2025-12-02,229200,16095.0,16160.0,15925.0,16130.0,13476864.0
2025-12-03,229200,16190.0,16245.0,16000.0,16110.0,10596707.0
2025-12-04,229200,16075.0,16215.0,15845.0,15980.0,12183193.0
2025-12-05,229200,15935.0,16000.0,15585.0,15720.0,14911551.0
2025-12-08,229200,15830.0,15930.0,15760.0,15930.0,8605649.0
2025-12-09,229200,15880.0,16030.0,15835.0,15945.0,7920155.0
2025-12-10,229200,15945.0,16095.0,15830.0,16035.0,6100426.0
2025-12-11,229200,16060.0,16105.0,15805.0,15900.0,8347693.0
2025-12-12,229200,15795.0,15950.0,15700.0,15805.0,7388683.0
2025-12-15,229200,15570.0,15805.0,15476.0,15790.0,5034951.0
2025-12-16,229200,15725.0,15725.0,15361.0,15361.0,8766322.0
2025-12-17,229200,15421.0,15471.0,15226.0,15306.0,8586767.0
2025-12-18,229200,15106.0,15191.0,14976.0,15031.0,10630292.0
2025-12-19,229200,15156.0,15471.0,14951.0,15246.0,10479664.0
2025-12-22,229200,15396.0,15486.0,15346.0,15426.0,11131542.0
2025-12-23,229200,15461.0,15500.0,15311.0,15331.0,8165221.0
2025-12-24,229200,15371.0,15376.0,15186.0,15221.0,6719961.0
2025-12-26,229200,15316.0,15426.0,15211.0,15361.0,11848940.0
2025-12-29,229200,15396.0,15600.0,15341.0,15560.0,8076593.0
2025-12-30,229200,15451.0,15525.0,15326.0,15411.0,5540265.0
2026-01-02,229200,15456.0,15820.0,15456.0,15800.0,8311732.0
2026-01-05,229200,15875.0,16030.0,15770.0,15975.0,12791681.0
2026-01-06,229200,16035.0,16110.0,15925.0,16040.0,10503086.0
2026-01-07,229200,16020.0,16060.0,15730.0,15890.0,9480069.0
2026-01-08,229200,15890.0,15985.0,15825.0,15875.0,11954218.0
2026-01-09,229200,15910.0,15920.0,15650.0,15895.0,8984686.0
2026-01-12,229200,15895.0,16080.0,15680.0,15835.0,9092607.0
2026-01-13,229200,15905.0,15935.0,15725.0,15850.0,7871026.0
2026-01-14,229200,15870.0,15875.0,15585.0,15680.0,11163529.0
2026-01-15,229200,15665.0,15820.0,15585.0,15820.0,8116346.0
2026-01-16,229200,15790.0,15975.0,15610.0,15950.0,13497682.0
2026-01-19,229200,15850.0,16120.0,15810.0,16110.0,9961198.0
2026-01-20,229200,16175.0,16474.0,15930.0,16200.0,15464210.0
2026-01-21,229200,15865.0,15955.0,15166.0,15421.0,25280336.0
2026-01-22,229200,15630.0,15895.0,15530.0,15860.0,26909808.0
2026-01-23,229200,15995.0,16549.0,15945.0,16549.0,27740442.0
2026-01-26,229200,16919.0,18412.0,16599.0,18412.0,126765215.0
2026-01-27,229200,18202.0,19091.0,18147.0,18881.0,104537510.0
2026-01-28,229200,19131.0,20325.0,19081.0,20295.0,120035083.0
2026-01-29,229200,20864.0,21223.0,19640.0,20889.0,158963496.0
2026-01-30,229200,20814.0,21363.0,20474.0,20474.0,130470122.0
2026-02-02,229200,20020.0,20489.0,19141.0,19271.0,112533112.0
2026-02-03,229200,20125.0,20125.0,19650.0,20120.0,70214980.0
2026-02-04,229200,19970.0,20424.0,19790.0,20015.0,68946491.0
2026-02-05,229200,19675.0,19965.0,19056.0,19151.0,43918290.0
2026-02-06,229200,18487.0,18851.0,18077.0,18507.0,53578490.0
2026-02-09,229200,19151.0,19690.0,18991.0,19561.0,45368613.0
2026-02-10,229200,19575.0,19840.0,19086.0,19086.0,35412774.0
2026-02-11,229200,19236.0,19406.0,19036.0,19061.0,31167583.0
2026-02-12,229200,19146.0,19391.0,18926.0,19321.0,25084794.0
2026-02-13,229200,19071.0,19216.0,18841.0,18931.0,33631740.0
2026-02-19,229200,19326.0,20439.0,19096.0,20320.0,64711466.0
2026-02-20,229200,20375.0,20419.0,19985.0,20200.0,39948564.0
2026-02-23,229200,20484.0,20594.0,19790.0,19940.0,49166991.0
2026-02-24,229200,20115.0,20245.0,19850.0,20120.0,27991332.0
2026-02-25,229200,20305.0,20315.0,19975.0,20135.0,35521460.0
2026-02-26,229200,20325.0,21014.0,20060.0,20989.0,60812474.0
2026-02-27,229200,20574.0,21303.0,20519.0,21074.0,52831591.0
2026-03-03,229200,20714.0,21698.0,19975.0,19975.0,94468587.0
2026-03-04,229200,19466.0,19750.0,17034.0,17039.0,126220005.0
2026-03-05,229200,18517.0,20814.0,18432.0,19551.0,132669493.0
2026-03-06,229200,19685.0,20664.0,19321.0,20504.0,63886491.0
2026-03-09,229200,19376.0,19920.0,19051.0,19785.0,68870620.0
2026-03-10,229200,20844.0,20864.0,19865.0,20055.0,58551317.0
2026-03-11,229200,20375.0,20489.0,19451.0,19655.0,45675117.0
2026-03-12,229200,19491.0,19900.0,19381.0,19750.0,27708708.0
2026-03-13,229200,19276.0,20035.0,19246.0,19900.0,26352714.0
2026-03-16,229200,19895.0,20040.0,19326.0,19615.0,26209095.0
2026-03-17,229200,19950.0,20140.0,19615.0,19625.0,22071657.0
2026-03-18,229200,19975.0,20240.0,19890.0,20180.0,26347824.0
2026-03-19,229200,19675.0,19990.0,19650.0,19760.0,23786112.0
2026-03-20,229200,19980.0,20230.0,19795.0,20065.0,24026737.0
2026-03-23,229200,19456.0,19511.0,18861.0,18986.0,39356279.0
2026-03-24,229200,19640.0,19665.0,18986.0,19386.0,29598175.0
2026-03-25,229200,19765.0,20165.0,19695.0,20075.0,25750987.0
2026-03-26,229200,20285.0,20434.0,19635.0,19725.0,34594035.0
2026-03-27,229200,19326.0,19870.0,19026.0,19805.0,24307082.0
2026-03-30,229200,19016.0,19331.0,18951.0,19196.0,22918088.0
2026-03-31,229200,18991.0,19076.0,17982.0,18132.0,39054217.0
2026-04-01,229200,18851.0,19416.0,18756.0,19196.0,38434268.0
2026-04-02,229200,19466.0,19486.0,17663.0,18037.0,43486033.0
2026-04-03,229200,18392.0,18477.0,17868.0,18057.0,25058341.0
2026-04-06,229200,18092.0,18407.0,17788.0,17793.0,19930121.0
2026-04-07,229200,17913.0,18362.0,17568.0,17723.0,17141813.0
2026-04-08,229200,18677.0,18836.0,18422.0,18687.0,21130732.0
2026-04-09,229200,18687.0,18747.0,18222.0,18392.0,22883067.0
2026-04-10,229200,18642.0,18677.0,18437.0,18552.0,16486042.0
2026-04-13,229200,18202.0,18587.0,18152.0,18517.0,17676926.0
2026-04-14,229200,18906.0,18926.0,18632.0,18702.0,14441990.0
2026-04-15,229200,19026.0,19471.0,18946.0,19391.0,22571455.0
2026-04-16,229200,19630.0,19665.0,19426.0,19526.0,18630290.0
2026-04-17,229200,19625.0,19625.0,19351.0,19526.0,15735152.0
2026-04-20,229200,19566.0,19940.0,19376.0,19675.0,22142353.0
2026-04-21,229200,19915.0,19925.0,19735.0,19875.0,18420333.0
2026-04-22,229200,19930.0,19940.0,19416.0,19845.0,23824475.0
2026-04-23,229200,20025.0,20025.0,19296.0,19690.0,25967738.0
2026-04-24,229200,19720.0,20275.0,19600.0,20270.0,24665377.0
2026-04-27,229200,20429.0,20764.0,20325.0,20644.0,34202229.0
2026-04-28,229200,20564.0,20614.0,20225.0,20389.0,31249685.0
2026-04-29,229200,20360.0,20590.0,20210.0,20490.0,19942843.0
2026-04-30,229200,20485.0,20500.0,19800.0,19855.0,25146380.0
2026-05-04,229200,20125.0,20390.0,20105.0,20175.0,15015109.0
2026-05-06,229200,20365.0,20380.0,19920.0,20235.0,30057142.0
2026-05-07,229200,20300.0,20585.0,20040.0,20050.0,26398107.0
2026-05-08,229200,20080.0,20310.0,19912.0,20125.0,20196036.0
2026-05-11,229200,20170.0,20210.0,19760.0,20060.0,32926711.0
2026-05-12,229200,20130.0,20510.0,18920.0,19535.0,42413995.0
2026-05-13,229200,19580.0,19720.0,19065.0,19540.0,31723573.0
2026-05-14,229200,19755.0,19910.0,19320.0,19910.0,24338728.0
2026-05-15,229200,20045.0,20050.0,18445.0,18975.0,35700684.0
2026-05-18,229200,18775.0,18805.0,17865.0,18490.0,33700934.0
2026-05-19,229200,18640.0,19000.0,17765.0,18140.0,23801739.0
2026-05-20,229200,18020.0,18075.0,17335.0,17590.0,32976105.0
2026-05-21,229200,18055.0,18870.0,18025.0,18595.0,21171171.0
2026-05-22,229200,18985.0,20095.0,18900.0,19780.0,33925088.0
2026-05-26,229200,20400.0,20800.0,19960.0,19995.0,31011970.0
2026-05-27,229200,20085.0,20295.0,19390.0,19465.0,25116723.0
2026-05-28,229200,19630.0,19685.0,18450.0,19120.0,26201010.0
2026-05-29,229200,19350.0,19355.0,18425.0,18730.0,31730935.0
2026-06-01,229200,18725.0,19040.0,18330.0,18410.0,45055772.0
2026-06-02,229200,18350.0,18650.0,17760.0,17955.0,54103322.0
2026-06-04,229200,18105.0,18890.0,18105.0,18570.0,47731365.0
2026-06-05,229200,18045.0,18300.0,17490.0,17555.0,30580914.0
2026-06-08,229200,16225.0,16725.0,15610.0,15790.0,48721859.0
2026-06-09,229200,16140.0,17260.0,16140.0,16760.0,50766912.0
2026-06-10,229200,16520.0,17355.0,16195.0,16560.0,33065355.0
2026-06-11,229200,16345.0,17645.0,15930.0,17635.0,24599920.0
2026-06-12,229200,18360.0,18697.0,17920.0,18015.0,35357752.0
2026-06-15,229200,18520.0,18720.0,18070.0,18295.0,15953181.0
2026-06-16,229200,18300.0,18305.0,17750.0,17760.0,22126105.0
2026-06-17,229200,17930.0,18380.0,17695.0,18215.0,21521621.0
2026-06-18,229200,18135.0,18250.0,17600.0,17650.0,19545700.0
2026-06-19,229200,17670.0,17725.0,16725.0,16965.0,39444798.0
2026-06-22,229200,16800.0,17490.0,16750.0,17380.0,38144245.0
2026-06-23,229200,17235.0,17480.0,15890.0,15930.0,36670381.0
2026-06-24,229200,16105.0,16630.0,15845.0,16310.0,41282887.0
2026-06-25,229200,16495.0,16770.0,15870.0,15870.0,23980856.0
2026-06-26,229200,15865.0,16090.0,15085.0,15260.0,33024532.0
2026-06-29,229200,15545.0,16740.0,15490.0,16710.0,40647187.0
2026-06-30,229200,16700.0,16980.0,16365.0,16565.0,32404429.0
2026-07-01,229200,16600.0,17400.0,16240.0,16625.0,27274764.0
2026-07-02,229200,16135.0,16165.0,15300.0,15480.0,31880046.0
2026-07-03,229200,15520.0,15600.0,14460.0,15230.0,45746898.0
2026-07-06,229200,15225.0,15365.0,14390.0,14730.0,33464699.0
2026-07-07,229200,14695.0,15300.0,14140.0,14535.0,33225529.0
2026-07-08,229200,14205.0,14360.0,13435.0,13565.0,44622523.0
2026-07-09,229200,13630.0,14365.0,13485.0,13770.0,50972699.0
2026-07-10,229200,13800.0,14685.0,13745.0,14420.0,29742727.0
2026-07-13,229200,14510.0,15080.0,13705.0,13800.0,48654336.0
2026-07-14,229200,13785.0,13895.0,12710.0,13410.0,54270287.0
2026-07-15,229200,13870.0,14405.0,13845.0,14345.0,29735455.0
2026-07-16,229200,14010.0,14075.0,13460.0,13580.0,30998916.0
2025-01-15,252670,2375.0,2415.0,2335.0,2400.0,85585679.0
2025-01-16,252670,2330.0,2355.0,2315.0,2340.0,80861054.0
2025-01-17,252670,2355.0,2370.0,2330.0,2345.0,75124205.0
2025-01-20,252670,2325.0,2365.0,2320.0,2350.0,61685505.0
2025-01-21,252670,2325.0,2380.0,2285.0,2345.0,127313574.0
2025-01-22,252670,2310.0,2340.0,2275.0,2290.0,114148363.0
2025-01-23,252670,2295.0,2350.0,2295.0,2345.0,120249256.0
2025-01-24,252670,2330.0,2345.0,2295.0,2315.0,129952949.0
2025-01-31,252670,2375.0,2410.0,2355.0,2365.0,123118656.0
2025-02-03,252670,2465.0,2535.0,2465.0,2500.0,134213986.0
2025-02-04,252670,2435.0,2455.0,2360.0,2435.0,185063421.0
2025-02-05,252670,2380.0,2395.0,2350.0,2375.0,140148655.0
2025-02-06,252670,2340.0,2365.0,2325.0,2325.0,101827081.0
2025-02-07,252670,2330.0,2370.0,2320.0,2360.0,93220913.0
2025-02-10,252670,2390.0,2410.0,2340.0,2350.0,141167605.0
2025-02-11,252670,2330.0,2345.0,2290.0,2315.0,117104927.0
2025-02-12,252670,2330.0,2355.0,2305.0,2315.0,112820599.0
2025-02-13,252670,2295.0,2300.0,2260.0,2265.0,114227838.0
2025-02-14,252670,2250.0,2260.0,2215.0,2235.0,126877664.0
2025-02-17,252670,2225.0,2235.0,2200.0,2205.0,69157480.0
2025-02-18,252670,2205.0,2215.0,2165.0,2175.0,102387302.0
2025-02-19,252670,2160.0,2160.0,2065.0,2090.0,183050062.0
2025-02-20,252670,2095.0,2130.0,2090.0,2120.0,109042386.0
2025-02-21,252670,2115.0,2150.0,2110.0,2120.0,119437065.0
2025-02-24,252670,2155.0,2175.0,2145.0,2150.0,105742164.0
2025-02-25,252670,2195.0,2205.0,2150.0,2165.0,132500721.0
2025-02-26,252670,2170.0,2195.0,2130.0,2145.0,93085006.0
2025-02-27,252670,2145.0,2190.0,2140.0,2170.0,83398438.0
2025-02-28,252670,2235.0,2330.0,2230.0,2315.0,162504405.0
2025-03-04,252670,2345.0,2365.0,2295.0,2325.0,136494310.0
2025-03-05,252670,2290.0,2335.0,2265.0,2290.0,98843176.0
2025-03-06,252670,2270.0,2280.0,2230.0,2250.0,95788201.0
2025-03-07,252670,2290.0,2315.0,2245.0,2265.0,129256360.0
2025-03-10,252670,2290.0,2305.0,2240.0,2255.0,92378088.0
2025-03-11,252670,2370.0,2380.0,2295.0,2305.0,183488062.0
2025-03-12,252670,2295.0,2315.0,2220.0,2230.0,130249128.0
2025-03-13,252670,2200.0,2260.0,2180.0,2255.0,108134330.0
2025-03-14,252670,2250.0,2260.0,2215.0,2225.0,89396301.0
2025-03-17,252670,2190.0,2195.0,2130.0,2145.0,127077104.0
2025-03-18,252670,2090.0,2140.0,2070.0,2130.0,109467730.0
2025-03-19,252670,2130.0,2130.0,2065.0,2090.0,143008530.0
2025-03-20,252670,2060.0,2085.0,2045.0,2060.0,103493426.0
2025-03-21,252670,2075.0,2085.0,2035.0,2045.0,119575592.0
2025-03-24,252670,2060.0,2075.0,2030.0,2060.0,84718837.0
2025-03-25,252670,2035.0,2090.0,2030.0,2080.0,96244998.0
2025-03-26,252670,2065.0,2080.0,2027.0,2040.0,108610101.0
2025-03-27,252670,2080.0,2100.0,2055.0,2095.0,144793467.0
2025-03-28,252670,2115.0,2185.0,2110.0,2165.0,127323325.0
2025-03-31,252670,2245.0,2305.0,2240.0,2290.0,131660624.0
2025-04-01,252670,2250.0,2280.0,2200.0,2220.0,205069187.0
2025-04-02,252670,2215.0,2265.0,2207.0,2250.0,118768638.0
2025-04-03,252670,2390.0,2395.0,2295.0,2310.0,182968058.0
2025-04-04,252670,2370.0,2405.0,2265.0,2345.0,342306762.0
2025-04-07,252670,2520.0,2645.0,2510.0,2625.0,217997826.0
2025-04-08,252670,2505.0,2645.0,2505.0,2625.0,213633093.0
2025-04-09,252670,2630.0,2745.0,2620.0,2715.0,226410124.0
2025-04-10,252670,2420.0,2470.0,2370.0,2370.0,182188435.0
2025-04-11,252670,2440.0,2465.0,2385.0,2385.0,153231384.0
2025-04-14,252670,2370.0,2370.0,2320.0,2350.0,90669213.0
2025-04-15,252670,2345.0,2345.0,2295.0,2305.0,99773637.0
2025-04-16,252670,2325.0,2385.0,2317.0,2380.0,98182169.0
2025-04-17,252670,2365.0,2380.0,2320.0,2330.0,111099139.0
2025-04-18,252670,2325.0,2345.0,2300.0,2300.0,66102145.0
2025-04-21,252670,2300.0,2315.0,2270.0,2295.0,95181870.0
2025-04-22,252670,2310.0,2320.0,2285.0,2310.0,88590691.0
2025-04-23,252670,2230.0,2260.0,2220.0,2220.0,105206507.0
2025-04-24,252670,2220.0,2265.0,2215.0,2235.0,82873947.0
2025-04-25,252670,2190.0,2205.0,2165.0,2185.0,125809052.0
2025-04-28,252670,2185.0,2195.0,2165.0,2185.0,88843787.0
2025-04-29,252670,2180.0,2190.0,2130.0,2160.0,113976179.0
2025-04-30,252670,2170.0,2190.0,2140.0,2165.0,95938844.0
2025-05-02,252670,2165.0,2200.0,2145.0,2160.0,110818600.0
2025-05-07,252670,2120.0,2160.0,2105.0,2130.0,78126681.0
2025-05-08,252670,2125.0,2130.0,2100.0,2125.0,94324368.0
2025-05-09,252670,2125.0,2145.0,2110.0,2125.0,82469709.0
2025-05-12,252670,2095.0,2110.0,2065.0,2070.0,89552580.0
2025-05-13,252670,2050.0,2070.0,2030.0,2060.0,90226561.0
2025-05-14,252670,2025.0,2035.0,1986.0,2005.0,147486525.0
2025-05-15,252670,2015.0,2040.0,1996.0,2035.0,95715887.0
2025-05-16,252670,2020.0,2035.0,2007.0,2020.0,72353662.0
2025-05-19,252670,2045.0,2085.0,2035.0,2070.0,109155177.0
2025-05-20,252670,2030.0,2065.0,2020.0,2060.0,83462275.0
2025-05-21,252670,2040.0,2045.0,2010.0,2035.0,111206072.0
2025-05-22,252670,2055.0,2100.0,2050.0,2090.0,113814794.0
2025-05-23,252670,2075.0,2090.0,2065.0,2080.0,89273077.0
2025-05-26,252670,2075.0,2080.0,2010.0,2015.0,118446594.0
2025-05-27,252670,2030.0,2035.0,2000.0,2005.0,75112687.0
2025-05-28,252670,1995.0,1999.0,1913.0,1949.0,246978576.0
2025-05-29,252670,1909.0,1923.0,1871.0,1873.0,237886216.0
2025-05-30,252670,1889.0,1917.0,1877.0,1913.0,167848169.0
2025-06-02,252670,1924.0,1932.0,1876.0,1914.0,181814907.0
2025-06-04,252670,1859.0,1861.0,1802.0,1806.0,201143438.0
2025-06-05,252670,1776.0,1780.0,1704.0,1738.0,332189524.0
2025-06-09,252670,1690.0,1698.0,1660.0,1682.0,311209174.0
2025-06-10,252670,1664.0,1692.0,1645.0,1665.0,313219366.0
2025-06-11,252670,1644.0,1653.0,1617.0,1619.0,288695302.0
2025-06-12,252670,1623.0,1624.0,1592.0,1614.0,302841726.0
2025-06-13,252670,1602.0,1659.0,1598.0,1641.0,444773172.0
2025-06-16,252670,1627.0,1652.0,1579.0,1583.0,319491766.0
2025-06-17,252670,1570.0,1595.0,1514.0,1573.0,480729812.0
2025-06-18,252670,1597.0,1604.0,1534.0,1547.0,293090147.0
2025-06-19,252670,1527.0,1569.0,1519.0,1543.0,245081010.0
2025-06-20,252670,1531.0,1547.0,1498.0,1499.0,329200050.0
2025-06-23,252670,1525.0,1556.0,1499.0,1504.0,312903801.0
2025-06-24,252670,1452.0,1454.0,1402.0,1403.0,444745819.0
2025-06-25,252670,1383.0,1421.0,1374.0,1393.0,340247733.0
2025-06-26,252670,1394.0,1457.0,1389.0,1422.0,415644407.0
2025-06-27,252670,1421.0,1449.0,1404.0,1436.0,324697503.0
2025-06-30,252670,1419.0,1432.0,1405.0,1420.0,253874597.0
2025-07-01,252670,1406.0,1413.0,1363.0,1413.0,396951511.0
2025-07-02,252670,1418.0,1460.0,1409.0,1425.0,365335223.0
2025-07-03,252670,1408.0,1415.0,1379.0,1380.0,364588915.0
2025-07-04,252670,1372.0,1435.0,1368.0,1435.0,413030186.0
2025-07-07,252670,1453.0,1462.0,1419.0,1429.0,316019733.0
2025-07-08,252670,1422.0,1424.0,1373.0,1376.0,381398410.0
2025-07-09,252670,1375.0,1390.0,1363.0,1369.0,322937498.0
2025-07-10,252670,1362.0,1374.0,1332.0,1332.0,422774092.0
2025-07-11,252670,1330.0,1337.0,1294.0,1331.0,418916545.0
2025-07-14,252670,1338.0,1340.0,1304.0,1307.0,351129875.0
2025-07-15,252670,1315.0,1326.0,1291.0,1291.0,401683332.0
2025-07-16,252670,1300.0,1325.0,1298.0,1317.0,294109547.0
2025-07-17,252670,1305.0,1347.0,1305.0,1310.0,407330440.0
2025-07-18,252670,1305.0,1328.0,1296.0,1313.0,281584689.0
2025-07-21,252670,1315.0,1315.0,1289.0,1294.0,221336905.0
2025-07-22,252670,1294.0,1342.0,1286.0,1330.0,336128160.0
2025-07-23,252670,1315.0,1354.0,1305.0,1319.0,336095480.0
2025-07-24,252670,1300.0,1326.0,1275.0,1323.0,451506102.0
2025-07-25,252670,1329.0,1331.0,1305.0,1316.0,268517131.0
2025-07-28,252670,1290.0,1330.0,1285.0,1302.0,252169225.0
2025-07-29,252670,1315.0,1338.0,1281.0,1285.0,423984489.0
2025-07-30,252670,1286.0,1287.0,1247.0,1262.0,446249346.0
2025-07-31,252670,1244.0,1281.0,1234.0,1270.0,357125411.0
2025-08-01,252670,1307.0,1376.0,1301.0,1374.0,505318751.0
2025-08-04,252670,1380.0,1387.0,1335.0,1342.0,419257064.0
2025-08-05,252670,1313.0,1327.0,1290.0,1306.0,387299659.0
2025-08-06,252670,1323.0,1330.0,1306.0,1307.0,329681144.0
2025-08-07,252670,1292.0,1311.0,1285.0,1286.0,290189803.0
2025-08-08,252670,1285.0,1301.0,1276.0,1293.0,299198909.0
2025-08-11,252670,1287.0,1300.0,1283.0,1292.0,176298757.0
2025-08-12,252670,1295.0,1303.0,1259.0,1302.0,445161356.0
2025-08-13,252670,1277.0,1301.0,1271.0,1274.0,288353178.0
2025-08-14,252670,1267.0,1286.0,1260.0,1275.0,218237798.0
2025-08-18,252670,1287.0,1314.0,1287.0,1314.0,213187920.0
2025-08-19,252670,1305.0,1341.0,1305.0,1335.0,315556336.0
2025-08-20,252670,1354.0,1391.0,1348.0,1349.0,531008266.0
2025-08-21,252670,1343.0,1349.0,1322.0,1344.0,329231656.0
2025-08-22,252670,1329.0,1330.0,1308.0,1321.0,325873144.0
2025-08-25,252670,1297.0,1312.0,1289.0,1290.0,322274815.0
2025-08-26,252670,1297.0,1319.0,1295.0,1315.0,285581328.0
2025-08-27,252670,1313.0,1330.0,1308.0,1310.0,278908961.0
2025-08-28,252670,1320.0,1333.0,1285.0,1296.0,340938698.0
2025-08-29,252670,1289.0,1310.0,1284.0,1308.0,200960672.0
2025-09-01,252670,1331.0,1358.0,1320.0,1350.0,357986099.0
2025-09-02,252670,1346.0,1346.0,1319.0,1323.0,365143759.0
2025-09-03,252670,1323.0,1328.0,1307.0,1309.0,289942029.0
2025-09-04,252670,1311.0,1312.0,1290.0,1300.0,280161794.0
2025-09-05,252670,1290.0,1300.0,1281.0,1289.0,215164608.0
2025-09-08,252670,1286.0,1293.0,1278.0,1279.0,165742859.0
2025-09-09,252670,1273.0,1280.0,1243.0,1244.0,315195203.0
2025-09-10,252670,1236.0,1237.0,1190.0,1192.0,363256233.0
2025-09-11,252670,1178.0,1197.0,1168.0,1175.0,311518335.0
2025-09-12,252670,1146.0,1156.0,1124.0,1126.0,517472302.0
2025-09-15,252670,1113.0,1127.0,1102.0,1116.0,372545287.0
2025-09-16,252670,1113.0,1114.0,1075.0,1079.0,508155055.0
2025-09-17,252670,1090.0,1112.0,1089.0,1105.0,323337600.0
2025-09-18,252670,1090.0,1100.0,1065.0,1067.0,374714333.0
2025-09-19,252670,1063.0,1081.0,1058.0,1076.0,283131875.0
2025-09-22,252670,1063.0,1064.0,1042.0,1054.0,290076551.0
2025-09-23,252670,1037.0,1053.0,1032.0,1038.0,314498272.0
2025-09-24,252670,1038.0,1064.0,1031.0,1044.0,384496831.0
2025-09-25,252670,1056.0,1059.0,1039.0,1044.0,364366209.0
2025-09-26,252670,1063.0,1111.0,1063.0,1096.0,499405804.0
2025-09-29,252670,1077.0,1080.0,1057.0,1061.0,345436886.0
2025-09-30,252670,1061.0,1072.0,1056.0,1069.0,301574022.0
2025-10-01,252670,1058.0,1058.0,1041.0,1046.0,347255785.0
2025-10-02,252670,993.0,1002.0,961.0,980.0,728415600.0
2025-10-10,252670,940.0,958.0,923.0,932.0,543273637.0
2025-10-13,252670,971.0,987.0,950.0,950.0,525872090.0
2025-10-14,252670,940.0,985.0,914.0,971.0,849245150.0
2025-10-15,252670,959.0,963.0,914.0,916.0,510326930.0
2025-10-16,252670,913.0,913.0,868.0,868.0,720178104.0
2025-10-17,252670,877.0,880.0,839.0,864.0,856394261.0
2025-10-20,252670,848.0,876.0,831.0,831.0,626005867.0
2025-10-21,252670,816.0,834.0,793.0,829.0,955041572.0
2025-10-22,252670,833.0,849.0,809.0,809.0,710845172.0
2025-10-23,252670,832.0,839.0,800.0,826.0,814038757.0
2025-10-24,252670,805.0,811.0,780.0,783.0,718592586.0
2025-10-27,252670,755.0,761.0,739.0,740.0,793980922.0
2025-10-28,252670,752.0,770.0,750.0,754.0,752788260.0
2025-10-29,252670,738.0,758.0,723.0,723.0,817627964.0
2025-10-30,252670,710.0,725.0,696.0,719.0,1317028119.0
2025-10-31,252670,716.0,727.0,701.0,702.0,769322734.0
2025-11-03,252670,702.0,703.0,658.0,658.0,1092092214.0
2025-11-04,252670,661.0,697.0,657.0,697.0,1065614310.0
2025-11-05,252670,719.0,785.0,718.0,734.0,2129270899.0
2025-11-06,252670,698.0,745.0,693.0,726.0,1482949606.0
2025-11-07,252670,754.0,777.0,722.0,752.0,1787155468.0
2025-11-10,252670,734.0,741.0,696.0,706.0,1229610552.0
2025-11-11,252670,685.0,706.0,660.0,692.0,1630500839.0
2025-11-12,252670,695.0,702.0,674.0,678.0,994452736.0
2025-11-13,252670,687.0,689.0,665.0,669.0,781281879.0
2025-11-14,252670,709.0,731.0,703.0,731.0,1129977989.0
2025-11-17,252670,705.0,717.0,698.0,699.0,976556739.0
2025-11-18,252670,718.0,749.0,705.0,747.0,1118629148.0
2025-11-19,252670,740.0,787.0,740.0,757.0,1615535146.0
2025-11-20,252670,711.0,728.0,701.0,725.0,1206584275.0
2025-11-21,252670,784.0,794.0,775.0,786.0,1093304758.0
2025-11-24,252670,759.0,789.0,753.0,784.0,1158788653.0
2025-11-25,252670,740.0,787.0,737.0,776.0,1012704883.0
2025-11-26,252670,761.0,774.0,734.0,734.0,868048483.0
2025-11-27,252670,721.0,732.0,706.0,724.0,893601891.0
2025-11-28,252670,716.0,748.0,715.0,744.0,687780123.0
2025-12-01,252670,729.0,762.0,724.0,748.0,857187956.0
2025-12-02,252670,739.0,742.0,714.0,718.0,875424929.0
2025-12-03,252670,711.0,721.0,694.0,701.0,795941266.0
2025-12-04,252670,709.0,724.0,706.0,706.0,596276137.0
2025-12-05,252670,711.0,716.0,678.0,678.0,751947318.0
2025-12-08,252670,675.0,688.0,661.0,661.0,603053387.0
2025-12-09,252670,666.0,674.0,660.0,669.0,489905076.0
2025-12-10,252670,664.0,672.0,654.0,669.0,644699375.0
2025-12-11,252670,658.0,680.0,654.0,680.0,762853354.0
2025-12-12,252670,675.0,679.0,659.0,660.0,651829802.0
2025-12-15,252670,692.0,697.0,680.0,690.0,748039918.0
2025-12-16,252670,693.0,723.0,688.0,721.0,837563569.0
2025-12-17,252670,714.0,724.0,693.0,693.0,831224216.0
2025-12-18,252670,715.0,722.0,700.0,710.0,958910087.0
2025-12-19,252670,689.0,710.0,687.0,702.0,688980974.0
2025-12-22,252670,674.0,679.0,668.0,670.0,507079493.0
2025-12-23,252670,665.0,667.0,655.0,666.0,506960297.0
2025-12-24,252670,659.0,666.0,657.0,665.0,365079995.0
2025-12-26,252670,658.0,661.0,647.0,653.0,589520123.0
2025-12-29,252670,639.0,641.0,618.0,618.0,735374849.0
2025-12-30,252670,624.0,627.0,610.0,615.0,497572908.0
2026-01-02,252670,614.0,614.0,578.0,579.0,835730042.0
2026-01-05,252670,557.0,558.0,535.0,535.0,1086566866.0
2026-01-06,252670,540.0,552.0,517.0,517.0,1065523022.0
2026-01-07,252670,505.0,525.0,492.0,510.0,1497439546.0
2026-01-08,252670,518.0,519.0,490.0,512.0,1613839144.0
2026-01-09,252670,516.0,524.0,499.0,502.0,1324202600.0
2026-01-12,252670,491.0,509.0,487.0,496.0,1333010591.0
2026-01-13,252670,488.0,496.0,483.0,484.0,1138696492.0
2026-01-14,252670,487.0,489.0,478.0,478.0,1019847182.0
2026-01-15,252670,482.0,484.0,462.0,462.0,1372080591.0
2026-01-16,252670,457.0,463.0,448.0,452.0,1426744147.0
2026-01-19,252670,456.0,456.0,436.0,439.0,1430345493.0
2026-01-20,252670,441.0,457.0,436.0,447.0,1957438114.0
2026-01-21,252670,461.0,462.0,437.0,438.0,2490151834.0
2026-01-22,252670,421.0,433.0,415.0,430.0,2043158398.0
2026-01-23,252670,425.0,435.0,417.0,423.0,1689046347.0
2026-01-26,252670,423.0,433.0,417.0,432.0,1288273013.0
2026-01-27,252670,435.0,443.0,401.0,402.0,1831969074.0
2026-01-28,252670,392.0,397.0,384.0,387.0,2344412401.0
2026-01-29,252670,376.0,404.0,373.0,379.0,3174879233.0
2026-01-30,252670,385.0,386.0,362.0,377.0,3358075998.0
2026-02-02,252670,392.0,422.0,382.0,420.0,4802917858.0
2026-02-03,252670,389.0,391.0,354.0,354.0,3657728072.0
2026-02-04,252670,362.0,365.0,344.0,345.0,2686377393.0
2026-02-05,252670,364.0,380.0,356.0,375.0,3123286571.0
2026-02-06,252670,400.0,415.0,379.0,383.0,4469909984.0
2026-02-09,252670,347.0,355.0,345.0,351.0,1923764250.0
2026-02-10,252670,344.0,352.0,340.0,350.0,2243145236.0
2026-02-11,252670,352.0,358.0,340.0,345.0,1963579411.0
2026-02-12,252670,334.0,338.0,320.0,320.0,2347018439.0
2026-02-13,252670,322.0,325.0,310.0,320.0,3254134159.0
2026-02-19,252670,303.0,309.0,299.0,300.0,2266394863.0
2026-02-20,252670,299.0,301.0,286.0,286.0,2282134391.0
2026-02-23,252670,276.0,289.0,272.0,283.0,2879558061.0
2026-02-24,252670,283.0,290.0,268.0,268.0,2804028657.0
2026-02-25,252670,264.0,268.0,252.0,258.0,2950890851.0
2026-02-26,252670,255.0,256.0,234.0,235.0,4280935654.0
2026-02-27,252670,244.0,248.0,231.0,238.0,4554092077.0
2026-03-03,252670,249.0,277.0,245.0,277.0,5352417411.0
2026-03-04,252670,298.0,348.0,286.0,346.0,10096103226.0
2026-03-05,252670,264.0,290.0,258.0,279.0,10037433764.0
2026-03-06,252670,294.0,302.0,276.0,279.0,8119248171.0
2026-03-09,252670,319.0,334.0,310.0,314.0,6501033774.0
2026-03-10,252670,275.0,292.0,271.0,277.0,5009591150.0
2026-03-11,252670,264.0,276.0,256.0,271.0,4695962144.0
2026-03-12,252670,277.0,280.0,269.0,274.0,3535214845.0
2026-03-13,252670,294.0,296.0,279.0,284.0,4143943916.0
2026-03-16,252670,282.0,288.0,274.0,275.0,3496886208.0
2026-03-17,252670,257.0,266.0,256.0,265.0,2684997359.0
2026-03-18,252670,251.0,252.0,233.0,233.0,3168757999.0
2026-03-19,252670,249.0,251.0,239.0,249.0,3406346036.0
2026-03-20,252670,244.0,250.0,242.0,249.0,2063482967.0
2026-03-23,252670,269.0,285.0,267.0,283.0,4061960080.0
2026-03-24,252670,255.0,284.0,254.0,264.0,5835466192.0
2026-03-25,252670,253.0,260.0,245.0,257.0,3664335763.0
2026-03-26,252670,262.0,278.0,262.0,276.0,3611931510.0
2026-03-27,252670,293.0,302.0,276.0,278.0,5616204416.0
2026-03-30,252670,309.0,310.0,293.0,295.0,4043533886.0
2026-03-31,252670,315.0,323.0,300.0,321.0,5722316012.0
2026-04-01,252670,284.0,291.0,257.0,261.0,5334688829.0
2026-04-02,252670,255.0,297.0,253.0,289.0,8568412324.0
2026-04-03,252670,273.0,279.0,266.0,271.0,4846251826.0
2026-04-06,252670,267.0,268.0,256.0,263.0,4458598389.0
2026-04-07,252670,251.0,264.0,246.0,257.0,5340643770.0
2026-04-08,252670,219.0,227.0,211.0,217.0,5759855945.0
2026-04-09,252670,221.0,228.0,219.0,226.0,2855034068.0
2026-04-10,252670,219.0,220.0,213.0,219.0,3129676364.0
2026-04-13,252670,231.0,231.0,222.0,224.0,2810039536.0
2026-04-14,252670,211.0,213.0,204.0,210.0,2889705236.0
2026-04-15,252670,195.0,202.0,192.0,199.0,3535999362.0
2026-04-16,252670,196.0,199.0,191.0,191.0,2945389843.0
2026-04-17,252670,192.0,196.0,191.0,193.0,2148507291.0
2026-04-20,252670,192.0,195.0,188.0,191.0,2379865468.0
2026-04-21,252670,187.0,187.0,181.0,181.0,2693204310.0
2026-04-22,252670,182.0,186.0,180.0,181.0,2257390205.0
2026-04-23,252670,176.0,187.0,171.0,177.0,5757653707.0
2026-04-24,252670,176.0,182.0,174.0,177.0,2813422044.0
2026-04-27,252670,174.0,175.0,166.0,169.0,3320602455.0
2026-04-28,252670,168.0,170.0,163.0,169.0,3503434315.0
2026-04-29,252670,170.0,171.0,165.0,166.0,2669601694.0
2026-04-30,252670,163.0,170.0,161.0,169.0,3672903674.0
2026-05-04,252670,160.0,163.0,152.0,152.0,3426834299.0
2026-05-06,252670,135.0,137.0,126.0,129.0,5897373506.0
2026-05-07,252670,124.0,133.0,122.0,124.0,6609927401.0
2026-05-08,252670,128.0,130.0,122.0,123.0,4325155919.0
2026-05-11,252670,113.0,115.0,107.0,110.0,7363416140.0
2026-05-12,252670,106.0,122.0,105.0,115.0,13391635893.0
2026-05-13,252670,120.0,124.0,107.0,108.0,11238714930.0
2026-05-14,252670,108.0,109.0,103.0,104.0,7453149477.0
2026-05-15,252670,105.0,121.0,102.0,118.0,10772396933.0
2026-05-18,252670,120.0,129.0,112.0,116.0,16339165944.0
2026-05-19,252670,119.0,128.0,119.0,123.0,10077883000.0
2026-05-20,252670,122.0,132.0,121.0,125.0,12910203092.0
2026-05-21,252670,115.0,116.0,102.0,103.0,8820678867.0
2026-05-22,252670,101.0,105.0,100.0,102.0,3884524427.0
2026-05-26,252670,96.0,98.0,93.0,96.0,5120669186.0
2026-05-27,252670,86.0,91.0,84.0,91.0,9552283373.0
2026-05-28,252670,93.0,100.0,89.0,91.0,10647240681.0
2026-05-29,252670,86.0,89.0,84.0,84.0,7980561442.0
2026-06-01,252670,85.0,85.0,75.0,76.0,7112160937.0
2026-06-02,252670,75.0,82.0,74.0,76.0,11458992289.0
2026-06-04,252670,80.0,81.0,76.0,79.0,7189711121.0
2026-06-05,252670,85.0,91.0,83.0,88.0,8894021950.0
2026-06-08,252670,103.0,106.0,95.0,103.0,11166611665.0
2026-06-09,252670,96.0,100.0,83.0,85.0,10407009106.0
2026-06-10,252670,88.0,98.0,87.0,93.0,8928415621.0
2026-06-11,252670,100.0,103.0,92.0,93.0,8901197530.0
2026-06-12,252670,79.0,84.0,74.0,84.0,10572067757.0
2026-06-15,252670,75.0,76.0,72.0,74.0,6109020945.0
2026-06-16,252670,72.0,75.0,70.0,71.0,6716444346.0
2026-06-17,252670,73.0,74.0,68.0,68.0,5600273806.0
2026-06-18,252670,69.0,69.0,63.0,64.0,7331326999.0
2026-06-19,252670,60.0,68.0,58.0,63.0,10485647308.0
2026-06-22,252670,66.0,67.0,60.0,62.0,8965944007.0
2026-06-23,252670,63.0,76.0,62.0,76.0,14288168042.0
2026-06-24,252670,74.0,79.0,69.0,71.0,21509294084.0
2026-06-25,252670,62.0,65.0,59.0,62.0,10497073607.0
2026-06-26,252670,64.0,74.0,63.0,69.0,17272386500.0
2026-06-29,252670,70.0,76.0,68.0,71.0,10927228115.0
2026-06-30,252670,71.0,74.0,65.0,69.0,10042658303.0
2026-07-01,252670,67.0,76.0,66.0,72.0,11417365197.0
2026-07-02,252670,81.0,87.0,76.0,84.0,12702791219.0
2026-07-03,252670,83.0,91.0,73.0,75.0,14799562701.0
2026-07-06,252670,73.0,80.0,70.0,76.0,8964139793.0
2026-07-07,252670,79.0,89.0,77.0,84.0,15357663522.0
2026-07-08,252670,88.0,94.0,80.0,92.0,15010984363.0
2026-07-09,252670,85.0,97.0,83.0,90.0,12998292569.0
2026-07-10,252670,83.0,88.0,80.0,86.0,8955504419.0
2026-07-13,252670,88.0,104.0,85.0,103.0,10370599614.0
2026-07-14,252670,102.0,114.0,96.0,100.0,13951123109.0
2026-07-15,252670,88.0,91.0,83.0,88.0,9235508560.0
2026-07-16,252670,96.0,103.0,95.0,100.0,8070260750.0
2025-01-15,305720,12916.0,13154.0,12728.0,12777.0,1579905.0
2025-01-16,305720,13030.0,13154.0,12902.0,12911.0,1525408.0
2025-01-17,305720,12897.0,13075.0,12807.0,12921.0,1153146.0
2025-01-20,305720,13001.0,13437.0,12996.0,13383.0,2796534.0
2025-01-21,305720,13234.0,13353.0,12569.0,12738.0,3415166.0
2025-01-22,305720,12758.0,13075.0,12743.0,12936.0,2490379.0
2025-01-23,305720,12877.0,12902.0,12619.0,12728.0,1288258.0
2025-01-24,305720,12743.0,12827.0,12574.0,12678.0,1529838.0
2025-01-31,305720,12668.0,12743.0,12435.0,12624.0,1566606.0
2025-02-03,305720,12455.0,12455.0,11830.0,11860.0,2990028.0
2025-02-04,305720,12014.0,12118.0,11721.0,11751.0,3804989.0
2025-02-05,305720,11830.0,12152.0,11830.0,12068.0,3182431.0
2025-02-06,305720,12063.0,12143.0,11885.0,12014.0,1769042.0
2025-02-07,305720,12014.0,12227.0,11855.0,11855.0,2054098.0
2025-02-10,305720,11691.0,12063.0,11513.0,11984.0,3494383.0
2025-02-11,305720,11974.0,12128.0,11875.0,11885.0,4429624.0
2025-02-12,305720,11885.0,12014.0,11775.0,11800.0,2156241.0
2025-02-13,305720,11855.0,12425.0,11855.0,12376.0,4276226.0
2025-02-14,305720,12301.0,12396.0,12162.0,12202.0,1636402.0
2025-02-17,305720,12202.0,12698.0,12197.0,12554.0,2388814.0
2025-02-18,305720,12574.0,12604.0,12405.0,12485.0,1297038.0
2025-02-19,305720,12500.0,13085.0,12500.0,13026.0,3227488.0
2025-02-20,305720,13026.0,13343.0,12986.0,13189.0,2468537.0
2025-02-21,305720,13259.0,13546.0,13199.0,13492.0,2409224.0
2025-02-24,305720,13318.0,13824.0,13318.0,13804.0,2018315.0
2025-02-25,305720,13601.0,13750.0,13283.0,13328.0,2495504.0
2025-02-26,305720,13239.0,13591.0,13159.0,13561.0,1665574.0
2025-02-27,305720,13512.0,13561.0,13333.0,13432.0,1373463.0
2025-02-28,305720,13189.0,13244.0,12649.0,12698.0,3714324.0
2025-03-04,305720,12658.0,12693.0,12113.0,12133.0,4335744.0
2025-03-05,305720,12227.0,12371.0,12083.0,12331.0,5262064.0
2025-03-06,305720,12475.0,12763.0,12331.0,12386.0,3755504.0
2025-03-07,305720,12227.0,12867.0,12227.0,12777.0,3577538.0
2025-03-10,305720,12708.0,13035.0,12663.0,12996.0,2273911.0
2025-03-11,305720,12465.0,12698.0,12460.0,12653.0,1963528.0
2025-03-12,305720,12693.0,13006.0,12619.0,12961.0,1750164.0
2025-03-13,305720,13080.0,13154.0,12688.0,12688.0,1639889.0
2025-03-14,305720,12649.0,12807.0,12276.0,12396.0,2969355.0
2025-03-17,305720,12470.0,12529.0,12257.0,12286.0,2549467.0
2025-03-18,305720,12311.0,12539.0,12276.0,12281.0,2105709.0
2025-03-19,305720,12262.0,12649.0,12262.0,12450.0,1930845.0
2025-03-20,305720,12663.0,12877.0,12619.0,12733.0,3914487.0
2025-03-21,305720,12678.0,12763.0,12346.0,12629.0,2057964.0
2025-03-24,305720,12634.0,12639.0,12405.0,12480.0,1960735.0
2025-03-25,305720,12629.0,12683.0,12331.0,12356.0,1628662.0
2025-03-26,305720,12410.0,12748.0,12361.0,12609.0,2484625.0
2025-03-27,305720,12450.0,12564.0,12321.0,12336.0,1329151.0
2025-03-28,305720,12336.0,12391.0,11984.0,11994.0,2266531.0
2025-03-31,305720,11741.0,11746.0,11205.0,11205.0,4694705.0
2025-04-01,305720,11299.0,11389.0,11121.0,11225.0,2991963.0
2025-04-02,305720,11230.0,11294.0,10764.0,10823.0,3653344.0
2025-04-03,305720,10476.0,10724.0,10416.0,10654.0,3384444.0
2025-04-04,305720,10461.0,11165.0,10461.0,11081.0,4416584.0
2025-04-07,305720,10620.0,10729.0,10387.0,10406.0,2626767.0
2025-04-08,305720,10645.0,10669.0,10292.0,10347.0,1812584.0
2025-04-09,305720,10188.0,10496.0,10049.0,10119.0,2117329.0
2025-04-10,305720,10729.0,10977.0,10540.0,10917.0,2427420.0
2025-04-11,305720,10684.0,10803.0,10540.0,10793.0,1714590.0
2025-04-14,305720,10848.0,11146.0,10848.0,10897.0,2176730.0
2025-04-15,305720,10897.0,10997.0,10769.0,10927.0,1515152.0
2025-04-16,305720,10962.0,11091.0,10605.0,10605.0,2229348.0
2025-04-17,305720,10595.0,10749.0,10550.0,10704.0,2464172.0
2025-04-18,305720,10724.0,10724.0,10560.0,10640.0,1549328.0
2025-04-21,305720,10640.0,10734.0,10496.0,10511.0,1387958.0
2025-04-22,305720,10511.0,10669.0,10436.0,10436.0,2298687.0
2025-04-23,305720,10645.0,11036.0,10645.0,11002.0,2408244.0
2025-04-24,305720,11056.0,11091.0,10803.0,10868.0,1971825.0
2025-04-25,305720,11056.0,11106.0,10868.0,10982.0,2338416.0
2025-04-28,305720,11051.0,11220.0,10972.0,10977.0,2461186.0
2025-04-29,305720,11057.0,11117.0,10897.0,11007.0,1916463.0
2025-04-30,305720,10957.0,11007.0,10682.0,10707.0,2167009.0
2025-05-02,305720,10697.0,10707.0,10492.0,10622.0,2134701.0
2025-05-07,305720,10697.0,10767.0,10472.0,10527.0,1798865.0
2025-05-08,305720,10542.0,10682.0,10482.0,10612.0,1674916.0
2025-05-09,305720,10672.0,10677.0,10332.0,10332.0,3020359.0
2025-05-12,305720,10392.0,10562.0,10382.0,10562.0,1651792.0
2025-05-13,305720,10662.0,10672.0,10287.0,10292.0,2283436.0
2025-05-14,305720,10292.0,10327.0,10058.0,10277.0,2771849.0
2025-05-15,305720,10182.0,10307.0,10107.0,10127.0,2027362.0
2025-05-16,305720,10132.0,10147.0,9778.0,9798.0,3282052.0
2025-05-19,305720,9693.0,9943.0,9683.0,9808.0,2137919.0
2025-05-20,305720,9843.0,9888.0,9398.0,9423.0,3435990.0
2025-05-21,305720,9423.0,9583.0,9343.0,9378.0,2500595.0
2025-05-22,305720,9323.0,9433.0,9088.0,9318.0,3720926.0
2025-05-23,305720,9318.0,9373.0,9028.0,9028.0,2810441.0
2025-05-26,305720,9013.0,9393.0,9013.0,9243.0,3488951.0
2025-05-27,305720,9193.0,9228.0,9018.0,9053.0,1722593.0
2025-05-28,305720,9118.0,9763.0,9108.0,9713.0,4680873.0
2025-05-29,305720,9738.0,9978.0,9588.0,9873.0,3647235.0
2025-05-30,305720,9793.0,9993.0,9678.0,9823.0,2438835.0
2025-06-02,305720,9863.0,9958.0,9638.0,9738.0,2336069.0
2025-06-04,305720,9858.0,10067.0,9833.0,9873.0,1984824.0
2025-06-05,305720,9878.0,10242.0,9833.0,10142.0,2595884.0
2025-06-09,305720,10092.0,10152.0,9873.0,9993.0,2132152.0
2025-06-10,305720,10097.0,10192.0,10013.0,10067.0,1619023.0
2025-06-11,305720,10147.0,10377.0,10107.0,10212.0,2520873.0
2025-06-12,305720,10202.0,10507.0,10157.0,10332.0,3193114.0
2025-06-13,305720,10297.0,10297.0,10003.0,10067.0,2144323.0
2025-06-16,305720,9983.0,10067.0,9793.0,9868.0,1560475.0
2025-06-17,305720,9908.0,10147.0,9833.0,9903.0,2374561.0
2025-06-18,305720,9873.0,10097.0,9853.0,9983.0,2877397.0
2025-06-19,305720,10053.0,10177.0,9903.0,10018.0,3285137.0
2025-06-20,305720,10033.0,10487.0,9948.0,10392.0,4680939.0
2025-06-23,305720,10262.0,10272.0,10003.0,10102.0,2888343.0
2025-06-24,305720,10327.0,10617.0,10302.0,10527.0,4669607.0
2025-06-25,305720,10582.0,10607.0,10412.0,10577.0,2402890.0
2025-06-26,305720,10632.0,10682.0,10422.0,10552.0,2803955.0
2025-06-27,305720,10557.0,10557.0,10157.0,10182.0,3370379.0
2025-06-30,305720,10272.0,10572.0,10272.0,10472.0,3678893.0
2025-07-01,305720,10472.0,10877.0,10412.0,10742.0,4248986.0
2025-07-02,305720,10642.0,10922.0,10572.0,10912.0,3353681.0
2025-07-03,305720,11032.0,11611.0,10992.0,11467.0,7256876.0
2025-07-04,305720,11332.0,11601.0,11167.0,11437.0,4606991.0
2025-07-07,305720,11571.0,11646.0,11182.0,11217.0,3142545.0
2025-07-08,305720,11112.0,11377.0,11027.0,11102.0,3040392.0
2025-07-09,305720,11152.0,11347.0,11027.0,11092.0,2641737.0
2025-07-10,305720,11162.0,11307.0,11117.0,11307.0,2263104.0
2025-07-11,305720,11397.0,11706.0,11352.0,11581.0,4963661.0
2025-07-14,305720,11646.0,11646.0,11402.0,11541.0,3282632.0
2025-07-15,305720,11541.0,11611.0,11447.0,11531.0,3511125.0
2025-07-16,305720,11506.0,11511.0,11197.0,11212.0,3232071.0
2025-07-17,305720,11262.0,11412.0,11142.0,11292.0,2969100.0
2025-07-18,305720,11452.0,11826.0,11452.0,11701.0,7379371.0
2025-07-21,305720,11686.0,12156.0,11616.0,12111.0,4941499.0
2025-07-22,305720,12206.0,12301.0,11846.0,11881.0,3941247.0
2025-07-23,305720,12091.0,12186.0,11861.0,12081.0,3568638.0
2025-07-24,305720,12011.0,12491.0,12011.0,12381.0,5059473.0
2025-07-25,305720,12346.0,12486.0,12236.0,12411.0,3119634.0
2025-07-28,305720,12491.0,12686.0,12391.0,12536.0,3262600.0
2025-07-29,305720,12331.0,12416.0,12121.0,12361.0,3426418.0
2025-07-30,305720,12336.0,12641.0,12261.0,12551.0,7469421.0
2025-07-31,305720,12806.0,12931.0,12161.0,12276.0,4854877.0
2025-08-01,305720,12086.0,12221.0,11721.0,11741.0,3224738.0
2025-08-04,305720,11811.0,11891.0,11661.0,11846.0,2995440.0
2025-08-05,305720,11966.0,12626.0,11961.0,12491.0,7209596.0
2025-08-06,305720,12396.0,12791.0,12386.0,12586.0,5314611.0
2025-08-07,305720,12626.0,12641.0,12401.0,12506.0,2919972.0
2025-08-08,305720,12501.0,12516.0,12306.0,12356.0,3858561.0
2025-08-11,305720,12476.0,12846.0,12476.0,12831.0,5249021.0
2025-08-12,305720,12731.0,12990.0,12631.0,12731.0,4312893.0
2025-08-13,305720,12945.0,12985.0,12711.0,12856.0,2877849.0
2025-08-14,305720,12921.0,13150.0,12911.0,13055.0,3700679.0
2025-08-18,305720,12990.0,13065.0,12671.0,12671.0,4614443.0
2025-08-19,305720,12701.0,12866.0,12521.0,12681.0,4802849.0
2025-08-20,305720,12481.0,12786.0,12436.0,12596.0,3644762.0
2025-08-21,305720,12596.0,12826.0,12531.0,12656.0,2995997.0
2025-08-22,305720,12646.0,12776.0,12456.0,12481.0,3024037.0
2025-08-25,305720,12691.0,12791.0,12571.0,12791.0,2680987.0
2025-08-26,305720,12726.0,12901.0,12706.0,12731.0,2321906.0
2025-08-27,305720,12756.0,12826.0,12536.0,12581.0,2584861.0
2025-08-28,305720,12601.0,12656.0,12236.0,12246.0,4315527.0
2025-08-29,305720,12261.0,12301.0,11871.0,11911.0,5227014.0
2025-09-01,305720,11841.0,11866.0,11661.0,11706.0,4617863.0
2025-09-02,305720,11741.0,11746.0,11536.0,11691.0,5469250.0
2025-09-03,305720,11696.0,11771.0,11601.0,11631.0,4179516.0
2025-09-04,305720,11926.0,11941.0,11721.0,11776.0,3382432.0
2025-09-05,305720,11821.0,11826.0,11616.0,11656.0,2415897.0
2025-09-08,305720,11531.0,11781.0,11526.0,11676.0,2277261.0
2025-09-09,305720,11731.0,11896.0,11671.0,11841.0,2572458.0
2025-09-10,305720,11786.0,11816.0,11661.0,11731.0,2528157.0
2025-09-11,305720,11756.0,11856.0,11711.0,11761.0,1598203.0
2025-09-12,305720,11891.0,12051.0,11871.0,11966.0,2728375.0
2025-09-15,305720,11991.0,12111.0,11941.0,11976.0,2429874.0
2025-09-16,305720,12021.0,12086.0,11876.0,11921.0,2100708.0
2025-09-17,305720,11941.0,12101.0,11866.0,11971.0,2411964.0
2025-09-18,305720,11971.0,12176.0,11891.0,12161.0,2627557.0
2025-09-19,305720,12091.0,12156.0,11961.0,11966.0,2951903.0
2025-09-22,305720,11956.0,12186.0,11956.0,12006.0,3358318.0
2025-09-23,305720,11986.0,12106.0,11941.0,12061.0,2435182.0
2025-09-24,305720,12141.0,12201.0,11746.0,11791.0,3541885.0
2025-09-25,305720,11811.0,12121.0,11811.0,12096.0,3692756.0
2025-09-26,305720,11926.0,11926.0,11671.0,11671.0,2724203.0
2025-09-29,305720,11741.0,11811.0,11666.0,11756.0,1979342.0
2025-09-30,305720,11741.0,11826.0,11641.0,11646.0,1977376.0
2025-10-01,305720,11646.0,11761.0,11511.0,11631.0,2440130.0
2025-10-02,305720,11711.0,11861.0,11686.0,11816.0,2235946.0
2025-10-10,305720,11746.0,11751.0,11492.0,11641.0,2409860.0
2025-10-13,305720,11511.0,11981.0,11417.0,11901.0,3823457.0
2025-10-14,305720,11901.0,12566.0,11841.0,12491.0,12665041.0
2025-10-15,305720,12546.0,12581.0,12331.0,12581.0,6804130.0
2025-10-16,305720,12581.0,13580.0,12551.0,13580.0,11173480.0
2025-10-17,305720,13580.0,14754.0,13430.0,14444.0,19877569.0
2025-10-20,305720,14419.0,14739.0,14060.0,14639.0,10671226.0
2025-10-21,305720,14639.0,15179.0,14479.0,14719.0,11095854.0
2025-10-22,305720,14959.0,15469.0,14959.0,15439.0,9133833.0
2025-10-23,305720,15509.0,15554.0,15134.0,15179.0,6771949.0
2025-10-24,305720,15324.0,16658.0,15319.0,16558.0,9723115.0
2025-10-27,305720,16873.0,17243.0,16233.0,16618.0,11108729.0
2025-10-28,305720,16583.0,17123.0,16153.0,17088.0,10105700.0
2025-10-29,305720,16993.0,17477.0,16938.0,17233.0,7052730.0
2025-10-30,305720,17233.0,17637.0,16488.0,16488.0,9406824.0
2025-10-31,305720,16253.0,16573.0,16148.0,16168.0,6725508.0
2025-11-03,305720,16393.0,16498.0,16073.0,16438.0,5688827.0
2025-11-04,305720,16983.0,17133.0,16413.0,16468.0,6636498.0
2025-11-05,305720,16098.0,16378.0,15419.0,15988.0,7822550.0
2025-11-06,305720,16458.0,16578.0,16068.0,16068.0,5555563.0
2025-11-07,305720,15639.0,16133.0,15309.0,15529.0,5574348.0
2025-11-10,305720,15529.0,15973.0,15354.0,15923.0,3381038.0
2025-11-11,305720,16103.0,16638.0,15838.0,16123.0,6881466.0
2025-11-12,305720,16258.0,16453.0,16038.0,16323.0,4336163.0
2025-11-13,305720,16323.0,16908.0,16138.0,16753.0,4404411.0
2025-11-14,305720,16288.0,16538.0,16023.0,16043.0,4644176.0
2025-11-17,305720,16223.0,16373.0,15855.0,16013.0,4557697.0
2025-11-18,305720,16018.0,16153.0,15284.0,15284.0,5012863.0
2025-11-19,305720,15314.0,15459.0,14849.0,15119.0,5031661.0
2025-11-20,305720,15394.0,15614.0,15284.0,15399.0,3546015.0
2025-11-21,305720,14819.0,14939.0,14634.0,14689.0,3438825.0
2025-11-24,305720,14849.0,14879.0,14225.0,14295.0,3717179.0
2025-11-25,305720,14549.0,14601.0,14255.0,14355.0,2568436.0
2025-11-26,305720,14504.0,15389.0,14504.0,15384.0,5443534.0
2025-11-27,305720,15384.0,15504.0,15239.0,15344.0,4113063.0
2025-11-28,305720,15559.0,15639.0,15049.0,15124.0,4441809.0
2025-12-01,305720,15219.0,15489.0,15109.0,15304.0,4288248.0
2025-12-02,305720,15339.0,15484.0,15169.0,15384.0,2496198.0
2025-12-03,305720,15384.0,15519.0,15289.0,15429.0,1804138.0
2025-12-04,305720,15454.0,15549.0,15119.0,15224.0,2647469.0
2025-12-05,305720,15169.0,15579.0,15159.0,15509.0,3817120.0
2025-12-08,305720,15639.0,16288.0,15519.0,16278.0,5570961.0
2025-12-09,305720,16063.0,16448.0,15993.0,16263.0,3914244.0
2025-12-10,305720,16573.0,16703.0,16108.0,16218.0,3843715.0
2025-12-11,305720,16343.0,16358.0,15828.0,15958.0,2543170.0
2025-12-12,305720,15973.0,16078.0,15868.0,16073.0,2945037.0
2025-12-15,305720,15739.0,16198.0,15644.0,16028.0,2393031.0
2025-12-16,305720,15948.0,15983.0,15079.0,15189.0,4126542.0
2025-12-17,305720,15274.0,15479.0,15054.0,15314.0,3451663.0
2025-12-18,305720,14749.0,14749.0,14290.0,14295.0,8809605.0
2025-12-19,305720,14389.0,14404.0,13765.0,14310.0,8074941.0
2025-12-22,305720,14404.0,14619.0,14260.0,14549.0,5851063.0
2025-12-23,305720,14579.0,14614.0,14414.0,14454.0,2301880.0
2025-12-24,305720,14569.0,14804.0,14539.0,14589.0,4526327.0
2025-12-26,305720,14554.0,14699.0,13770.0,14345.0,1931257.0
2025-12-29,305720,13900.0,14424.0,13860.0,14325.0,2594429.0
2025-12-30,305720,14170.0,14170.0,13770.0,13835.0,3775143.0
2026-01-02,305720,13760.0,13775.0,13410.0,13485.0,3410896.0
2026-01-05,305720,13345.0,13975.0,13345.0,13840.0,3731262.0
2026-01-06,305720,14160.0,14200.0,13935.0,14020.0,3117927.0
2026-01-07,305720,14065.0,14245.0,13680.0,13785.0,2716125.0
2026-01-08,305720,13790.0,13920.0,13590.0,13670.0,2377478.0
2026-01-09,305720,13695.0,13780.0,13440.0,13545.0,2103866.0
2026-01-12,305720,13425.0,14100.0,13425.0,14090.0,4470606.0
2026-01-13,305720,14220.0,14929.0,14080.0,14919.0,6301063.0
2026-01-14,305720,14899.0,14904.0,14444.0,14514.0,4236144.0
2026-01-15,305720,14539.0,14769.0,14434.0,14744.0,3912216.0
2026-01-16,305720,14744.0,14829.0,14340.0,14370.0,3979388.0
2026-01-19,305720,14350.0,14999.0,14275.0,14969.0,5543434.0
2026-01-20,305720,14969.0,15614.0,14909.0,15314.0,9488969.0
2026-01-21,305720,14914.0,15114.0,14699.0,15089.0,4689611.0
2026-01-22,305720,15299.0,16353.0,15134.0,16338.0,13030020.0
2026-01-23,305720,16838.0,16843.0,15988.0,16308.0,10637673.0
2026-01-26,305720,16563.0,17153.0,16448.0,17083.0,11362692.0
2026-01-27,305720,16788.0,17352.0,16678.0,17148.0,8048172.0
2026-01-28,305720,17377.0,18297.0,17372.0,18262.0,16866067.0
2026-01-29,305720,18577.0,18696.0,17472.0,18172.0,16836402.0
2026-01-30,305720,18172.0,18367.0,17357.0,17357.0,13053131.0
2026-02-02,305720,17243.0,17692.0,16453.0,16508.0,15197935.0
2026-02-03,305720,17058.0,17218.0,16563.0,17188.0,7609867.0
2026-02-04,305720,17153.0,17822.0,17103.0,17612.0,6792676.0
2026-02-05,305720,17502.0,17862.0,16988.0,17173.0,8698040.0
2026-02-06,305720,16738.0,16738.0,16223.0,16548.0,5772706.0
2026-02-09,305720,17058.0,17243.0,16738.0,17038.0,4883686.0
2026-02-10,305720,17163.0,17442.0,16883.0,16973.0,3783530.0
2026-02-11,305720,17088.0,17208.0,16823.0,16898.0,1852462.0
2026-02-12,305720,17088.0,17572.0,16953.0,17402.0,4471839.0
2026-02-13,305720,17128.0,17372.0,16908.0,16958.0,3794518.0
2026-02-19,305720,17198.0,17952.0,17088.0,17877.0,7408630.0
2026-02-20,305720,17882.0,18132.0,17722.0,17847.0,6427657.0
2026-02-23,305720,18167.0,18297.0,17512.0,17552.0,5117016.0
2026-02-24,305720,17832.0,18507.0,17832.0,18302.0,10517134.0
2026-02-25,305720,18402.0,19231.0,18172.0,18926.0,11127639.0
2026-02-26,305720,19161.0,19521.0,18816.0,19131.0,9061415.0
2026-02-27,305720,18846.0,19681.0,18726.0,19416.0,9472210.0
2026-03-03,305720,19071.0,19191.0,17607.0,17647.0,11913425.0
2026-03-04,305720,17282.0,17287.0,14874.0,15024.0,23260791.0
2026-03-05,305720,16303.0,17118.0,16293.0,16713.0,16368317.0
2026-03-06,305720,16673.0,17367.0,16368.0,17203.0,9726468.0
2026-03-09,305720,16318.0,16753.0,15873.0,16423.0,7834761.0
2026-03-10,305720,17238.0,17253.0,16498.0,16743.0,8691538.0
2026-03-11,305720,17088.0,17337.0,16558.0,16798.0,7481445.0
2026-03-12,305720,16668.0,16923.0,16498.0,16748.0,3437125.0
2026-03-13,305720,16178.0,16308.0,16038.0,16173.0,5790257.0
2026-03-16,305720,16173.0,16263.0,15709.0,15923.0,5597185.0
2026-03-17,305720,16218.0,16513.0,16158.0,16218.0,4660007.0
2026-03-18,305720,16518.0,16703.0,16448.0,16703.0,2898135.0
2026-03-19,305720,16283.0,16578.0,16198.0,16323.0,3224775.0
2026-03-20,305720,16408.0,16483.0,16278.0,16328.0,2656242.0
2026-03-23,305720,15888.0,15888.0,15419.0,15499.0,5713555.0
2026-03-24,305720,15998.0,16413.0,15903.0,16373.0,6056780.0
2026-03-25,305720,16548.0,17003.0,16543.0,16773.0,4204774.0
2026-03-26,305720,16823.0,17088.0,16488.0,16653.0,3789801.0
2026-03-27,305720,16203.0,16953.0,15818.0,16858.0,6589623.0
2026-03-30,305720,16298.0,17322.0,16288.0,17048.0,7215408.0
2026-03-31,305720,17123.0,17213.0,16378.0,16493.0,8593615.0
2026-04-01,305720,17148.0,17287.0,16728.0,17248.0,4955953.0
2026-04-02,305720,17253.0,17947.0,16843.0,16913.0,9844597.0
2026-04-03,305720,17327.0,17532.0,16748.0,16998.0,5432288.0
2026-04-06,305720,17048.0,17762.0,17038.0,17437.0,7608561.0
2026-04-07,305720,17377.0,18092.0,17297.0,17522.0,7466565.0
2026-04-08,305720,18107.0,18192.0,17632.0,17942.0,6613891.0
2026-04-09,305720,18067.0,18422.0,17902.0,18167.0,7107909.0
2026-04-10,305720,18337.0,18392.0,18037.0,18107.0,3979920.0
2026-04-13,305720,17932.0,18142.0,17617.0,17677.0,3788471.0
2026-04-14,305720,17987.0,18082.0,17672.0,17682.0,4144794.0
2026-04-15,305720,17882.0,18142.0,17872.0,17932.0,4381211.0
2026-04-16,305720,18162.0,18342.0,18107.0,18227.0,4314960.0
2026-04-17,305720,18357.0,18871.0,18237.0,18766.0,7441276.0
2026-04-20,305720,18801.0,19471.0,18726.0,19176.0,8854157.0
2026-04-21,305720,19706.0,21145.0,19571.0,21145.0,20937356.0
2026-04-22,305720,21589.0,21654.0,20870.0,21390.0,20552840.0
2026-04-23,305720,21390.0,21450.0,20180.0,20550.0,16661321.0
2026-04-24,305720,20780.0,21155.0,20475.0,20995.0,10947493.0
2026-04-27,305720,21045.0,21090.0,20505.0,20840.0,8348725.0
2026-04-28,305720,21205.0,21759.0,21205.0,21560.0,11965911.0
2026-04-29,305720,21695.0,22035.0,21550.0,21995.0,13645716.0
2026-04-30,305720,22015.0,22045.0,21355.0,21450.0,10769708.0
2026-05-04,305720,21980.0,22365.0,21930.0,22260.0,9240952.0
2026-05-06,305720,22420.0,22790.0,22070.0,22790.0,8517440.0
2026-05-07,305720,22785.0,22860.0,22100.0,22700.0,9350962.0
2026-05-08,305720,22570.0,22800.0,22150.0,22410.0,5836586.0
2026-05-11,305720,22370.0,22370.0,21550.0,21960.0,6715479.0
2026-05-12,305720,21925.0,22000.0,20000.0,20515.0,12906226.0
2026-05-13,305720,20195.0,20480.0,19640.0,20200.0,6348223.0
2026-05-14,305720,20840.0,20915.0,19960.0,20605.0,9257389.0
2026-05-15,305720,20605.0,21375.0,19085.0,19525.0,13280824.0
2026-05-18,305720,19225.0,19400.0,18275.0,19270.0,8938071.0
2026-05-19,305720,19310.0,19465.0,18125.0,18450.0,11790205.0
2026-05-20,305720,18435.0,18495.0,17510.0,17775.0,15235768.0
2026-05-21,305720,18300.0,18945.0,18195.0,18915.0,12417701.0
2026-05-22,305720,19455.0,20135.0,19290.0,19675.0,5870376.0
2026-05-26,305720,20245.0,20432.0,19685.0,19795.0,3318147.0
2026-05-27,305720,19670.0,20145.0,19000.0,19050.0,3954805.0
2026-05-28,305720,19875.0,20217.0,19145.0,20030.0,10511482.0
2026-05-29,305720,20030.0,20460.0,19495.0,20285.0,5393234.0
2026-06-01,305720,20255.0,20255.0,19685.0,19750.0,3622483.0
2026-06-02,305720,19675.0,20485.0,18835.0,18850.0,5745402.0
2026-06-04,305720,19040.0,19525.0,18500.0,18830.0,4668248.0
2026-06-05,305720,18795.0,18820.0,17560.0,17925.0,4897799.0
2026-06-08,305720,16400.0,17000.0,16150.0,16280.0,7498120.0
2026-06-09,305720,16695.0,16890.0,16125.0,16775.0,8345240.0
2026-06-10,305720,16600.0,17025.0,15865.0,16335.0,6753008.0
2026-06-11,305720,15975.0,16385.0,15490.0,16375.0,6885514.0
2026-06-12,305720,17030.0,17865.0,16880.0,17200.0,6485294.0
2026-06-15,305720,17815.0,18245.0,17735.0,18245.0,2516006.0
2026-06-16,305720,18250.0,18255.0,17840.0,18005.0,2790035.0
2026-06-17,305720,18085.0,18180.0,17640.0,17850.0,3148658.0
2026-06-18,305720,17725.0,17765.0,17000.0,17055.0,3234680.0
2026-06-19,305720,17055.0,17625.0,16505.0,16935.0,4712653.0
2026-06-22,305720,16960.0,17045.0,16350.0,16575.0,4447772.0
2026-06-23,305720,16485.0,16855.0,14990.0,15100.0,10735843.0
2026-06-24,305720,15080.0,15515.0,14775.0,15470.0,8004919.0
2026-06-25,305720,15560.0,15645.0,14790.0,14820.0,7462381.0
2026-06-26,305720,14780.0,14980.0,13595.0,13990.0,7677274.0
2026-06-29,305720,14165.0,16050.0,13920.0,16050.0,5957969.0
2026-06-30,305720,15770.0,15905.0,15005.0,15055.0,7955237.0
2026-07-01,305720,15050.0,15100.0,14365.0,14615.0,9248153.0
2026-07-02,305720,14585.0,14675.0,13905.0,14200.0,4686697.0
2026-07-03,305720,14245.0,14395.0,13455.0,14395.0,4887045.0
2026-07-06,305720,14400.0,14410.0,13670.0,14105.0,3531666.0
2026-07-07,305720,14060.0,14060.0,13340.0,13595.0,5241746.0
2026-07-08,305720,13380.0,13535.0,12760.0,12870.0,5513600.0
2026-07-09,305720,13010.0,13400.0,12545.0,12850.0,5418791.0
2026-07-10,305720,13135.0,13760.0,13090.0,13615.0,3283915.0
2026-07-13,305720,13720.0,14345.0,13390.0,13435.0,4465824.0
2026-07-14,305720,13610.0,13610.0,12695.0,13010.0,3598764.0
2026-07-15,305720,13350.0,13910.0,13350.0,13825.0,2702930.0
2026-07-16,305720,13675.0,14040.0,13220.0,13450.0,3408253.0
2025-01-15,364980,8583.0,8712.0,8459.0,8474.0,1329908.0
2025-01-16,364980,8643.0,8707.0,8548.0,8573.0,896345.0
2025-01-17,364980,8543.0,8643.0,8489.0,8548.0,1105221.0
2025-01-20,364980,8548.0,8931.0,8548.0,8911.0,1733041.0
2025-01-21,364980,8792.0,8886.0,8389.0,8489.0,2685577.0
2025-01-22,364980,8533.0,8722.0,8533.0,8678.0,2397423.0
2025-01-23,364980,8628.0,8633.0,8459.0,8489.0,1277447.0
2025-01-24,364980,8494.0,8543.0,8364.0,8459.0,1245986.0
2025-01-31,364980,8459.0,8474.0,8295.0,8389.0,1281164.0
2025-02-03,364980,8190.0,8215.0,7912.0,7912.0,2813711.0
2025-02-04,364980,8061.0,8061.0,7767.0,7792.0,2803141.0
2025-02-05,364980,7812.0,8086.0,7812.0,8031.0,2124276.0
2025-02-06,364980,8056.0,8086.0,7912.0,7991.0,1368418.0
2025-02-07,364980,8011.0,8121.0,7887.0,7892.0,1622176.0
2025-02-10,364980,7787.0,8011.0,7623.0,7956.0,4492901.0
2025-02-11,364980,7956.0,8066.0,7892.0,7907.0,11741200.0
2025-02-12,364980,7897.0,7981.0,7822.0,7837.0,2972347.0
2025-02-13,364980,7922.0,8324.0,7922.0,8255.0,3809156.0
2025-02-14,364980,8235.0,8275.0,8130.0,8160.0,1195221.0
2025-02-17,364980,8160.0,8414.0,8160.0,8329.0,2066103.0
2025-02-18,364980,8339.0,8354.0,8200.0,8240.0,1815694.0
2025-02-19,364980,8270.0,8658.0,8270.0,8608.0,3460240.0
2025-02-20,364980,8638.0,8807.0,8568.0,8727.0,2118214.0
2025-02-21,364980,8817.0,9006.0,8757.0,8951.0,2514497.0
2025-02-24,364980,8847.0,9190.0,8847.0,9175.0,3134398.0
2025-02-25,364980,9175.0,9175.0,8827.0,8857.0,3283313.0
2025-02-26,364980,8822.0,9011.0,8752.0,8981.0,3177494.0
2025-02-27,364980,9041.0,9046.0,8857.0,8946.0,1683905.0
2025-02-28,364980,8732.0,8812.0,8434.0,8489.0,3171315.0
2025-03-04,364980,8434.0,8454.0,8076.0,8111.0,8064595.0
2025-03-05,364980,8116.0,8240.0,8041.0,8190.0,3981662.0
2025-03-06,364980,8305.0,8518.0,8285.0,8359.0,3677323.0
2025-03-07,364980,8305.0,8717.0,8240.0,8668.0,7433481.0
2025-03-10,364980,8692.0,8777.0,8528.0,8732.0,6407972.0
2025-03-11,364980,8394.0,8508.0,8369.0,8459.0,5278316.0
2025-03-12,364980,8548.0,8767.0,8459.0,8722.0,3582386.0
2025-03-13,364980,8852.0,8852.0,8503.0,8563.0,4089227.0
2025-03-14,364980,8528.0,8538.0,8190.0,8240.0,4322530.0
2025-03-17,364980,8275.0,8339.0,8126.0,8185.0,2147630.0
2025-03-18,364980,8230.0,8314.0,8150.0,8150.0,1754715.0
2025-03-19,364980,8140.0,8374.0,8140.0,8250.0,1929739.0
2025-03-20,364980,8404.0,8548.0,8394.0,8469.0,2332134.0
2025-03-21,364980,8444.0,8444.0,8185.0,8359.0,1606541.0
2025-03-24,364980,8359.0,8359.0,8230.0,8275.0,1729423.0
2025-03-25,364980,8404.0,8404.0,8225.0,8240.0,1418392.0
2025-03-26,364980,8290.0,8558.0,8260.0,8479.0,2320954.0
2025-03-27,364980,8359.0,8459.0,8280.0,8329.0,1922789.0
2025-03-28,364980,8310.0,8354.0,8140.0,8155.0,1402063.0
2025-03-31,364980,7976.0,7981.0,7633.0,7668.0,3452595.0
2025-04-01,364980,7723.0,7767.0,7588.0,7653.0,1858910.0
2025-04-02,364980,7683.0,7713.0,7399.0,7459.0,2059990.0
2025-04-03,364980,7230.0,7340.0,7136.0,7260.0,1613337.0
2025-04-04,364980,7161.0,7559.0,7161.0,7519.0,2749493.0
2025-04-07,364980,7245.0,7305.0,7081.0,7111.0,1885885.0
2025-04-08,364980,7280.0,7305.0,7002.0,7036.0,1676766.0
2025-04-09,364980,6992.0,7131.0,6877.0,6907.0,1220775.0
2025-04-10,364980,7330.0,7484.0,7205.0,7484.0,2658716.0
2025-04-11,364980,7280.0,7355.0,7151.0,7250.0,1612992.0
2025-04-14,364980,7315.0,7479.0,7305.0,7325.0,2213279.0
2025-04-15,364980,7335.0,7429.0,7280.0,7360.0,1136804.0
2025-04-16,364980,7444.0,7474.0,7186.0,7196.0,2087092.0
2025-04-17,364980,7196.0,7285.0,7136.0,7245.0,1379523.0
2025-04-18,364980,7245.0,7250.0,7151.0,7196.0,1068713.0
2025-04-21,364980,7186.0,7245.0,7086.0,7116.0,1147766.0
2025-04-22,364980,7051.0,7201.0,7051.0,7096.0,1041539.0
2025-04-23,364980,7235.0,7414.0,7210.0,7414.0,1848540.0
2025-04-24,364980,7479.0,7479.0,7260.0,7295.0,1646486.0
2025-04-25,364980,7360.0,7434.0,7295.0,7355.0,2213976.0
2025-04-28,364980,7424.0,7489.0,7375.0,7389.0,2460521.0
2025-04-29,364980,7430.0,7475.0,7350.0,7425.0,2233308.0
2025-04-30,364980,7380.0,7430.0,7145.0,7160.0,4779496.0
2025-05-02,364980,7160.0,7170.0,7035.0,7085.0,2911239.0
2025-05-07,364980,7145.0,7200.0,7065.0,7085.0,1424825.0
2025-05-08,364980,7095.0,7190.0,7060.0,7180.0,1833745.0
2025-05-09,364980,7180.0,7180.0,6965.0,6965.0,3273993.0
2025-05-12,364980,7015.0,7100.0,7005.0,7095.0,1376904.0
2025-05-13,364980,7145.0,7150.0,6910.0,6920.0,1798796.0
2025-05-14,364980,6890.0,6922.0,6765.0,6900.0,1928970.0
2025-05-15,364980,6900.0,6945.0,6780.0,6800.0,1265877.0
2025-05-16,364980,6805.0,6810.0,6565.0,6570.0,4661787.0
2025-05-19,364980,6540.0,6680.0,6540.0,6590.0,4273263.0
2025-05-20,364980,6610.0,6645.0,6350.0,6355.0,3921053.0
2025-05-21,364980,6315.0,6465.0,6315.0,6325.0,2204733.0
2025-05-22,364980,6300.0,6390.0,6160.0,6310.0,4002359.0
2025-05-23,364980,6345.0,6345.0,6115.0,6115.0,2668940.0
2025-05-26,364980,6120.0,6370.0,6110.0,6320.0,3221277.0
2025-05-27,364980,6280.0,6315.0,6165.0,6195.0,2590203.0
2025-05-28,364980,6270.0,6625.0,6230.0,6600.0,4737065.0
2025-05-29,364980,6600.0,6750.0,6525.0,6690.0,3152092.0
2025-05-30,364980,6645.0,6775.0,6585.0,6650.0,2302494.0
2025-06-02,364980,6650.0,6680.0,6495.0,6535.0,3699319.0
2025-06-04,364980,6640.0,6760.0,6615.0,6630.0,2165496.0
2025-06-05,364980,6640.0,6880.0,6620.0,6815.0,2661274.0
2025-06-09,364980,6810.0,6815.0,6660.0,6755.0,1656660.0
2025-06-10,364980,6805.0,6930.0,6780.0,6825.0,3170686.0
2025-06-11,364980,6900.0,7015.0,6845.0,6925.0,3187574.0
2025-06-12,364980,6925.0,7085.0,6895.0,7025.0,4935590.0
2025-06-13,364980,7015.0,7015.0,6815.0,6865.0,2935400.0
2025-06-16,364980,6865.0,6865.0,6705.0,6775.0,2395693.0
2025-06-17,364980,6810.0,6930.0,6755.0,6780.0,4008859.0
2025-06-18,364980,6780.0,6975.0,6775.0,6920.0,4641270.0
2025-06-19,364980,6980.0,7030.0,6845.0,6950.0,3540905.0
2025-06-20,364980,6940.0,7210.0,6880.0,7165.0,3165633.0
2025-06-23,364980,7065.0,7180.0,6925.0,6980.0,4612674.0
2025-06-24,364980,7080.0,7205.0,7040.0,7155.0,2693813.0
2025-06-25,364980,7220.0,7220.0,7080.0,7180.0,2852511.0
2025-06-26,364980,7215.0,7230.0,7085.0,7150.0,2020614.0
2025-06-27,364980,7135.0,7155.0,6930.0,6935.0,5140415.0
2025-06-30,364980,7110.0,7415.0,7110.0,7395.0,4929497.0
2025-07-01,364980,7395.0,7645.0,7330.0,7610.0,5629314.0
2025-07-02,364980,7515.0,7640.0,7410.0,7635.0,3967203.0
2025-07-03,364980,7685.0,8095.0,7680.0,8055.0,6827913.0
2025-07-04,364980,7895.0,8060.0,7800.0,7910.0,5185288.0
2025-07-07,364980,8060.0,8085.0,7755.0,7835.0,5678105.0
2025-07-08,364980,7760.0,7965.0,7710.0,7765.0,3383740.0
2025-07-09,364980,7790.0,7930.0,7730.0,7780.0,3200252.0
2025-07-10,364980,7855.0,7970.0,7780.0,7970.0,1536891.0
2025-07-11,364980,7990.0,8160.0,7960.0,8075.0,4257480.0
2025-07-14,364980,8075.0,8090.0,7940.0,8020.0,1844352.0
2025-07-15,364980,8030.0,8110.0,7965.0,8035.0,2364858.0
2025-07-16,364980,8020.0,8025.0,7760.0,7775.0,2429114.0
2025-07-17,364980,7850.0,7925.0,7715.0,7825.0,1560415.0
2025-07-18,364980,7905.0,8080.0,7900.0,8025.0,3817224.0
2025-07-21,364980,8025.0,8300.0,7995.0,8270.0,4647751.0
2025-07-22,364980,8350.0,8405.0,8145.0,8185.0,4241950.0
2025-07-23,364980,8290.0,8385.0,8190.0,8350.0,3778284.0
2025-07-24,364980,8380.0,8625.0,8315.0,8600.0,6993137.0
2025-07-25,364980,8550.0,8600.0,8470.0,8540.0,4030419.0
2025-07-28,364980,8555.0,8710.0,8545.0,8640.0,3887344.0
2025-07-29,364980,8500.0,8585.0,8350.0,8560.0,3796222.0
2025-07-30,364980,8530.0,8737.0,8475.0,8670.0,4384023.0
2025-07-31,364980,8880.0,8885.0,8325.0,8420.0,6512382.0
2025-08-01,364980,8315.0,8350.0,7995.0,8010.0,4318067.0
2025-08-04,364980,8045.0,8115.0,7960.0,8105.0,3139963.0
2025-08-05,364980,8250.0,8500.0,8220.0,8405.0,7736713.0
2025-08-06,364980,8385.0,8575.0,8345.0,8465.0,3982897.0
2025-08-07,364980,8500.0,8510.0,8355.0,8430.0,2104672.0
2025-08-08,364980,8430.0,8430.0,8275.0,8300.0,3524997.0
2025-08-11,364980,8360.0,8570.0,8360.0,8570.0,5242745.0
2025-08-12,364980,8500.0,8625.0,8445.0,8500.0,3463598.0
2025-08-13,364980,8605.0,8620.0,8445.0,8545.0,2108918.0
2025-08-14,364980,8565.0,8710.0,8560.0,8650.0,2437658.0
2025-08-18,364980,8595.0,8635.0,8415.0,8450.0,2257294.0
2025-08-19,364980,8460.0,8520.0,8325.0,8440.0,2523439.0
2025-08-20,364980,8245.0,8440.0,8245.0,8345.0,1772540.0
2025-08-21,364980,8345.0,8505.0,8300.0,8375.0,2538569.0
2025-08-22,364980,8370.0,8470.0,8250.0,8285.0,2123575.0
2025-08-25,364980,8400.0,8475.0,8310.0,8475.0,2209546.0
2025-08-26,364980,8415.0,8535.0,8415.0,8435.0,1117192.0
2025-08-27,364980,8450.0,8470.0,8280.0,8305.0,2017444.0
2025-08-28,364980,8320.0,8355.0,8125.0,8130.0,1988302.0
2025-08-29,364980,8145.0,8160.0,7905.0,7940.0,2750142.0
2025-09-01,364980,7840.0,7915.0,7805.0,7810.0,2281114.0
2025-09-02,364980,7810.0,7870.0,7740.0,7810.0,1526458.0
2025-09-03,364980,7865.0,7915.0,7800.0,7810.0,1534362.0
2025-09-04,364980,8015.0,8065.0,7890.0,7935.0,3956690.0
2025-09-05,364980,7990.0,7990.0,7810.0,7835.0,2144882.0
2025-09-08,364980,7780.0,7915.0,7765.0,7835.0,2142749.0
2025-09-09,364980,7915.0,8015.0,7865.0,7980.0,2282416.0
2025-09-10,364980,7950.0,7965.0,7870.0,7900.0,2430585.0
2025-09-11,364980,7955.0,8010.0,7915.0,7955.0,1807603.0
2025-09-12,364980,8055.0,8115.0,8010.0,8060.0,2132529.0
2025-09-15,364980,8095.0,8125.0,8030.0,8045.0,1516461.0
2025-09-16,364980,8090.0,8110.0,7940.0,7965.0,1702118.0
2025-09-17,364980,7980.0,8075.0,7940.0,8005.0,1486200.0
2025-09-18,364980,8005.0,8085.0,7940.0,8080.0,1664474.0
2025-09-19,364980,8040.0,8080.0,7955.0,7970.0,1804347.0
2025-09-22,364980,7980.0,8075.0,7935.0,7955.0,1378093.0
2025-09-23,364980,7955.0,8000.0,7915.0,7995.0,1227361.0
2025-09-24,364980,8030.0,8090.0,7820.0,7845.0,1592696.0
2025-09-25,364980,7865.0,8050.0,7860.0,8040.0,2972473.0
2025-09-26,364980,7950.0,7955.0,7780.0,7810.0,2431084.0
2025-09-29,364980,7840.0,7885.0,7805.0,7855.0,1340591.0
2025-09-30,364980,7830.0,7870.0,7765.0,7780.0,1221551.0
2025-10-01,364980,7780.0,7850.0,7690.0,7775.0,1555483.0
2025-10-02,364980,7810.0,7987.0,7800.0,7980.0,1899172.0
2025-10-10,364980,7900.0,7900.0,7720.0,7790.0,2538861.0
2025-10-13,364980,7735.0,7970.0,7655.0,7950.0,2372403.0
2025-10-14,364980,7950.0,8310.0,7895.0,8300.0,6042405.0
2025-10-15,364980,8305.0,8340.0,8195.0,8310.0,2743919.0
2025-10-16,364980,8320.0,8930.0,8320.0,8920.0,6654642.0
2025-10-17,364980,8910.0,9465.0,8805.0,9305.0,9878701.0
2025-10-20,364980,9305.0,9430.0,9055.0,9395.0,4935606.0
2025-10-21,364980,9395.0,9755.0,9370.0,9550.0,8564004.0
2025-10-22,364980,9675.0,9930.0,9610.0,9925.0,6916942.0
2025-10-23,364980,9970.0,10000.0,9755.0,9800.0,4154167.0
2025-10-24,364980,9920.0,10655.0,9920.0,10620.0,8472598.0
2025-10-27,364980,10835.0,10845.0,10345.0,10540.0,6843348.0
2025-10-28,364980,10525.0,10780.0,10280.0,10780.0,5963671.0
2025-10-29,364980,10780.0,11070.0,10750.0,10970.0,4558227.0
2025-10-30,364980,10945.0,11115.0,10520.0,10530.0,6217534.0
2025-10-31,364980,10255.0,10615.0,10235.0,10290.0,5214827.0
2025-11-03,364980,10385.0,10435.0,10150.0,10330.0,4771458.0
2025-11-04,364980,10605.0,10700.0,10320.0,10360.0,3954753.0
2025-11-05,364980,10125.0,10285.0,9720.0,10045.0,5211454.0
2025-11-06,364980,10285.0,10370.0,10075.0,10075.0,4908638.0
2025-11-07,364980,9900.0,10120.0,9660.0,9785.0,4311885.0
2025-11-10,364980,9800.0,10055.0,9705.0,10020.0,2459469.0
2025-11-11,364980,10125.0,10405.0,9980.0,10125.0,3487336.0
2025-11-12,364980,10275.0,10390.0,10125.0,10350.0,3388017.0
2025-11-13,364980,10305.0,10610.0,10205.0,10565.0,3069354.0
2025-11-14,364980,10200.0,10405.0,10075.0,10135.0,3324251.0
2025-11-17,364980,10200.0,10270.0,10020.0,10120.0,1710352.0
2025-11-18,364980,10105.0,10175.0,9695.0,9705.0,2880469.0
2025-11-19,364980,9740.0,9810.0,9485.0,9680.0,3301537.0
2025-11-20,364980,9805.0,9945.0,9725.0,9820.0,2022073.0
2025-11-21,364980,9450.0,9550.0,9365.0,9410.0,2729635.0
2025-11-24,364980,9510.0,9510.0,9150.0,9150.0,2146821.0
2025-11-25,364980,9325.0,9360.0,9145.0,9220.0,1522331.0
2025-11-26,364980,9300.0,9785.0,9300.0,9770.0,3211189.0
2025-11-27,364980,9790.0,9820.0,9665.0,9740.0,2795578.0
2025-11-28,364980,9855.0,9855.0,9445.0,9510.0,4040750.0
2025-12-01,364980,9550.0,9675.0,9450.0,9565.0,2151879.0
2025-12-02,364980,9570.0,9645.0,9490.0,9600.0,1399228.0
2025-12-03,364980,9610.0,9705.0,9565.0,9650.0,1073463.0
2025-12-04,364980,9660.0,9675.0,9425.0,9485.0,1615207.0
2025-12-05,364980,9485.0,9710.0,9470.0,9710.0,1777819.0
2025-12-08,364980,9810.0,10160.0,9735.0,10155.0,4321294.0
2025-12-09,364980,10060.0,10195.0,9995.0,10095.0,2565575.0
2025-12-10,364980,10300.0,10320.0,10005.0,10075.0,1953222.0
2025-12-11,364980,10115.0,10150.0,9830.0,9895.0,2301074.0
2025-12-12,364980,9915.0,10010.0,9850.0,10010.0,1942834.0
2025-12-15,364980,9800.0,10065.0,9770.0,9980.0,1370994.0
2025-12-16,364980,9935.0,9970.0,9450.0,9485.0,3094334.0
2025-12-17,364980,9645.0,9665.0,9430.0,9560.0,1593496.0
2025-12-18,364980,9200.0,9300.0,8970.0,8970.0,4191681.0
2025-12-19,364980,9020.0,9050.0,8695.0,8990.0,3156111.0
2025-12-22,364980,9050.0,9175.0,8985.0,9170.0,2003941.0
2025-12-23,364980,9165.0,9195.0,9070.0,9095.0,1521068.0
2025-12-24,364980,9135.0,9285.0,9110.0,9180.0,1419921.0
2025-12-26,364980,9170.0,9220.0,9000.0,9015.0,2532268.0
2025-12-29,364980,8800.0,9060.0,8750.0,9000.0,2209016.0
2025-12-30,364980,8900.0,8935.0,8745.0,8780.0,2287139.0
2026-01-02,364980,8755.0,8755.0,8530.0,8560.0,4588495.0
2026-01-05,364980,8540.0,8840.0,8525.0,8785.0,2416499.0
2026-01-06,364980,8950.0,8980.0,8820.0,8900.0,2711757.0
2026-01-07,364980,8950.0,9045.0,8720.0,8780.0,1714264.0
2026-01-08,364980,8780.0,8810.0,8625.0,8690.0,2075325.0
2026-01-09,364980,8690.0,8740.0,8565.0,8615.0,1289056.0
2026-01-12,364980,8600.0,8930.0,8580.0,8930.0,3280143.0
2026-01-13,364980,9020.0,9510.0,8935.0,9510.0,4828220.0
2026-01-14,364980,9500.0,9500.0,9230.0,9260.0,3320934.0
2026-01-15,364980,9305.0,9510.0,9285.0,9485.0,3925780.0
2026-01-16,364980,9450.0,9515.0,9180.0,9200.0,3618152.0
2026-01-19,364980,9200.0,9565.0,9150.0,9565.0,4809962.0
2026-01-20,364980,9565.0,9875.0,9480.0,9770.0,5917053.0
2026-01-21,364980,9515.0,9605.0,9375.0,9550.0,3916171.0
2026-01-22,364980,9620.0,10190.0,9595.0,10190.0,7800676.0
2026-01-23,364980,10485.0,10510.0,10015.0,10195.0,8149316.0
2026-01-26,364980,10325.0,10500.0,10215.0,10500.0,6370943.0
2026-01-27,364980,10325.0,10485.0,10180.0,10400.0,4436719.0
2026-01-28,364980,10550.0,10990.0,10550.0,10855.0,9034069.0
2026-01-29,364980,10935.0,11000.0,10425.0,10790.0,6262888.0
2026-01-30,364980,10805.0,10935.0,10345.0,10360.0,4500848.0
2026-02-02,364980,10100.0,10500.0,9870.0,9935.0,5598033.0
2026-02-03,364980,10190.0,10335.0,9970.0,10335.0,3859213.0
2026-02-04,364980,10320.0,10630.0,10240.0,10580.0,4484134.0
2026-02-05,364980,10490.0,10710.0,10280.0,10430.0,5177810.0
2026-02-06,364980,10105.0,10130.0,9855.0,10055.0,4233946.0
2026-02-09,364980,10315.0,10425.0,10115.0,10330.0,3803646.0
2026-02-10,364980,10355.0,10485.0,10215.0,10360.0,2056588.0
2026-02-11,364980,10355.0,10420.0,10250.0,10355.0,1162011.0
2026-02-12,364980,10455.0,10770.0,10380.0,10685.0,3965755.0
2026-02-13,364980,10570.0,10640.0,10385.0,10440.0,2442654.0
2026-02-19,364980,10535.0,10920.0,10500.0,10905.0,4322983.0
2026-02-20,364980,10950.0,11145.0,10895.0,11100.0,3914156.0
2026-02-23,364980,11205.0,11235.0,10875.0,10965.0,2114996.0
2026-02-24,364980,11165.0,11465.0,11060.0,11440.0,5581683.0
2026-02-25,364980,11515.0,11775.0,11215.0,11655.0,4233872.0
2026-02-26,364980,11855.0,11935.0,11505.0,11705.0,3555566.0
2026-02-27,364980,11600.0,11920.0,11420.0,11820.0,3415345.0
2026-03-03,364980,11620.0,11840.0,10905.0,10920.0,6834017.0
2026-03-04,364980,10480.0,10800.0,9285.0,9295.0,8233745.0
2026-03-05,364980,10130.0,10615.0,10075.0,10335.0,4606633.0
2026-03-06,364980,10335.0,10690.0,10110.0,10595.0,3719998.0
2026-03-09,364980,10085.0,10310.0,9800.0,10070.0,4623334.0
2026-03-10,364980,10475.0,10480.0,10050.0,10250.0,2965221.0
2026-03-11,364980,10410.0,10600.0,10155.0,10285.0,2008381.0
2026-03-12,364980,10220.0,10410.0,10165.0,10300.0,1424900.0
2026-03-13,364980,10005.0,10095.0,9900.0,9990.0,2793898.0
2026-03-16,364980,9985.0,10015.0,9730.0,9815.0,2411145.0
2026-03-17,364980,9985.0,10165.0,9985.0,10115.0,2432229.0
2026-03-18,364980,10255.0,10345.0,10175.0,10335.0,2215272.0
2026-03-19,364980,10075.0,10260.0,10050.0,10065.0,1576947.0
2026-03-20,364980,10140.0,10195.0,10070.0,10110.0,1233005.0
2026-03-23,364980,9820.0,9850.0,9525.0,9525.0,2295354.0
2026-03-24,364980,9910.0,10220.0,9865.0,10210.0,3332395.0
2026-03-25,364980,10265.0,10470.0,10240.0,10380.0,2311368.0
2026-03-26,364980,10305.0,10505.0,10120.0,10165.0,2057125.0
2026-03-27,364980,9985.0,10395.0,9730.0,10350.0,2448114.0
2026-03-30,364980,10025.0,10665.0,9990.0,10575.0,3788930.0
2026-03-31,364980,10575.0,10610.0,10130.0,10225.0,3759887.0
2026-04-01,364980,10580.0,10710.0,10355.0,10705.0,3220121.0
2026-04-02,364980,10710.0,11150.0,10515.0,10620.0,5309232.0
2026-04-03,364980,10830.0,10990.0,10505.0,10655.0,3374730.0
2026-04-06,364980,10655.0,11100.0,10655.0,10885.0,3841739.0
2026-04-07,364980,10820.0,11225.0,10765.0,10855.0,3677394.0
2026-04-08,364980,11245.0,11275.0,10935.0,11215.0,3357491.0
2026-04-09,364980,11220.0,11500.0,11125.0,11380.0,3132708.0
2026-04-10,364980,11480.0,11505.0,11265.0,11350.0,1932629.0
2026-04-13,364980,11210.0,11370.0,11005.0,11150.0,2104594.0
2026-04-14,364980,11300.0,11315.0,11030.0,11100.0,2041511.0
2026-04-15,364980,11190.0,11335.0,11145.0,11230.0,2361467.0
2026-04-16,364980,11350.0,11415.0,11295.0,11395.0,2601004.0
2026-04-17,364980,11440.0,11820.0,11365.0,11820.0,3814922.0
2026-04-20,364980,11820.0,12240.0,11755.0,12115.0,4688536.0
2026-04-21,364980,12510.0,13545.0,12370.0,13545.0,16162954.0
2026-04-22,364980,13825.0,13900.0,13350.0,13675.0,16633073.0
2026-04-23,364980,13675.0,13700.0,12875.0,13150.0,11555155.0
2026-04-24,364980,13310.0,13555.0,13115.0,13425.0,7401317.0
2026-04-27,364980,13450.0,13470.0,13060.0,13290.0,5680153.0
2026-04-28,364980,13595.0,14070.0,13595.0,14040.0,12100149.0
2026-04-29,364980,14100.0,14350.0,14015.0,14350.0,9285243.0
2026-04-30,364980,14380.0,14380.0,13905.0,13990.0,7424774.0
2026-05-04,364980,14420.0,14615.0,14290.0,14560.0,8198963.0
2026-05-06,364980,14795.0,14830.0,14415.0,14830.0,5797519.0
2026-05-07,364980,14845.0,14945.0,14365.0,14900.0,5513919.0
2026-05-08,364980,14795.0,14850.0,14480.0,14620.0,4787900.0
2026-05-11,364980,14600.0,14610.0,14090.0,14430.0,6189228.0
2026-05-12,364980,14405.0,14445.0,13110.0,13480.0,12008233.0
2026-05-13,364980,13260.0,13470.0,12905.0,13355.0,7576751.0
2026-05-14,364980,13765.0,13790.0,13230.0,13585.0,5586117.0
2026-05-15,364980,13585.0,14090.0,12605.0,12900.0,9027554.0
2026-05-18,364980,12675.0,12775.0,12010.0,12760.0,5579120.0
2026-05-19,364980,12765.0,12895.0,11965.0,12225.0,6127281.0
2026-05-20,364980,12225.0,12270.0,11560.0,11755.0,5802172.0
2026-05-21,364980,12135.0,12600.0,12045.0,12550.0,5292521.0
2026-05-22,364980,12925.0,13170.0,12735.0,12930.0,5111405.0
2026-05-26,364980,13260.0,13280.0,12825.0,12870.0,3240326.0
2026-05-27,364980,12790.0,13165.0,12410.0,12430.0,4134986.0
2026-05-28,364980,13135.0,13355.0,12600.0,13155.0,12546888.0
2026-05-29,364980,13160.0,13510.0,12835.0,13380.0,6899759.0
2026-06-01,364980,13370.0,13400.0,13005.0,13030.0,5227922.0
2026-06-02,364980,12845.0,13505.0,12340.0,12400.0,8423188.0
2026-06-04,364980,12625.0,12875.0,12085.0,12325.0,4963703.0
2026-06-05,364980,12295.0,12340.0,11550.0,11860.0,3858266.0
2026-06-08,364980,10815.0,11145.0,10650.0,10690.0,4691369.0
2026-06-09,364980,10915.0,11150.0,10625.0,11040.0,3925116.0
2026-06-10,364980,10905.0,11210.0,10430.0,10700.0,2713934.0
2026-06-11,364980,10425.0,10780.0,10170.0,10780.0,2204724.0
2026-06-12,364980,11265.0,11760.0,11120.0,11330.0,3946825.0
2026-06-15,364980,11860.0,11965.0,11650.0,11965.0,4063644.0
2026-06-16,364980,11965.0,11965.0,11660.0,11770.0,1889279.0
2026-06-17,364980,11830.0,11865.0,11520.0,11715.0,2952477.0
2026-06-18,364980,11680.0,11680.0,11155.0,11210.0,2619058.0
2026-06-19,364980,11210.0,11710.0,10970.0,11255.0,5028073.0
2026-06-22,364980,11300.0,11325.0,10835.0,10940.0,3179823.0
2026-06-23,364980,10935.0,11145.0,9855.0,9890.0,6709002.0
2026-06-24,364980,9890.0,10275.0,9780.0,10200.0,5859361.0
2026-06-25,364980,10345.0,10400.0,9870.0,9880.0,3284983.0
2026-06-26,364980,9870.0,9995.0,9085.0,9280.0,4611442.0
2026-06-29,364980,9470.0,10730.0,9330.0,10730.0,7457193.0
2026-06-30,364980,10520.0,10555.0,9970.0,9970.0,7111718.0
2026-07-01,364980,10075.0,10120.0,9650.0,9830.0,3706133.0
2026-07-02,364980,9640.0,9960.0,9350.0,9600.0,3807320.0
2026-07-03,364980,9690.0,9770.0,9125.0,9755.0,3287665.0
2026-07-06,364980,9765.0,9785.0,9295.0,9535.0,3376549.0
2026-07-07,364980,9535.0,9545.0,9035.0,9240.0,4104046.0
2026-07-08,364980,9090.0,9165.0,8665.0,8775.0,4540753.0
2026-07-09,364980,8775.0,9070.0,8495.0,8580.0,4641159.0
2026-07-10,364980,8805.0,9310.0,8805.0,9125.0,4292290.0
2026-07-13,364980,9220.0,9760.0,9125.0,9155.0,5445522.0
2026-07-14,364980,9325.0,9355.0,8685.0,8985.0,3629814.0
2026-07-15,364980,9185.0,9560.0,9100.0,9430.0,3532549.0
2026-07-16,364980,9380.0,9600.0,9025.0,9215.0,4048940.0
2025-01-15,379800,19076.0,19091.0,19042.0,19071.0,2739525.0
2025-01-16,379800,19355.0,19394.0,19281.0,19374.0,3533599.0
2025-01-17,379800,19321.0,19369.0,19272.0,19355.0,2723628.0
2025-01-20,379800,19536.0,19545.0,19394.0,19443.0,2241966.0
2025-01-21,379800,19379.0,19379.0,19203.0,19306.0,4266808.0
2025-01-22,379800,19409.0,19492.0,19365.0,19443.0,2320736.0
2025-01-23,379800,19526.0,19550.0,19501.0,19526.0,2141535.0
2025-01-24,379800,19599.0,19648.0,19526.0,19550.0,3129117.0
2025-01-31,379800,19594.0,19804.0,19589.0,19770.0,3007477.0
2025-02-03,379800,19506.0,19550.0,19379.0,19413.0,3120763.0
2025-02-04,379800,19604.0,19643.0,19506.0,19594.0,3432962.0
2025-02-05,379800,19565.0,19585.0,19399.0,19404.0,4006821.0
2025-02-06,379800,19560.0,19668.0,19560.0,19633.0,2998444.0
2025-02-07,379800,19658.0,19692.0,19629.0,19653.0,3466973.0
2025-02-10,379800,19663.0,19677.0,19585.0,19589.0,4888231.0
2025-02-11,379800,19648.0,19677.0,19638.0,19643.0,3572690.0
2025-02-12,379800,19692.0,19736.0,19668.0,19697.0,3765098.0
2025-02-13,379800,19692.0,19707.0,19609.0,19609.0,4676467.0
2025-02-14,379800,19702.0,19770.0,19687.0,19731.0,3017049.0
2025-02-17,379800,19721.0,19741.0,19682.0,19712.0,3308467.0
2025-02-18,379800,19716.0,19790.0,19716.0,19765.0,3125572.0
2025-02-19,379800,19756.0,19785.0,19721.0,19721.0,5046071.0
2025-02-20,379800,19775.0,19780.0,19668.0,19692.0,8948629.0
2025-02-21,379800,19619.0,19638.0,19565.0,19604.0,5734807.0
2025-02-24,379800,19399.0,19399.0,19228.0,19296.0,5159093.0
2025-02-25,379800,19150.0,19193.0,19125.0,19164.0,5226085.0
2025-02-26,379800,19110.0,19159.0,19076.0,19150.0,6559573.0
2025-02-27,379800,19135.0,19301.0,19091.0,19301.0,9187662.0
2025-02-28,379800,19081.0,19198.0,19037.0,19198.0,7042420.0
2025-03-04,379800,19154.0,19174.0,19057.0,19169.0,17000658.0
2025-03-05,379800,18944.0,18993.0,18886.0,18895.0,15723306.0
2025-03-06,379800,18856.0,18866.0,18758.0,18837.0,6619725.0
2025-03-07,379800,18661.0,18661.0,18578.0,18583.0,11772167.0
2025-03-10,379800,18539.0,18715.0,18514.0,18651.0,19285680.0
2025-03-11,379800,18323.0,18363.0,18099.0,18348.0,9334999.0
2025-03-12,379800,18167.0,18192.0,18104.0,18118.0,7973841.0
2025-03-13,379800,18201.0,18240.0,18084.0,18108.0,18096343.0
2025-03-14,379800,18060.0,18128.0,18020.0,18040.0,6150284.0
2025-03-17,379800,18196.0,18216.0,18128.0,18138.0,10773695.0
2025-03-18,379800,18309.0,18397.0,18289.0,18397.0,16314335.0
2025-03-19,379800,18255.0,18299.0,18226.0,18275.0,14157524.0
2025-03-20,379800,18539.0,18651.0,18539.0,18612.0,13566412.0
2025-03-21,379800,18568.0,18641.0,18509.0,18519.0,12544254.0
2025-03-24,379800,18646.0,18758.0,18646.0,18749.0,25936520.0
2025-03-25,379800,18939.0,18969.0,18925.0,18930.0,12799693.0
2025-03-26,379800,18959.0,18998.0,18920.0,18930.0,8081930.0
2025-03-27,379800,18749.0,18783.0,18715.0,18763.0,11755361.0
2025-03-28,379800,18671.0,18715.0,18651.0,18710.0,6949432.0
2025-03-31,379800,18265.0,18270.0,18211.0,18260.0,4890159.0
2025-04-01,379800,18441.0,18470.0,18367.0,18441.0,5066617.0
2025-04-02,379800,18578.0,18583.0,18441.0,18475.0,6513075.0
2025-04-03,379800,18040.0,18148.0,18011.0,18084.0,8498373.0
2025-04-04,379800,17561.0,17576.0,17190.0,17287.0,9134532.0
2025-04-07,379800,16173.0,16324.0,15885.0,15982.0,10622872.0
2025-04-08,379800,16799.0,16955.0,16750.0,16901.0,7122193.0
2025-04-09,379800,16354.0,16466.0,16104.0,16285.0,5067776.0
2025-04-10,379800,17830.0,17898.0,17649.0,17703.0,6143792.0
2025-04-11,379800,17102.0,17351.0,16799.0,17317.0,7667481.0
2025-04-14,379800,17317.0,17356.0,17219.0,17287.0,5194546.0
2025-04-15,379800,17180.0,17273.0,17155.0,17253.0,4063296.0
2025-04-16,379800,17131.0,17175.0,16930.0,17018.0,5003434.0
2025-04-17,379800,16735.0,16940.0,16725.0,16921.0,4284727.0
2025-04-18,379800,16896.0,16940.0,16794.0,16940.0,1662840.0
2025-04-21,379800,16745.0,16769.0,16603.0,16667.0,4751505.0
2025-04-22,379800,16486.0,16583.0,16442.0,16505.0,5860798.0
2025-04-23,379800,17224.0,17229.0,17087.0,17106.0,3175259.0
2025-04-24,379800,17204.0,17253.0,17155.0,17253.0,4393054.0
2025-04-25,379800,17625.0,17766.0,17625.0,17727.0,4048033.0
2025-04-28,379800,17737.0,17771.0,17673.0,17771.0,3304489.0
2025-04-29,379800,17810.0,17889.0,17786.0,17796.0,4206756.0
2025-04-30,379800,17815.0,17815.0,17619.0,17654.0,3965404.0
2025-05-02,379800,17938.0,18163.0,17752.0,17752.0,3500839.0
2025-05-07,379800,17502.0,17717.0,17477.0,17624.0,4634671.0
2025-05-08,379800,17634.0,17786.0,17590.0,17737.0,3536528.0
2025-05-09,379800,17791.0,17957.0,17727.0,17781.0,4168591.0
2025-05-12,379800,17889.0,18075.0,17859.0,18056.0,2503052.0
2025-05-13,379800,18511.0,18551.0,18389.0,18487.0,3761633.0
2025-05-14,379800,18698.0,18742.0,18570.0,18732.0,2475212.0
2025-05-15,379800,18600.0,18610.0,18340.0,18369.0,2622241.0
2025-05-16,379800,18497.0,18536.0,18394.0,18413.0,3396072.0
2025-05-19,379800,18511.0,18565.0,18448.0,18462.0,1884564.0
2025-05-20,379800,18585.0,18654.0,18511.0,18541.0,1002965.0
2025-05-21,379800,18531.0,18531.0,18369.0,18384.0,2635405.0
2025-05-22,379800,18046.0,18114.0,17997.0,18105.0,1902178.0
2025-05-23,379800,18114.0,18139.0,17948.0,17977.0,2886262.0
2025-05-26,379800,17967.0,17997.0,17859.0,17957.0,2336505.0
2025-05-27,379800,17967.0,18021.0,17923.0,18011.0,974324.0
2025-05-28,379800,18257.0,18291.0,18173.0,18261.0,1712691.0
2025-05-29,379800,18477.0,18575.0,18438.0,18458.0,1640392.0
2025-05-30,379800,18124.0,18291.0,18080.0,18252.0,2418062.0
2025-06-02,379800,18252.0,18252.0,18065.0,18090.0,2776242.0
2025-06-04,379800,18394.0,18443.0,18335.0,18335.0,2313361.0
2025-06-05,379800,18237.0,18261.0,18139.0,18178.0,4319407.0
2025-06-09,379800,18266.0,18335.0,18188.0,18222.0,4169248.0
2025-06-10,379800,18237.0,18409.0,18222.0,18379.0,6708262.0
2025-06-11,379800,18448.0,18560.0,18418.0,18560.0,5556694.0
2025-06-12,379800,18467.0,18472.0,18237.0,18306.0,8993600.0
2025-06-13,379800,18247.0,18335.0,18139.0,18266.0,2333727.0
2025-06-16,379800,18330.0,18379.0,18257.0,18330.0,4048880.0
2025-06-17,379800,18325.0,18389.0,18301.0,18384.0,4367041.0
2025-06-18,379800,18467.0,18502.0,18394.0,18433.0,2609999.0
2025-06-19,379800,18433.0,18526.0,18394.0,18453.0,2991147.0
2025-06-20,379800,18409.0,18428.0,18291.0,18310.0,5002892.0
2025-06-23,379800,18340.0,18487.0,18315.0,18487.0,3701208.0
2025-06-24,379800,18575.0,18600.0,18516.0,18580.0,7343962.0
2025-06-25,379800,18580.0,18663.0,18531.0,18634.0,4429869.0
2025-06-26,379800,18570.0,18610.0,18526.0,18590.0,4661781.0
2025-06-27,379800,18712.0,18747.0,18663.0,18747.0,5384374.0
2025-06-30,379800,18874.0,18894.0,18727.0,18796.0,4171324.0
2025-07-01,379800,18815.0,18874.0,18776.0,18850.0,8009940.0
2025-07-02,379800,18850.0,18977.0,18845.0,18958.0,4188921.0
2025-07-03,379800,18938.0,19051.0,18928.0,19016.0,2418268.0
2025-07-04,379800,19154.0,19237.0,19080.0,19124.0,2986706.0
2025-07-07,379800,19124.0,19222.0,19119.0,19183.0,5058586.0
2025-07-08,379800,19159.0,19173.0,19090.0,19149.0,3418171.0
2025-07-09,379800,19159.0,19208.0,19149.0,19193.0,5621343.0
2025-07-10,379800,19291.0,19306.0,19217.0,19217.0,4451063.0
2025-07-11,379800,19350.0,19360.0,19266.0,19345.0,6374627.0
2025-07-14,379800,19286.0,19301.0,19237.0,19301.0,3456318.0
2025-07-15,379800,19404.0,19516.0,19404.0,19482.0,5307267.0
2025-07-16,379800,19389.0,19443.0,19374.0,19379.0,4067783.0
2025-07-17,379800,19467.0,19600.0,19467.0,19600.0,4515084.0
2025-07-18,379800,19678.0,19767.0,19668.0,19742.0,3446949.0
2025-07-21,379800,19703.0,19717.0,19664.0,19668.0,3340928.0
2025-07-22,379800,19605.0,19664.0,19590.0,19639.0,3699724.0
2025-07-23,379800,19615.0,19619.0,19526.0,19595.0,7911634.0
2025-07-24,379800,19644.0,19659.0,19502.0,19546.0,15296033.0
2025-07-25,379800,19644.0,19752.0,19624.0,19737.0,8572053.0
2025-07-28,379800,19865.0,19904.0,19835.0,19904.0,4483616.0
2025-07-29,379800,19928.0,20002.0,19928.0,19982.0,3679500.0
2025-07-30,379800,19859.0,19879.0,19731.0,19810.0,6482011.0
2025-07-31,379800,20007.0,20135.0,19953.0,20002.0,10777752.0
2025-08-01,379800,19829.0,19928.0,19790.0,19874.0,4517334.0
2025-08-04,379800,19475.0,19480.0,19416.0,19470.0,6356366.0
2025-08-05,379800,19692.0,19790.0,19657.0,19770.0,7954521.0
2025-08-06,379800,19598.0,19751.0,19588.0,19736.0,8753953.0
2025-08-07,379800,19765.0,19825.0,19696.0,19731.0,7536579.0
2025-08-08,379800,19701.0,19829.0,19687.0,19810.0,5581906.0
2025-08-11,379800,19908.0,19967.0,19908.0,19938.0,6082155.0
2025-08-12,379800,19918.0,19948.0,19864.0,19923.0,11366322.0
2025-08-13,379800,20031.0,20061.0,19987.0,19992.0,6921695.0
2025-08-14,379800,20002.0,20100.0,20002.0,20036.0,12710451.0
2025-08-18,379800,20155.0,20169.0,20046.0,20046.0,4207543.0
2025-08-19,379800,20110.0,20120.0,20071.0,20105.0,4043371.0
2025-08-20,379800,20066.0,20115.0,20027.0,20081.0,3753879.0
2025-08-21,379800,20066.0,20100.0,20036.0,20091.0,3481661.0
2025-08-22,379800,20056.0,20071.0,19903.0,19903.0,6856065.0
2025-08-25,379800,20120.0,20165.0,20096.0,20105.0,3211931.0
2025-08-26,379800,20120.0,20194.0,20012.0,20194.0,8531056.0
2025-08-27,379800,20283.0,20302.0,20258.0,20298.0,3193868.0
2025-08-28,379800,20229.0,20229.0,20169.0,20199.0,4445318.0
2025-08-29,379800,20248.0,20298.0,20219.0,20293.0,2709505.0
2025-09-01,379800,20224.0,20273.0,20179.0,20179.0,4406816.0
2025-09-02,379800,20209.0,20253.0,20150.0,20174.0,3563955.0
2025-09-03,379800,20155.0,20160.0,20076.0,20100.0,4678016.0
2025-09-04,379800,20130.0,20238.0,20120.0,20199.0,2798824.0
2025-09-05,379800,20362.0,20396.0,20327.0,20381.0,3974505.0
2025-09-08,379800,20273.0,20332.0,20238.0,20293.0,5269210.0
2025-09-09,379800,20258.0,20322.0,20233.0,20302.0,3339010.0
2025-09-10,379800,20362.0,20386.0,20332.0,20342.0,6300443.0
2025-09-11,379800,20406.0,20460.0,20386.0,20460.0,6234385.0
2025-09-12,379800,20588.0,20588.0,20539.0,20549.0,4761883.0
2025-09-15,379800,20598.0,20608.0,20544.0,20583.0,2884422.0
2025-09-16,379800,20608.0,20623.0,20529.0,20539.0,3704420.0
2025-09-17,379800,20500.0,20539.0,20475.0,20504.0,5210405.0
2025-09-18,379800,20549.0,20692.0,20549.0,20672.0,4367979.0
2025-09-19,379800,20746.0,20835.0,20731.0,20775.0,4048546.0
2025-09-22,379800,20923.0,20938.0,20815.0,20815.0,4476269.0
2025-09-23,379800,20938.0,21002.0,20928.0,20958.0,5648925.0
2025-09-24,379800,20879.0,20953.0,20854.0,20953.0,2449003.0
2025-09-25,379800,20958.0,20963.0,20904.0,20913.0,2724076.0
2025-09-26,379800,20913.0,21027.0,20913.0,21017.0,2506540.0
2025-09-29,379800,21061.0,21061.0,20963.0,20977.0,2687992.0
2025-09-30,379800,20968.0,21041.0,20943.0,21012.0,3408331.0
2025-10-01,379800,21056.0,21125.0,20982.0,20982.0,2314884.0
2025-10-02,379800,21145.0,21219.0,21145.0,21150.0,3493921.0
2025-10-10,379800,21544.0,21598.0,21519.0,21569.0,3654798.0
2025-10-13,379800,21293.0,21386.0,21224.0,21288.0,7157539.0
2025-10-14,379800,21347.0,21450.0,21243.0,21293.0,5320812.0
2025-10-15,379800,21367.0,21391.0,21283.0,21332.0,3910738.0
2025-10-16,379800,21342.0,21352.0,21268.0,21322.0,6214351.0
2025-10-17,379800,21091.0,21135.0,21032.0,21056.0,3792399.0
2025-10-20,379800,21317.0,21376.0,21298.0,21357.0,2868878.0
2025-10-21,379800,21544.0,21628.0,21524.0,21623.0,3310738.0
2025-10-22,379800,21672.0,21726.0,21628.0,21707.0,2187255.0
2025-10-23,379800,21559.0,21761.0,21529.0,21726.0,2212140.0
2025-10-24,379800,21805.0,21874.0,21761.0,21854.0,3140240.0
2025-10-27,379800,22076.0,22096.0,21992.0,22076.0,4094377.0
2025-10-28,379800,22170.0,22234.0,22130.0,22234.0,4193174.0
2025-10-29,379800,22224.0,22298.0,22180.0,22258.0,3043440.0
2025-10-30,379800,22095.0,22144.0,22016.0,22100.0,6861901.0
2025-10-31,379800,22085.0,22100.0,21996.0,22016.0,5234738.0
2025-11-03,379800,22041.0,22120.0,21986.0,22006.0,3469367.0
2025-11-04,379800,22026.0,22140.0,21981.0,21981.0,3364987.0
2025-11-05,379800,21971.0,22070.0,21892.0,22070.0,5563147.0
2025-11-06,379800,22090.0,22135.0,22031.0,22115.0,3483525.0
2025-11-07,379800,21951.0,22100.0,21937.0,22090.0,4170296.0
2025-11-10,379800,22149.0,22219.0,22085.0,22135.0,3644447.0
2025-11-11,379800,22402.0,22560.0,22392.0,22486.0,2256166.0
2025-11-12,379800,22516.0,22684.0,22501.0,22649.0,2143585.0
2025-11-13,379800,22640.0,22773.0,22615.0,22709.0,4374402.0
2025-11-14,379800,22343.0,22382.0,22001.0,22105.0,4742076.0
2025-11-17,379800,22060.0,22234.0,22050.0,22199.0,3244063.0
2025-11-18,379800,21991.0,22090.0,21857.0,21897.0,3000846.0
2025-11-19,379800,21788.0,21897.0,21739.0,21813.0,2932633.0
2025-11-20,379800,22189.0,22283.0,22149.0,22224.0,3804636.0
2025-11-21,379800,21709.0,21798.0,21679.0,21773.0,3588676.0
2025-11-24,379800,21996.0,22080.0,21912.0,22070.0,2156044.0
2025-11-25,379800,22268.0,22293.0,22189.0,22214.0,3262574.0
2025-11-26,379800,22298.0,22417.0,22224.0,22397.0,4027525.0
2025-11-27,379800,22536.0,22560.0,22427.0,22476.0,2339060.0
2025-11-28,379800,22476.0,22659.0,22446.0,22659.0,2169841.0
2025-12-01,379800,22625.0,22640.0,22491.0,22526.0,3168443.0
2025-12-02,379800,22560.0,22620.0,22501.0,22506.0,3532658.0
2025-12-03,379800,22585.0,22679.0,22560.0,22630.0,3038196.0
2025-12-04,379800,22630.0,22758.0,22610.0,22748.0,4209017.0
2025-12-05,379800,22773.0,22813.0,22729.0,22739.0,4327300.0
2025-12-08,379800,22793.0,22803.0,22719.0,22753.0,5128377.0
2025-12-09,379800,22709.0,22739.0,22684.0,22719.0,7497145.0
2025-12-10,379800,22659.0,22699.0,22620.0,22679.0,4896479.0
2025-12-11,379800,22699.0,22719.0,22600.0,22659.0,3844094.0
2025-12-12,379800,22887.0,22932.0,22848.0,22932.0,3831929.0
2025-12-15,379800,22734.0,22788.0,22679.0,22689.0,4971581.0
2025-12-16,379800,22570.0,22575.0,22461.0,22565.0,4292812.0
2025-12-17,379800,22541.0,22689.0,22531.0,22689.0,5974264.0
2025-12-18,379800,22402.0,22461.0,22352.0,22417.0,5860727.0
2025-12-19,379800,22550.0,22610.0,22491.0,22546.0,4123964.0
2025-12-22,379800,22788.0,22872.0,22778.0,22848.0,4742685.0
2025-12-23,379800,22942.0,23011.0,22922.0,22971.0,3574003.0
2025-12-24,379800,23041.0,23060.0,22565.0,22570.0,5382700.0
2025-12-26,379800,22649.0,22739.0,22340.0,22506.0,5659006.0
2025-12-29,379800,22506.0,22516.0,22338.0,22338.0,4262951.0
2025-12-30,379800,22268.0,22412.0,22239.0,22407.0,3376976.0
2026-01-02,379800,22293.0,22392.0,22253.0,22382.0,5985127.0
2026-01-05,379800,22382.0,22451.0,22352.0,22352.0,5943664.0
2026-01-06,379800,22486.0,22565.0,22476.0,22531.0,7806990.0
2026-01-07,379800,22679.0,22714.0,22640.0,22640.0,8816482.0
2026-01-08,379800,22630.0,22645.0,22536.0,22546.0,12113999.0
2026-01-09,379800,22669.0,22768.0,22664.0,22748.0,7722944.0
2026-01-12,379800,22892.0,22951.0,22788.0,22927.0,7944355.0
2026-01-13,379800,23055.0,23174.0,23055.0,23159.0,10316411.0
2026-01-14,379800,23169.0,23214.0,23130.0,23140.0,14007059.0
2026-01-15,379800,22872.0,23011.0,22852.0,22991.0,17738515.0
2026-01-16,379800,23031.0,23159.0,23031.0,23150.0,17920105.0
2026-01-19,379800,23150.0,23150.0,22852.0,22882.0,6672512.0
2026-01-20,379800,22852.0,22932.0,22818.0,22843.0,25847276.0
2026-01-21,379800,22714.0,22739.0,22565.0,22625.0,29322978.0
2026-01-22,379800,22813.0,22882.0,22758.0,22803.0,22062776.0
2026-01-23,379800,22828.0,22932.0,22803.0,22902.0,20249962.0
2026-01-26,379800,22471.0,22531.0,22377.0,22456.0,17607940.0
2026-01-27,379800,22704.0,22768.0,22674.0,22699.0,8989756.0
2026-01-28,379800,22560.0,22605.0,22397.0,22471.0,12989823.0
2026-01-29,379800,22456.0,22481.0,22357.0,22471.0,13806280.0
2026-01-30,379800,22456.0,22531.0,22416.0,22441.0,14272150.0
2026-02-02,379800,22616.0,22735.0,22511.0,22596.0,11539835.0
2026-02-03,379800,22889.0,22889.0,22790.0,22800.0,15481336.0
2026-02-04,379800,22621.0,22675.0,22601.0,22650.0,13049150.0
2026-02-05,379800,22700.0,22790.0,22655.0,22780.0,11447212.0
2026-02-06,379800,22407.0,22511.0,22352.0,22496.0,18574534.0
2026-02-09,379800,22964.0,22979.0,22834.0,22834.0,10398681.0
2026-02-10,379800,22879.0,22919.0,22790.0,22894.0,9386871.0
2026-02-11,379800,22874.0,22874.0,22745.0,22745.0,7709635.0
2026-02-12,379800,22670.0,22710.0,22571.0,22611.0,11672784.0
2026-02-13,379800,22237.0,22297.0,22193.0,22217.0,15233583.0
2026-02-19,379800,22556.0,22561.0,22466.0,22466.0,13130476.0
2026-02-20,379800,22466.0,22491.0,22441.0,22466.0,10989194.0
2026-02-23,379800,22426.0,22426.0,22282.0,22292.0,8966693.0
2026-02-24,379800,22292.0,22387.0,22287.0,22297.0,7626730.0
2026-02-25,379800,22402.0,22436.0,22212.0,22227.0,12235494.0
2026-02-26,379800,22307.0,22387.0,22203.0,22307.0,14532718.0
2026-02-27,379800,22237.0,22352.0,22212.0,22337.0,17930452.0
2026-03-03,379800,22616.0,22680.0,22516.0,22531.0,15481076.0
2026-03-04,379800,22650.0,22745.0,22546.0,22566.0,16864541.0
2026-03-05,379800,22720.0,22745.0,22571.0,22675.0,9402471.0
2026-03-06,379800,22805.0,22844.0,22685.0,22775.0,15674504.0
2026-03-09,379800,22342.0,22387.0,22212.0,22387.0,9158258.0
2026-03-10,379800,22461.0,22601.0,22426.0,22511.0,10499193.0
2026-03-11,379800,22576.0,22650.0,22451.0,22501.0,10892127.0
2026-03-12,379800,22471.0,22516.0,22387.0,22466.0,8562038.0
2026-03-13,379800,22451.0,22541.0,22397.0,22516.0,6007096.0
2026-03-16,379800,22496.0,22556.0,22426.0,22541.0,8724871.0
2026-03-17,379800,22556.0,22556.0,22461.0,22481.0,24774447.0
2026-03-18,379800,22546.0,22650.0,22526.0,22611.0,15602262.0
2026-03-19,379800,22476.0,22476.0,22382.0,22421.0,24405543.0
2026-03-20,379800,22292.0,22416.0,22232.0,22397.0,16676800.0
2026-03-23,379800,22063.0,22158.0,22018.0,22153.0,16644793.0
2026-03-24,379800,22208.0,22237.0,22088.0,22163.0,14050601.0
2026-03-25,379800,22237.0,22372.0,22222.0,22317.0,10370207.0
2026-03-26,379800,22357.0,22431.0,22322.0,22352.0,12601345.0
2026-03-27,379800,22193.0,22217.0,22068.0,22212.0,8425251.0
2026-03-30,379800,21665.0,21839.0,21571.0,21839.0,14242136.0
2026-03-31,379800,21735.0,22203.0,21705.0,22108.0,14562644.0
2026-04-01,379800,22297.0,22347.0,22227.0,22282.0,14264423.0
2026-04-02,379800,22431.0,22461.0,22252.0,22257.0,11345923.0
2026-04-03,379800,22446.0,22451.0,22337.0,22347.0,15251447.0
2026-04-06,379800,22357.0,22426.0,22337.0,22382.0,14559528.0
2026-04-07,379800,22486.0,22496.0,22347.0,22382.0,13327703.0
2026-04-08,379800,22616.0,22645.0,22506.0,22581.0,17801334.0
2026-04-09,379800,22665.0,22700.0,22601.0,22680.0,16717668.0
2026-04-10,379800,22715.0,22869.0,22705.0,22834.0,13724485.0
2026-04-13,379800,22795.0,22831.0,22720.0,22795.0,17731712.0
2026-04-14,379800,23009.0,23118.0,22974.0,23043.0,13291520.0
2026-04-15,379800,23163.0,23228.0,23163.0,23203.0,23082774.0
2026-04-16,379800,23397.0,23461.0,23312.0,23447.0,22962883.0
2026-04-17,379800,23576.0,23616.0,23521.0,23591.0,20101140.0
2026-04-20,379800,23621.0,23651.0,23536.0,23646.0,16216800.0
2026-04-21,379800,23690.0,23705.0,23636.0,23660.0,15954956.0
2026-04-22,379800,23725.0,23760.0,23656.0,23685.0,12706897.0
2026-04-23,379800,23795.0,23815.0,23690.0,23785.0,18465418.0
2026-04-24,379800,23845.0,23884.0,23800.0,23855.0,14851961.0
2026-04-27,379800,23865.0,23909.0,23795.0,23825.0,12845073.0
2026-04-28,379800,23934.0,23954.0,23850.0,23869.0,9050656.0
2026-04-29,379800,23800.0,23910.0,23780.0,23885.0,9710230.0
2026-04-30,379800,24060.0,24085.0,23805.0,23870.0,17462626.0
2026-05-04,379800,24060.0,24115.0,23970.0,23970.0,23653104.0
2026-05-06,379800,24120.0,24125.0,23900.0,23945.0,31714405.0
2026-05-07,379800,24055.0,24205.0,24040.0,24200.0,31972834.0
2026-05-08,379800,24195.0,24455.0,24180.0,24455.0,15963774.0
2026-05-11,379800,24450.0,24660.0,24440.0,24600.0,13326745.0
2026-05-12,379800,24700.0,24870.0,24695.0,24860.0,12522589.0
2026-05-13,379800,24915.0,25095.0,24915.0,25000.0,17744824.0
2026-05-14,379800,25100.0,25190.0,25080.0,25160.0,19410400.0
2026-05-15,379800,25330.0,25415.0,25280.0,25280.0,22205654.0
2026-05-18,379800,25100.0,25110.0,24945.0,24945.0,16772798.0
2026-05-19,379800,25005.0,25185.0,25005.0,25175.0,19897249.0
2026-05-20,379800,25100.0,25155.0,25010.0,25080.0,23348768.0
2026-05-21,379800,25095.0,25315.0,25075.0,25295.0,18498693.0
2026-05-22,379800,25365.0,25645.0,25365.0,25615.0,19890658.0
2026-05-26,379800,25800.0,25800.0,25590.0,25600.0,26728314.0
2026-05-27,379800,25630.0,25640.0,25485.0,25535.0,16651338.0
2026-05-28,379800,25560.0,25685.0,25515.0,25515.0,16537173.0
2026-05-29,379800,25590.0,25800.0,25575.0,25800.0,14352033.0
2026-06-01,379800,25890.0,26095.0,25810.0,25855.0,16680533.0
2026-06-02,379800,25925.0,26025.0,25835.0,26000.0,16876674.0
2026-06-04,379800,26030.0,26080.0,25905.0,26065.0,15123279.0
2026-06-05,379800,26235.0,26440.0,25905.0,26280.0,13323059.0
2026-06-08,379800,25975.0,26025.0,25650.0,25695.0,21977253.0
2026-06-09,379800,25625.0,25640.0,25365.0,25410.0,32952449.0
2026-06-10,379800,25425.0,25460.0,25255.0,25405.0,37768605.0
2026-06-11,379800,24995.0,25245.0,24940.0,25245.0,26349382.0
2026-06-12,379800,25440.0,25510.0,25400.0,25420.0,27939223.0
2026-06-15,379800,25590.0,25747.0,25515.0,25735.0,33154127.0
2026-06-16,379800,25875.0,25935.0,25800.0,25840.0,37432652.0
2026-06-17,379800,25745.0,25830.0,25690.0,25770.0,38304077.0
2026-06-18,379800,25775.0,25830.0,25690.0,25830.0,38393227.0
2026-06-19,379800,26065.0,26085.0,25810.0,25820.0,24167312.0
2026-06-22,379800,25820.0,26050.0,25815.0,26050.0,26026686.0
2026-06-23,379800,26025.0,26050.0,25705.0,25745.0,11590576.0
2026-06-24,379800,25645.0,25795.0,25600.0,25750.0,20966058.0
2026-06-25,379800,25840.0,25945.0,25810.0,25885.0,22080502.0
2026-06-26,379800,25780.0,25835.0,25370.0,25410.0,20178359.0
2026-06-29,379800,25655.0,25840.0,25600.0,25820.0,22619217.0
2026-06-30,379800,25945.0,26120.0,25935.0,26115.0,14139205.0
2026-07-01,379800,26270.0,26425.0,26230.0,26310.0,30488335.0
2026-07-02,379800,26305.0,26390.0,26260.0,26320.0,43034670.0
2026-07-03,379800,26290.0,26290.0,25970.0,25970.0,10164379.0
2026-07-06,379800,26090.0,26180.0,25965.0,26035.0,37878484.0
2026-07-07,379800,26080.0,26135.0,25885.0,26010.0,41884609.0
2026-07-08,379800,25795.0,25805.0,25435.0,25435.0,49107073.0
2026-07-09,379800,25435.0,25615.0,25370.0,25585.0,33979362.0
2026-07-10,379800,25715.0,25815.0,25565.0,25600.0,75050724.0
2026-07-13,379800,25625.0,25770.0,25600.0,25680.0,22992723.0
2026-07-14,379800,25455.0,25490.0,25220.0,25440.0,35023572.0
2026-07-15,379800,25465.0,25580.0,25425.0,25450.0,73860976.0
2026-07-16,379800,25475.0,25525.0,25400.0,25400.0,80421161.0
