date,ticker,open,high,low,close,volume
2025-01-13,000270,104700.0,105400.0,103600.0,105400.0,1130422.0
2025-01-14,000270,104700.0,107900.0,104200.0,106700.0,1300498.0
2025-01-15,000270,106500.0,107200.0,102700.0,103300.0,1177799.0
2025-01-16,000270,104500.0,104800.0,103000.0,103400.0,654359.0
2025-01-17,000270,102400.0,103000.0,100400.0,101500.0,919480.0
2025-01-20,000270,101500.0,102000.0,100800.0,101000.0,411505.0
2025-01-21,000270,102100.0,105300.0,100700.0,101000.0,1033495.0
2025-01-22,000270,101900.0,103400.0,100700.0,103000.0,856499.0
2025-01-23,000270,102500.0,104000.0,101100.0,102700.0,730474.0
2025-01-24,000270,104400.0,104400.0,101000.0,101700.0,1296839.0
2025-01-31,000270,100800.0,102800.0,100200.0,102000.0,909716.0
2025-02-03,000270,100200.0,100700.0,95000.0,96100.0,2040413.0
2025-02-04,000270,99100.0,99200.0,96300.0,96700.0,1255891.0
2025-02-05,000270,97400.0,99300.0,97000.0,98100.0,923434.0
2025-02-06,000270,98300.0,98800.0,97200.0,98800.0,563800.0
2025-02-07,000270,97600.0,98900.0,96300.0,96500.0,991140.0
2025-02-10,000270,94000.0,95100.0,93000.0,94600.0,1722666.0
2025-02-11,000270,93200.0,95100.0,93200.0,93800.0,1172529.0
2025-02-12,000270,93300.0,94100.0,91400.0,91700.0,1688145.0
2025-02-13,000270,93800.0,95600.0,93300.0,94300.0,2326740.0
2025-02-14,000270,94400.0,95900.0,93700.0,95000.0,1349332.0
2025-02-17,000270,94300.0,94900.0,93100.0,94300.0,1049521.0
2025-02-18,000270,94300.0,95300.0,93700.0,93900.0,883917.0
2025-02-19,000270,92800.0,95800.0,92800.0,95000.0,1053531.0
2025-02-20,000270,94100.0,94800.0,93500.0,94500.0,1078110.0
2025-02-21,000270,95800.0,96700.0,94300.0,94600.0,960186.0
2025-02-24,000270,93700.0,94900.0,93600.0,94900.0,659841.0
2025-02-25,000270,94000.0,94300.0,93200.0,93200.0,1001392.0
2025-02-26,000270,93200.0,94200.0,93100.0,94100.0,789301.0
2025-02-27,000270,93700.0,94700.0,93600.0,94600.0,841391.0
2025-02-28,000270,93500.0,94400.0,93000.0,93200.0,1640049.0
2025-03-04,000270,93100.0,96300.0,91900.0,93300.0,1312252.0
2025-03-05,000270,94600.0,96600.0,94400.0,95900.0,1593290.0
2025-03-06,000270,99000.0,99300.0,97300.0,98000.0,1778981.0
2025-03-07,000270,96700.0,97800.0,96100.0,96800.0,1138412.0
2025-03-10,000270,95900.0,98400.0,95900.0,98000.0,1190280.0
2025-03-11,000270,96100.0,98500.0,96100.0,98400.0,1137146.0
2025-03-12,000270,98400.0,99400.0,97600.0,99100.0,1144714.0
2025-03-13,000270,98600.0,101300.0,98300.0,100400.0,2279252.0
2025-03-14,000270,100000.0,100600.0,99400.0,99500.0,1408638.0
2025-03-17,000270,99700.0,100100.0,98200.0,98800.0,1892886.0
2025-03-18,000270,93300.0,96400.0,93300.0,96400.0,2228720.0
2025-03-19,000270,96500.0,97200.0,95500.0,97100.0,1094424.0
2025-03-20,000270,96700.0,97000.0,95500.0,96000.0,1056834.0
2025-03-21,000270,95500.0,97400.0,95500.0,95700.0,2448199.0
2025-03-24,000270,95900.0,99500.0,95800.0,98700.0,1564435.0
2025-03-25,000270,102900.0,102900.0,100100.0,100800.0,1515074.0
2025-03-26,000270,102000.0,103000.0,101200.0,101400.0,1181983.0
2025-03-27,000270,99000.0,100000.0,97400.0,97900.0,1400285.0
2025-03-28,000270,95200.0,96500.0,94600.0,95300.0,1293885.0
2025-03-31,000270,93300.0,94100.0,91500.0,92300.0,1230700.0
2025-04-01,000270,92800.0,93700.0,92000.0,93200.0,656473.0
2025-04-02,000270,92400.0,93600.0,91800.0,92100.0,931914.0
2025-04-03,000270,89200.0,91400.0,88400.0,90800.0,1054819.0
2025-04-04,000270,89500.0,91800.0,88700.0,89700.0,947048.0
2025-04-07,000270,86100.0,87100.0,84100.0,84600.0,1066394.0
2025-04-08,000270,85500.0,86600.0,84200.0,84300.0,952615.0
2025-04-09,000270,83900.0,84200.0,82800.0,83800.0,1002947.0
2025-04-10,000270,89700.0,89800.0,87000.0,88200.0,1374506.0
2025-04-11,000270,86100.0,86200.0,81300.0,82000.0,2232779.0
2025-04-14,000270,82300.0,83800.0,81800.0,83000.0,797192.0
2025-04-15,000270,85700.0,86800.0,85000.0,85800.0,1128439.0
2025-04-16,000270,85400.0,86300.0,84600.0,84700.0,583287.0
2025-04-17,000270,84900.0,85550.0,84500.0,85000.0,430473.0
2025-04-18,000270,85300.0,87600.0,84600.0,87300.0,569432.0
2025-04-21,000270,87700.0,88500.0,87000.0,88000.0,416037.0
2025-04-22,000270,87600.0,88000.0,86600.0,86800.0,558552.0
2025-04-23,000270,88100.0,90700.0,87500.0,90000.0,1212681.0
2025-04-24,000270,90400.0,90800.0,88600.0,88800.0,908535.0
2025-04-25,000270,89500.0,89700.0,87500.0,88200.0,1356631.0
2025-04-28,000270,88500.0,89200.0,87700.0,88700.0,572742.0
2025-04-29,000270,90600.0,90900.0,89500.0,90600.0,808315.0
2025-04-30,000270,91000.0,91400.0,89600.0,90400.0,1023836.0
2025-05-02,000270,91000.0,91000.0,88600.0,89400.0,768903.0
2025-05-07,000270,90200.0,90400.0,87500.0,88100.0,1093539.0
2025-05-08,000270,88100.0,88700.0,87800.0,87800.0,1161546.0
2025-05-09,000270,89400.0,90700.0,89200.0,89300.0,967229.0
2025-05-12,000270,90200.0,92400.0,89800.0,92400.0,813230.0
2025-05-13,000270,94000.0,94800.0,92700.0,93700.0,1369914.0
2025-05-14,000270,93600.0,94000.0,91800.0,92400.0,878937.0
2025-05-15,000270,91900.0,92500.0,90900.0,91200.0,761239.0
2025-05-16,000270,91300.0,92300.0,91300.0,92000.0,500754.0
2025-05-19,000270,91300.0,91900.0,90800.0,91500.0,555859.0
2025-05-20,000270,92300.0,92800.0,90900.0,91200.0,710012.0
2025-05-21,000270,92700.0,92700.0,90900.0,91200.0,748573.0
2025-05-22,000270,90500.0,91100.0,88400.0,89200.0,1103198.0
2025-05-23,000270,89200.0,89500.0,86900.0,87100.0,879529.0
2025-05-26,000270,87000.0,88400.0,86200.0,88100.0,760388.0
2025-05-27,000270,87300.0,88500.0,87100.0,88200.0,607447.0
2025-05-28,000270,88500.0,90000.0,88500.0,89000.0,842967.0
2025-05-29,000270,90700.0,93700.0,90000.0,93200.0,1583303.0
2025-05-30,000270,91000.0,91200.0,89400.0,89400.0,1535385.0
2025-06-02,000270,88400.0,89600.0,88100.0,88400.0,663587.0
2025-06-04,000270,89200.0,90400.0,88600.0,89600.0,862750.0
2025-06-05,000270,89100.0,93500.0,89100.0,93100.0,1416289.0
2025-06-09,000270,94400.0,96200.0,93800.0,95300.0,1449046.0
2025-06-10,000270,96200.0,96400.0,94100.0,94500.0,1077370.0
2025-06-11,000270,95100.0,96900.0,95100.0,96900.0,992153.0
2025-06-12,000270,96900.0,99000.0,96800.0,98400.0,1768683.0
2025-06-13,000270,98000.0,98100.0,95600.0,97200.0,1506724.0
2025-06-16,000270,96500.0,97900.0,95100.0,97500.0,809768.0
2025-06-17,000270,98000.0,99800.0,97800.0,99600.0,1332802.0
2025-06-18,000270,98500.0,99400.0,97200.0,98900.0,1018716.0
2025-06-19,000270,99400.0,99800.0,97500.0,98200.0,691399.0
2025-06-20,000270,98000.0,98900.0,97200.0,98700.0,998377.0
2025-06-23,000270,97000.0,97000.0,94400.0,95900.0,867116.0
2025-06-24,000270,95700.0,98500.0,95700.0,96900.0,911752.0
2025-06-25,000270,97500.0,104500.0,97000.0,101100.0,2778238.0
2025-06-26,000270,100700.0,102500.0,98700.0,99100.0,1157512.0
2025-06-27,000270,99700.0,99700.0,97400.0,97700.0,574885.0
2025-06-30,000270,96900.0,98200.0,96600.0,96900.0,693015.0
2025-07-01,000270,97000.0,100500.0,97000.0,98700.0,1019849.0
2025-07-02,000270,100200.0,100700.0,98750.0,100000.0,1023366.0
2025-07-03,000270,100400.0,101500.0,99300.0,100100.0,774595.0
2025-07-04,000270,100500.0,101500.0,99100.0,99100.0,470300.0
2025-07-07,000270,98900.0,100000.0,98300.0,98600.0,430089.0
2025-07-08,000270,98600.0,99800.0,97500.0,99100.0,643120.0
2025-07-09,000270,98300.0,99800.0,97400.0,99600.0,1037777.0
2025-07-10,000270,99900.0,101200.0,99300.0,100100.0,1142761.0
2025-07-11,000270,100100.0,102100.0,99800.0,100800.0,1087429.0
2025-07-14,000270,100200.0,103300.0,99600.0,103000.0,1173952.0
2025-07-15,000270,102100.0,102300.0,99800.0,100000.0,1241921.0
2025-07-16,000270,99700.0,100500.0,99100.0,99500.0,668896.0
2025-07-17,000270,100000.0,100700.0,98500.0,100200.0,687922.0
2025-07-18,000270,100500.0,101400.0,99400.0,99800.0,586973.0
2025-07-21,000270,99700.0,100200.0,99100.0,99300.0,422784.0
2025-07-22,000270,99200.0,99700.0,97600.0,97800.0,646392.0
2025-07-23,000270,100800.0,106100.0,100500.0,106100.0,3318750.0
2025-07-24,000270,107200.0,109000.0,104000.0,105000.0,2027261.0
2025-07-25,000270,105000.0,107000.0,102400.0,104100.0,1395349.0
2025-07-28,000270,106300.0,107500.0,104500.0,105500.0,1045072.0
2025-07-29,000270,104300.0,106400.0,103500.0,105700.0,1196086.0
2025-07-30,000270,105000.0,112400.0,105000.0,110400.0,1917384.0
2025-07-31,000270,112700.0,113200.0,102300.0,102300.0,3132736.0
2025-08-01,000270,101300.0,104100.0,100800.0,100800.0,1374554.0
2025-08-04,000270,100700.0,103700.0,100500.0,102800.0,775610.0
2025-08-05,000270,103000.0,104200.0,101300.0,101400.0,891875.0
2025-08-06,000270,101300.0,102700.0,101200.0,101800.0,780400.0
2025-08-07,000270,103000.0,103300.0,101500.0,101800.0,649320.0
2025-08-08,000270,102300.0,102400.0,101400.0,101900.0,664464.0
2025-08-11,000270,101600.0,102750.0,101300.0,101600.0,536398.0
2025-08-12,000270,101100.0,103700.0,101000.0,101800.0,655429.0
2025-08-13,000270,102800.0,103300.0,102100.0,103200.0,534661.0
2025-08-14,000270,103600.0,104700.0,103100.0,103700.0,574716.0
2025-08-18,000270,102100.0,103400.0,102100.0,102200.0,539476.0
2025-08-19,000270,102500.0,104000.0,101900.0,104000.0,627551.0
2025-08-20,000270,104200.0,105500.0,103300.0,105100.0,713124.0
2025-08-21,000270,105700.0,105800.0,103900.0,103900.0,433907.0
2025-08-22,000270,104200.0,105500.0,104200.0,104800.0,553097.0
2025-08-25,000270,105000.0,105300.0,103200.0,104700.0,440278.0
2025-08-26,000270,104300.0,104600.0,103000.0,103000.0,606440.0
2025-08-27,000270,103100.0,104000.0,102900.0,103500.0,383772.0
2025-08-28,000270,104500.0,107200.0,103300.0,105700.0,974330.0
2025-08-29,000270,105900.0,107800.0,105500.0,105800.0,704357.0
2025-09-01,000270,106800.0,107900.0,106000.0,106500.0,496884.0
2025-09-02,000270,106200.0,107200.0,105750.0,107200.0,400273.0
2025-09-03,000270,106100.0,107800.0,106100.0,107000.0,544535.0
2025-09-04,000270,106000.0,107200.0,105800.0,107000.0,563510.0
2025-09-05,000270,106200.0,107000.0,106100.0,106600.0,442357.0
2025-09-08,000270,106100.0,106100.0,104100.0,104900.0,713309.0
2025-09-09,000270,105500.0,105900.0,104700.0,105500.0,599237.0
2025-09-10,000270,104900.0,107000.0,104900.0,106000.0,704159.0
2025-09-11,000270,105900.0,106800.0,105400.0,106600.0,1118881.0
2025-09-12,000270,106100.0,106600.0,105400.0,105900.0,906762.0
2025-09-15,000270,104800.0,105100.0,101300.0,101700.0,2334779.0
2025-09-16,000270,101700.0,101900.0,100500.0,101400.0,1317017.0
2025-09-17,000270,101200.0,101500.0,100500.0,101000.0,1005177.0
2025-09-18,000270,101500.0,102200.0,101100.0,102100.0,1143276.0
2025-09-19,000270,102300.0,102500.0,100500.0,101600.0,1545375.0
2025-09-22,000270,101500.0,102500.0,101200.0,101900.0,737975.0
2025-09-23,000270,101300.0,102900.0,101300.0,102800.0,597793.0
2025-09-24,000270,102900.0,103600.0,102500.0,103000.0,680285.0
2025-09-25,000270,103000.0,103000.0,101400.0,102000.0,775758.0
2025-09-26,000270,101200.0,101300.0,100200.0,100200.0,700206.0
2025-09-29,000270,100600.0,101200.0,100000.0,100700.0,639908.0
2025-09-30,000270,100200.0,101800.0,100200.0,100700.0,885167.0
2025-10-01,000270,100500.0,101500.0,100200.0,100600.0,580310.0
2025-10-02,000270,100700.0,105000.0,100700.0,104200.0,1580346.0
2025-10-10,000270,101100.0,102500.0,100600.0,100600.0,1354370.0
2025-10-13,000270,100900.0,101700.0,100100.0,101100.0,564201.0
2025-10-14,000270,100600.0,103900.0,100500.0,102500.0,971824.0
2025-10-15,000270,102100.0,103800.0,101800.0,103800.0,598957.0
2025-10-16,000270,109300.0,112100.0,108200.0,111300.0,2290270.0
2025-10-17,000270,110800.0,113400.0,110100.0,112100.0,1054766.0
2025-10-20,000270,117000.0,118000.0,111200.0,114500.0,1188885.0
2025-10-21,000270,115200.0,119800.0,115200.0,115800.0,1725109.0
2025-10-22,000270,118400.0,118600.0,115300.0,118100.0,1259947.0
2025-10-23,000270,116300.0,117500.0,114700.0,115000.0,1129493.0
2025-10-24,000270,115900.0,116200.0,113700.0,114900.0,738758.0
2025-10-27,000270,115400.0,117500.0,114800.0,114800.0,916818.0
2025-10-28,000270,114100.0,114200.0,112800.0,113600.0,872146.0
2025-10-29,000270,115300.0,116600.0,113100.0,115800.0,1165316.0
2025-10-30,000270,126100.0,126200.0,116100.0,116200.0,2737130.0
2025-10-31,000270,117000.0,122600.0,116000.0,119900.0,3039559.0
2025-11-03,000270,120700.0,121100.0,117500.0,117700.0,1371107.0
2025-11-04,000270,116600.0,119000.0,113500.0,114400.0,1179087.0
2025-11-05,000270,114400.0,114600.0,109400.0,111000.0,1290707.0
2025-11-06,000270,112500.0,113200.0,110250.0,112000.0,865031.0
2025-11-07,000270,110200.0,111600.0,108900.0,110100.0,536664.0
2025-11-10,000270,111500.0,114800.0,111400.0,113700.0,699593.0
2025-11-11,000270,114100.0,116000.0,113800.0,116000.0,959520.0
2025-11-12,000270,115700.0,119900.0,115300.0,118600.0,1238570.0
2025-11-13,000270,117200.0,118700.0,116700.0,118000.0,783292.0
2025-11-14,000270,116500.0,119500.0,115800.0,117000.0,667473.0
2025-11-17,000270,118100.0,118900.0,116800.0,117400.0,619912.0
2025-11-18,000270,116300.0,117300.0,114500.0,114500.0,514941.0
2025-11-19,000270,115700.0,116400.0,114100.0,114500.0,615044.0
2025-11-20,000270,115400.0,116200.0,113400.0,113400.0,651240.0
2025-11-21,000270,111900.0,114700.0,111500.0,114000.0,680023.0
2025-11-24,000270,114900.0,115000.0,111100.0,111100.0,1566600.0
2025-11-25,000270,112200.0,113200.0,111000.0,111200.0,632037.0
2025-11-26,000270,113200.0,113200.0,111600.0,113200.0,527546.0
2025-11-27,000270,113000.0,114000.0,112800.0,114000.0,477958.0
2025-11-28,000270,114000.0,115300.0,112900.0,114100.0,609629.0
2025-12-01,000270,113900.0,114400.0,111000.0,112300.0,690993.0
2025-12-02,000270,113200.0,117000.0,112900.0,117000.0,984373.0
2025-12-03,000270,117300.0,119200.0,116500.0,118600.0,1066553.0
2025-12-04,000270,119300.0,120900.0,117700.0,120300.0,1315070.0
2025-12-05,000270,118700.0,123800.0,118200.0,123600.0,2075345.0
2025-12-08,000270,125300.0,127250.0,123400.0,125600.0,1464750.0
2025-12-09,000270,124600.0,126100.0,123300.0,123800.0,966759.0
2025-12-10,000270,123800.0,124300.0,122000.0,123400.0,700984.0
2025-12-11,000270,124600.0,126400.0,122500.0,122900.0,1030322.0
2025-12-12,000270,123400.0,125800.0,123100.0,125800.0,684563.0
2025-12-15,000270,124900.0,125300.0,123600.0,124000.0,654771.0
2025-12-16,000270,124300.0,125400.0,120200.0,120800.0,971830.0
2025-12-17,000270,121900.0,121900.0,120200.0,121500.0,811670.0
2025-12-18,000270,119800.0,121200.0,119100.0,120400.0,658756.0
2025-12-19,000270,121200.0,121900.0,118200.0,121000.0,1103568.0
2025-12-22,000270,121700.0,121800.0,119500.0,121100.0,532952.0
2025-12-23,000270,121400.0,121900.0,119800.0,120200.0,398278.0
2025-12-24,000270,120300.0,122500.0,120000.0,121000.0,423315.0
2025-12-26,000270,121300.0,121700.0,119100.0,119800.0,425261.0
2025-12-29,000270,118600.0,121200.0,118300.0,121100.0,425379.0
2025-12-30,000270,119800.0,121800.0,119500.0,121800.0,435122.0
2026-01-02,000270,121100.0,122200.0,119500.0,120600.0,645645.0
2026-01-05,000270,121000.0,123200.0,120700.0,122600.0,858385.0
2026-01-06,000270,124500.0,125800.0,121700.0,122500.0,1302137.0
2026-01-07,000270,121400.0,130500.0,121300.0,129300.0,3038127.0
2026-01-08,000270,131000.0,131100.0,123600.0,124900.0,1693240.0
2026-01-09,000270,126400.0,133600.0,125300.0,133200.0,1738639.0
2026-01-12,000270,136000.0,137500.0,127900.0,129300.0,1768796.0
2026-01-13,000270,130700.0,136200.0,129500.0,136000.0,2944545.0
2026-01-14,000270,139600.0,146300.0,137200.0,143000.0,2992169.0
2026-01-15,000270,142800.0,152500.0,141400.0,152500.0,3375671.0
2026-01-16,000270,158000.0,159500.0,149700.0,151100.0,2624747.0
2026-01-19,000270,151800.0,170700.0,151300.0,169500.0,4040319.0
2026-01-20,000270,174000.0,177000.0,161800.0,163900.0,3225052.0
2026-01-21,000270,160100.0,174800.0,160000.0,172100.0,4144416.0
2026-01-22,000270,172900.0,175700.0,163600.0,164600.0,3390188.0
2026-01-23,000270,162200.0,165550.0,157300.0,159000.0,2594922.0
2026-01-26,000270,156800.0,158600.0,154100.0,155200.0,1425292.0
2026-01-27,000270,149300.0,153800.0,145900.0,153500.0,1856834.0
2026-01-28,000270,155100.0,156000.0,149100.0,149700.0,1756119.0
2026-01-29,000270,154000.0,156500.0,149700.0,154900.0,2518535.0
2026-01-30,000270,153400.0,156000.0,151300.0,152600.0,1571584.0
2026-02-02,000270,151600.0,156800.0,148200.0,150100.0,1396470.0
2026-02-03,000270,150100.0,154000.0,148800.0,154000.0,1341474.0
2026-02-04,000270,155100.0,158000.0,154000.0,156800.0,1387022.0
2026-02-05,000270,156700.0,161250.0,154800.0,156200.0,1589252.0
2026-02-06,000270,154600.0,154900.0,149000.0,151900.0,1269545.0
2026-02-09,000270,153700.0,155000.0,152200.0,153800.0,1370996.0
2026-02-10,000270,155800.0,158600.0,154600.0,154700.0,1011933.0
2026-02-11,000270,156400.0,162000.0,154700.0,161800.0,1622428.0
2026-02-12,000270,163200.0,166300.0,160700.0,166300.0,1804086.0
2026-02-13,000270,164900.0,166000.0,163200.0,164100.0,972962.0
2026-02-19,000270,169000.0,171500.0,164000.0,170000.0,1357727.0
2026-02-20,000270,170100.0,172700.0,168700.0,171800.0,1074310.0
2026-02-23,000270,174900.0,176800.0,171500.0,172700.0,1158150.0
2026-02-24,000270,171200.0,174500.0,169300.0,174000.0,1213901.0
2026-02-25,000270,175700.0,199900.0,175500.0,196100.0,3876333.0
2026-02-26,000270,197400.0,208000.0,194100.0,206000.0,1991104.0
2026-02-27,000270,199600.0,212500.0,197100.0,205500.0,2945241.0
2026-03-03,000270,185000.0,195700.0,180000.0,182300.0,3431157.0
2026-03-04,000270,167600.0,176900.0,155000.0,156700.0,2941762.0
2026-03-05,000270,171600.0,172600.0,163400.0,166400.0,2697408.0
2026-03-06,000270,161100.0,169600.0,161000.0,167000.0,1667956.0
2026-03-09,000270,152100.0,155000.0,150100.0,153400.0,1846031.0
2026-03-10,000270,160200.0,163000.0,157000.0,161000.0,1765368.0
2026-03-11,000270,169000.0,170400.0,160500.0,162000.0,1171357.0
2026-03-12,000270,161500.0,167000.0,161300.0,167000.0,1348612.0
2026-03-13,000270,161400.0,166200.0,158700.0,164300.0,1614149.0
2026-03-16,000270,162800.0,165200.0,161800.0,162000.0,1055451.0
2026-03-17,000270,167000.0,170900.0,167000.0,167300.0,1068349.0
2026-03-18,000270,171100.0,176300.0,170600.0,175100.0,1186749.0
2026-03-19,000270,171000.0,173900.0,170200.0,170500.0,904634.0
2026-03-20,000270,172100.0,172500.0,168500.0,168500.0,2000787.0
2026-03-23,000270,162100.0,163900.0,159200.0,161700.0,1347768.0
2026-03-24,000270,164000.0,164200.0,154500.0,157900.0,1544213.0
2026-03-25,000270,160600.0,163300.0,157900.0,157900.0,1032979.0
2026-03-26,000270,156500.0,158000.0,154300.0,154700.0,836063.0
2026-03-27,000270,150800.0,156300.0,149400.0,155800.0,832198.0
2026-03-30,000270,147400.0,151900.0,145400.0,151500.0,976319.0
2026-03-31,000270,145100.0,151800.0,143800.0,145200.0,1442003.0
2026-04-01,000270,152900.0,157000.0,150100.0,155300.0,1056596.0
2026-04-02,000270,157900.0,160300.0,148600.0,150600.0,1122509.0
2026-04-03,000270,153000.0,156100.0,149700.0,150200.0,508389.0
2026-04-06,000270,151000.0,154100.0,150200.0,151600.0,613147.0
2026-04-07,000270,152200.0,153400.0,149100.0,150800.0,719002.0
2026-04-08,000270,158200.0,160000.0,155300.0,159200.0,1136144.0
2026-04-09,000270,159300.0,163200.0,149100.0,150500.0,1896387.0
2026-04-10,000270,154000.0,154700.0,149000.0,149000.0,1787395.0
2026-04-13,000270,147400.0,148700.0,145700.0,147400.0,976438.0
2026-04-14,000270,149800.0,151700.0,149100.0,149200.0,924805.0
2026-04-15,000270,152000.0,154600.0,150800.0,151500.0,1100822.0
2026-04-16,000270,154600.0,158900.0,154600.0,157900.0,1405390.0
2026-04-17,000270,159800.0,159900.0,156800.0,159200.0,866411.0
2026-04-20,000270,158500.0,160300.0,156600.0,157400.0,602294.0
2026-04-21,000270,158200.0,160500.0,157700.0,160000.0,758081.0
2026-04-22,000270,160000.0,160100.0,157700.0,160000.0,770589.0
2026-04-23,000270,164700.0,164800.0,157000.0,158400.0,1112754.0
2026-04-24,000270,157700.0,157700.0,153400.0,153400.0,1088654.0
2026-04-27,000270,153800.0,154700.0,152100.0,152600.0,1418466.0
2026-04-28,000270,152900.0,159200.0,152300.0,155600.0,1572801.0
2026-04-29,000270,157300.0,157400.0,154000.0,156900.0,726697.0
2026-04-30,000270,155400.0,157400.0,151700.0,151800.0,1187225.0
2026-05-04,000270,156300.0,156500.0,153600.0,154000.0,779973.0
2026-05-06,000270,154300.0,158800.0,154000.0,154600.0,1124784.0
2026-05-07,000270,159000.0,161900.0,156300.0,157600.0,1567931.0
2026-05-08,000270,159800.0,170300.0,156400.0,164500.0,3759583.0
2026-05-11,000270,170400.0,178800.0,166500.0,174700.0,2981237.0
2026-05-12,000270,175700.0,180400.0,162500.0,168300.0,2971261.0
2026-05-13,000270,166500.0,179500.0,163800.0,179500.0,2667366.0
2026-05-14,000270,182100.0,183000.0,173600.0,178100.0,2320304.0
2026-05-15,000270,178200.0,184200.0,164900.0,168000.0,2839184.0
2026-05-18,000270,168800.0,170700.0,158600.0,162500.0,1367438.0
2026-05-19,000270,161700.0,162600.0,152100.0,154900.0,1578129.0
2026-05-20,000270,153600.0,154900.0,147700.0,149400.0,1918825.0
2026-05-21,000270,154500.0,169300.0,153700.0,167900.0,1633956.0
2026-05-22,000270,169500.0,169800.0,162400.0,164800.0,900343.0
2026-05-26,000270,168400.0,170500.0,165500.0,167000.0,887765.0
2026-05-27,000270,167300.0,169000.0,162500.0,164700.0,1295315.0
2026-05-28,000270,172900.0,173000.0,159500.0,164300.0,1409381.0
2026-05-29,000270,165500.0,172500.0,164100.0,169200.0,2545048.0
2026-06-01,000270,169200.0,169200.0,169200.0,169200.0,0.0
2025-01-13,000660,203000.0,203000.0,193900.0,194300.0,4767294.0
2025-01-14,000660,194300.0,197900.0,193600.0,195000.0,3019149.0
2025-01-15,000660,198000.0,201000.0,197700.0,198200.0,3620460.0
2025-01-16,000660,208500.0,210000.0,206500.0,210000.0,6029645.0
2025-01-17,000660,209500.0,217500.0,209000.0,214500.0,5041329.0
2025-01-20,000660,219000.0,219000.0,210500.0,212000.0,3036234.0
2025-01-21,000660,216500.0,220000.0,214000.0,218000.0,3323212.0
2025-01-22,000660,221500.0,227000.0,217000.0,225500.0,5901740.0
2025-01-23,000660,221000.0,225500.0,215000.0,219500.0,5994781.0
2025-01-24,000660,220500.0,227000.0,217500.0,221000.0,3771572.0
2025-01-31,000660,197000.0,204500.0,194800.0,199200.0,11871995.0
2025-02-03,000660,191500.0,193200.0,186900.0,190900.0,7926444.0
2025-02-04,000660,192900.0,194300.0,190100.0,191100.0,5851146.0
2025-02-05,000660,191900.0,199400.0,191900.0,198800.0,4245118.0
2025-02-06,000660,202000.0,205000.0,200500.0,203500.0,4032622.0
2025-02-07,000660,205000.0,206000.0,200500.0,203000.0,2206293.0
2025-02-10,000660,197800.0,203000.0,197000.0,198100.0,2779740.0
2025-02-11,000660,201000.0,201500.0,198000.0,199700.0,2488710.0
2025-02-12,000660,196500.0,199900.0,196000.0,198900.0,2884072.0
2025-02-13,000660,198800.0,208500.0,198100.0,208500.0,3574410.0
2025-02-14,000660,209000.0,212000.0,206500.0,210000.0,2598656.0
2025-02-17,000660,211500.0,216000.0,211000.0,212000.0,2497922.0
2025-02-18,000660,212000.0,215000.0,207000.0,210000.0,1937894.0
2025-02-19,000660,216000.0,219500.0,214000.0,218500.0,3537720.0
2025-02-20,000660,217000.0,218500.0,211000.0,212000.0,3080242.0
2025-02-21,000660,209500.0,211000.0,205500.0,209500.0,2601151.0
2025-02-24,000660,202500.0,205000.0,201000.0,205000.0,3087127.0
2025-02-25,000660,199800.0,202000.0,199200.0,200500.0,3651613.0
2025-02-26,000660,199000.0,206000.0,198600.0,203000.0,3849749.0
2025-02-27,000660,204500.0,205000.0,198100.0,199200.0,3993419.0
2025-02-28,000660,191600.0,193000.0,188700.0,190200.0,5533027.0
2025-03-04,000660,184800.0,187500.0,184000.0,186100.0,5424556.0
2025-03-05,000660,188200.0,194400.0,186600.0,193100.0,4162368.0
2025-03-06,000660,193500.0,194000.0,190300.0,192400.0,2540131.0
2025-03-07,000660,191000.0,192800.0,187900.0,192400.0,2700590.0
2025-03-10,000660,187500.0,191500.0,187300.0,187900.0,2441476.0
2025-03-11,000660,182100.0,189000.0,181300.0,187800.0,3521800.0
2025-03-12,000660,192400.0,199350.0,189700.0,198900.0,4064278.0
2025-03-13,000660,202500.0,204500.0,195500.0,199700.0,3883033.0
2025-03-14,000660,198500.0,206000.0,198500.0,204500.0,3397462.0
2025-03-17,000660,207000.0,209500.0,203500.0,206000.0,2584679.0
2025-03-18,000660,208500.0,209000.0,201000.0,203000.0,2696191.0
2025-03-19,000660,202000.0,209500.0,201000.0,205500.0,3102000.0
2025-03-20,000660,207000.0,211000.0,205500.0,210000.0,2779557.0
2025-03-21,000660,213500.0,219500.0,212000.0,215500.0,5731880.0
2025-03-24,000660,211500.0,214500.0,209500.0,211500.0,1611040.0
2025-03-25,000660,214500.0,215500.0,208000.0,208000.0,2262656.0
2025-03-26,000660,209000.0,215500.0,208500.0,214000.0,2058540.0
2025-03-27,000660,208000.0,212000.0,206500.0,207000.0,2287220.0
2025-03-28,000660,203000.0,204500.0,198900.0,199300.0,2673553.0
2025-03-31,000660,193500.0,195500.0,190500.0,190700.0,4561715.0
2025-04-01,000660,193600.0,198500.0,192000.0,197000.0,2317253.0
2025-04-02,000660,198800.0,201500.0,197300.0,197900.0,2764223.0
2025-04-03,000660,189600.0,194600.0,188200.0,194600.0,4177747.0
2025-04-04,000660,187900.0,189600.0,178400.0,182200.0,9182017.0
2025-04-07,000660,168000.0,172800.0,164800.0,164800.0,7879050.0
2025-04-08,000660,172000.0,173100.0,168200.0,169500.0,4965171.0
2025-04-09,000660,170000.0,170000.0,162700.0,165000.0,8035679.0
2025-04-10,000660,189700.0,189900.0,180000.0,183200.0,7836984.0
2025-04-11,000660,177800.0,181800.0,176100.0,180800.0,3223735.0
2025-04-14,000660,182900.0,184400.0,178000.0,180200.0,3466194.0
2025-04-15,000660,180200.0,182400.0,179700.0,180600.0,1915455.0
2025-04-16,000660,176500.0,177500.0,173500.0,174000.0,2933428.0
2025-04-17,000660,172100.0,175400.0,171800.0,175000.0,2989493.0
2025-04-18,000660,174000.0,175500.0,172800.0,175000.0,1305152.0
2025-04-21,000660,174800.0,180000.0,174500.0,176600.0,1877473.0
2025-04-22,000660,175000.0,175500.0,173300.0,173800.0,2008388.0
2025-04-23,000660,179100.0,181600.0,178100.0,181000.0,3857373.0
2025-04-24,000660,182800.0,183400.0,177600.0,178300.0,3162156.0
2025-04-25,000660,182500.0,184900.0,182100.0,184400.0,3507810.0
2025-04-28,000660,183500.0,183900.0,179700.0,182000.0,2455710.0
2025-04-29,000660,182000.0,182900.0,179100.0,180800.0,1866386.0
2025-04-30,000660,179100.0,180000.0,176700.0,177500.0,2354473.0
2025-05-02,000660,179400.0,186200.0,178400.0,186000.0,3886874.0
2025-05-07,000660,187700.0,191500.0,185900.0,190800.0,3830097.0
2025-05-08,000660,196000.0,196000.0,189400.0,190300.0,5125330.0
2025-05-09,000660,192000.0,192800.0,186800.0,190100.0,2539822.0
2025-05-12,000660,193600.0,195200.0,193500.0,195000.0,1624884.0
2025-05-13,000660,200500.0,201500.0,197300.0,198500.0,3385009.0
2025-05-14,000660,207000.0,207000.0,204000.0,206000.0,3333511.0
2025-05-15,000660,207500.0,208000.0,199500.0,200500.0,3178957.0
2025-05-16,000660,206000.0,206750.0,203500.0,204500.0,2419507.0
2025-05-19,000660,203000.0,203000.0,197500.0,199400.0,2482673.0
2025-05-20,000660,202500.0,208000.0,201500.0,202000.0,2820546.0
2025-05-21,000660,204500.0,205000.0,199900.0,200500.0,1721760.0
2025-05-22,000660,199900.0,201500.0,196500.0,196900.0,1988587.0
2025-05-23,000660,199900.0,201500.0,198700.0,200000.0,1538701.0
2025-05-26,000660,200000.0,203500.0,196900.0,203000.0,1459997.0
2025-05-27,000660,200500.0,203500.0,200000.0,202500.0,1424916.0
2025-05-28,000660,206500.0,209500.0,206000.0,208000.0,3161188.0
2025-05-29,000660,214500.0,214500.0,207500.0,212000.0,3827689.0
2025-05-30,000660,210000.0,210000.0,203000.0,204500.0,4826628.0
2025-06-02,000660,205000.0,208500.0,203000.0,207500.0,1775752.0
2025-06-04,000660,218000.0,223000.0,216500.0,217500.0,5108674.0
2025-06-05,000660,225500.0,230000.0,222000.0,224500.0,5768506.0
2025-06-09,000660,233000.0,233500.0,228000.0,229000.0,3666084.0
2025-06-10,000660,231000.0,232500.0,227500.0,230500.0,3718655.0
2025-06-11,000660,236000.0,241000.0,235000.0,240000.0,4230421.0
2025-06-12,000660,242500.0,246500.0,235000.0,235500.0,4994238.0
2025-06-13,000660,240500.0,243000.0,233750.0,235500.0,4100610.0
2025-06-16,000660,238000.0,248500.0,238000.0,248000.0,3760740.0
2025-06-17,000660,253000.0,260000.0,248000.0,249000.0,5044669.0
2025-06-18,000660,245500.0,252000.0,245000.0,246500.0,4081001.0
2025-06-19,000660,247000.0,250000.0,242000.0,246000.0,2317796.0
2025-06-20,000660,249000.0,257000.0,247500.0,257000.0,3597877.0
2025-06-23,000660,252500.0,263000.0,248500.0,259500.0,3398736.0
2025-06-24,000660,270000.0,283000.0,269500.0,278500.0,5436312.0
2025-06-25,000660,289000.0,291500.0,284000.0,286000.0,5466598.0
2025-06-26,000660,294500.0,298500.0,287000.0,293000.0,5894020.0
2025-06-27,000660,288000.0,294500.0,281000.0,284000.0,5134863.0
2025-06-30,000660,288500.0,294500.0,286000.0,292000.0,4375298.0
2025-07-01,000660,291000.0,294500.0,285500.0,285500.0,3687981.0
2025-07-02,000660,283500.0,283500.0,274500.0,279000.0,4702056.0
2025-07-03,000660,281000.0,284000.0,277000.0,278500.0,3642140.0
2025-07-04,000660,279500.0,281500.0,269000.0,270500.0,3654933.0
2025-07-07,000660,266000.0,272000.0,264500.0,271000.0,2523564.0
2025-07-08,000660,271000.0,285000.0,268500.0,282000.0,3119395.0
2025-07-09,000660,282500.0,284000.0,277500.0,281000.0,2626484.0
2025-07-10,000660,284000.0,297000.0,283500.0,297000.0,4556065.0
2025-07-11,000660,299500.0,306500.0,292000.0,294500.0,3732533.0
2025-07-14,000660,292500.0,302500.0,292500.0,300000.0,2936976.0
2025-07-15,000660,296000.0,298500.0,290000.0,298500.0,4196196.0
2025-07-16,000660,298500.0,299500.0,292500.0,296000.0,3123297.0
2025-07-17,000660,283500.0,289500.0,268000.0,269500.0,9328322.0
2025-07-18,000660,270000.0,275000.0,267000.0,269000.0,5359504.0
2025-07-21,000660,267500.0,274500.0,266500.0,272500.0,2424891.0
2025-07-22,000660,273000.0,273500.0,267000.0,268500.0,3139858.0
2025-07-23,000660,267500.0,271000.0,264500.0,269000.0,3116279.0
2025-07-24,000660,277000.0,279000.0,269000.0,269500.0,3667144.0
2025-07-25,000660,273000.0,275000.0,265500.0,266000.0,2171063.0
2025-07-28,000660,261000.0,265500.0,258500.0,262000.0,2877357.0
2025-07-29,000660,254500.0,265000.0,254500.0,262500.0,2944177.0
2025-07-30,000660,263000.0,266000.0,260500.0,263500.0,2482807.0
2025-07-31,000660,271000.0,274000.0,265500.0,273500.0,3472644.0
2025-08-01,000660,266000.0,267000.0,257000.0,258000.0,3227394.0
2025-08-04,000660,254500.0,260000.0,254000.0,258000.0,2281558.0
2025-08-05,000660,264000.0,264500.0,260500.0,263500.0,2118171.0
2025-08-06,000660,260500.0,260500.0,257500.0,258500.0,1374559.0
2025-08-07,000660,258000.0,263000.0,250000.0,262000.0,2724438.0
2025-08-08,000660,262000.0,266000.0,255500.0,256500.0,2676174.0
2025-08-11,000660,260500.0,267500.0,260000.0,267000.0,2415473.0
2025-08-12,000660,268000.0,276000.0,267500.0,269000.0,3008648.0
2025-08-13,000660,278000.0,279000.0,274000.0,278000.0,3472694.0
2025-08-14,000660,277500.0,277500.0,270500.0,276500.0,2101050.0
2025-08-18,000660,272000.0,272000.0,267000.0,267500.0,1993220.0
2025-08-19,000660,268500.0,270000.0,261500.0,263000.0,1709646.0
2025-08-20,000660,254500.0,257000.0,251000.0,255500.0,3571545.0
2025-08-21,000660,246500.0,251000.0,245000.0,245000.0,6301130.0
2025-08-22,000660,245500.0,252500.0,245500.0,251000.0,3064062.0
2025-08-25,000660,256000.0,261500.0,254000.0,259500.0,3183709.0
2025-08-26,000660,259500.0,262500.0,257000.0,261500.0,2050625.0
2025-08-27,000660,259000.0,261000.0,256000.0,260000.0,2801594.0
2025-08-28,000660,254000.0,268500.0,253000.0,268500.0,3836024.0
2025-08-29,000660,268000.0,270000.0,266000.0,269000.0,1892127.0
2025-09-01,000660,259500.0,261000.0,255000.0,256000.0,1837054.0
2025-09-02,000660,256000.0,261500.0,256000.0,260500.0,1584710.0
2025-09-03,000660,259500.0,265500.0,257750.0,262500.0,2437896.0
2025-09-04,000660,267000.0,271000.0,264500.0,265500.0,2189959.0
2025-09-05,000660,273000.0,275000.0,272000.0,273500.0,3103427.0
2025-09-08,000660,278500.0,279000.0,274000.0,277000.0,2018299.0
2025-09-09,000660,278000.0,288500.0,277000.0,288000.0,4158342.0
2025-09-10,000660,294500.0,305000.0,293000.0,304000.0,5265553.0
2025-09-11,000660,310000.0,315000.0,305500.0,307000.0,5148088.0
2025-09-12,000660,322000.0,329500.0,319000.0,328500.0,4242516.0
2025-09-15,000660,339500.0,341500.0,325000.0,331000.0,4221256.0
2025-09-16,000660,331500.0,354000.0,331500.0,348000.0,5841135.0
2025-09-17,000660,341000.0,342500.0,333500.0,333500.0,4498866.0
2025-09-18,000660,338500.0,357000.0,336500.0,353000.0,4526286.0
2025-09-19,000660,351500.0,360000.0,348000.0,353000.0,4385543.0
2025-09-22,000660,349000.0,359000.0,345250.0,351000.0,4377563.0
2025-09-23,000660,355500.0,363000.0,353000.0,361000.0,3315336.0
2025-09-24,000660,359000.0,364000.0,348500.0,357500.0,4165199.0
2025-09-25,000660,352000.0,359000.0,349500.0,356500.0,2148215.0
2025-09-26,000660,347500.0,349000.0,333000.0,336500.0,3685324.0
2025-09-29,000660,339500.0,351000.0,339000.0,349000.0,2275986.0
2025-09-30,000660,353000.0,356500.0,347500.0,347500.0,2238614.0
2025-10-01,000660,351000.0,362000.0,351000.0,360000.0,2802437.0
2025-10-02,000660,388500.0,404500.0,384000.0,395500.0,7430763.0
2025-10-10,000660,426000.0,439250.0,416500.0,428000.0,6835852.0
2025-10-13,000660,405500.0,415500.0,403000.0,415000.0,4356534.0
2025-10-14,000660,425000.0,436500.0,406500.0,411500.0,4101275.0
2025-10-15,000660,410500.0,424000.0,407000.0,422500.0,2688019.0
2025-10-16,000660,421000.0,455000.0,420500.0,452500.0,4247934.0
2025-10-17,000660,451500.0,475000.0,449500.0,465500.0,4541583.0
2025-10-20,000660,477500.0,485500.0,465500.0,485500.0,3333903.0
2025-10-21,000660,497000.0,502000.0,478000.0,479000.0,4126858.0
2025-10-22,000660,475000.0,482000.0,469000.0,481500.0,3870276.0
2025-10-23,000660,470000.0,488500.0,468000.0,478500.0,3583993.0
2025-10-24,000660,493000.0,513000.0,491500.0,510000.0,4254202.0
2025-10-27,000660,533000.0,537000.0,523000.0,535000.0,3381231.0
2025-10-28,000660,521000.0,527000.0,509000.0,521000.0,5659008.0
2025-10-29,000660,538000.0,559000.0,523000.0,558000.0,4803031.0
2025-10-30,000660,558000.0,579000.0,552000.0,568000.0,4888461.0
2025-10-31,000660,557000.0,566000.0,552000.0,559000.0,3351809.0
2025-11-03,000660,557000.0,624000.0,555000.0,620000.0,5787058.0
2025-11-04,000660,611000.0,614000.0,583000.0,586000.0,5969769.0
2025-11-05,000660,563000.0,587000.0,532000.0,579000.0,8976222.0
2025-11-06,000660,602000.0,607000.0,583000.0,593000.0,5321244.0
2025-11-07,000660,577000.0,599000.0,565000.0,580000.0,4789397.0
2025-11-10,000660,584000.0,615000.0,581000.0,606000.0,4893645.0
2025-11-11,000660,622000.0,646000.0,604000.0,619000.0,5508697.0
2025-11-12,000660,605000.0,620000.0,601000.0,617000.0,2831484.0
2025-11-13,000660,607000.0,622000.0,607000.0,612000.0,3875541.0
2025-11-14,000660,579000.0,585000.0,560000.0,560000.0,5778374.0
2025-11-17,000660,588000.0,606000.0,584000.0,606000.0,4470947.0
2025-11-18,000660,583000.0,591000.0,570000.0,570000.0,3544391.0
2025-11-19,000660,563000.0,570000.0,546000.0,562000.0,4529736.0
2025-11-20,000660,595000.0,597000.0,570000.0,571000.0,4670237.0
2025-11-21,000660,518000.0,531000.0,514000.0,521000.0,6646712.0
2025-11-24,000660,531000.0,542000.0,517000.0,520000.0,6399162.0
2025-11-25,000660,546000.0,550000.0,518000.0,519000.0,3716730.0
2025-11-26,000660,513000.0,528000.0,501000.0,524000.0,5127393.0
2025-11-27,000660,535000.0,556000.0,533000.0,544000.0,3654092.0
2025-11-28,000660,551000.0,552000.0,530000.0,530000.0,2680138.0
2025-12-01,000660,542000.0,545000.0,525000.0,538000.0,3134704.0
2025-12-02,000660,548000.0,559000.0,542000.0,558000.0,2686580.0
2025-12-03,000660,550000.0,559000.0,544000.0,552000.0,2586619.0
2025-12-04,000660,542000.0,543000.0,532000.0,542000.0,2858305.0
2025-12-05,000660,530000.0,546000.0,527000.0,544000.0,3204933.0
2025-12-08,000660,543000.0,580000.0,533000.0,577000.0,4288433.0
2025-12-09,000660,569000.0,575000.0,564000.0,566000.0,2391174.0
2025-12-10,000660,571000.0,593000.0,570000.0,587000.0,3986083.0
2025-12-11,000660,583000.0,589000.0,565000.0,565000.0,4021907.0
2025-12-12,000660,565000.0,579000.0,560000.0,571000.0,2646148.0
2025-12-15,000660,535000.0,563500.0,535000.0,554000.0,2482125.0
2025-12-16,000660,545000.0,551000.0,530000.0,530000.0,3287998.0
2025-12-17,000660,530000.0,554000.0,525000.0,551000.0,2692626.0
2025-12-18,000660,538000.0,563000.0,537000.0,552000.0,2959059.0
2025-12-19,000660,569000.0,570000.0,547000.0,547000.0,3440005.0
2025-12-22,000660,574000.0,580000.0,567000.0,580000.0,2878464.0
2025-12-23,000660,585000.0,593000.0,581000.0,584000.0,2011188.0
2025-12-24,000660,587000.0,591000.0,584000.0,588000.0,2160697.0
2025-12-26,000660,594000.0,605000.0,590000.0,599000.0,4243548.0
2025-12-29,000660,630000.0,640000.0,625000.0,640000.0,4176151.0
2025-12-30,000660,639000.0,659000.0,634000.0,651000.0,4094603.0
2026-01-02,000660,651000.0,679000.0,647000.0,677000.0,4181895.0
2026-01-05,000660,698000.0,700000.0,684000.0,696000.0,4337511.0
2026-01-06,000660,690000.0,727000.0,671000.0,726000.0,4830275.0
2026-01-07,000660,760000.0,762000.0,728000.0,742000.0,5693115.0
2026-01-08,000660,731000.0,788000.0,731000.0,756000.0,6496379.0
2026-01-09,000660,744000.0,756000.0,727000.0,744000.0,4343703.0
2026-01-12,000660,755000.0,762000.0,735000.0,749000.0,3329793.0
2026-01-13,000660,753000.0,754000.0,724000.0,738000.0,3771944.0
2026-01-14,000660,733000.0,750000.0,728000.0,742000.0,4885051.0
2026-01-15,000660,732000.0,750000.0,727000.0,749000.0,3003414.0
2026-01-16,000660,751000.0,763000.0,747000.0,756000.0,3712326.0
2026-01-19,000660,755000.0,774000.0,750000.0,764000.0,3392008.0
2026-01-20,000660,764000.0,764000.0,737000.0,743000.0,2762369.0
2026-01-21,000660,729000.0,756000.0,728000.0,740000.0,5108442.0
2026-01-22,000660,766000.0,773000.0,751000.0,755000.0,3545309.0
2026-01-23,000660,754000.0,776000.0,744000.0,767000.0,3508272.0
2026-01-26,000660,753000.0,754000.0,736000.0,736000.0,3133330.0
2026-01-27,000660,738000.0,800000.0,733000.0,800000.0,5660198.0
2026-01-28,000660,810000.0,854000.0,803000.0,841000.0,6708497.0
2026-01-29,000660,879000.0,884000.0,819000.0,861000.0,6837983.0
2026-01-30,000660,854000.0,931000.0,853000.0,909000.0,7875195.0
2026-02-02,000660,870000.0,888000.0,830000.0,830000.0,7634191.0
2026-02-03,000660,874000.0,907000.0,871000.0,907000.0,5272538.0
2026-02-04,000660,884000.0,906000.0,883000.0,900000.0,3800763.0
2026-02-05,000660,851000.0,877000.0,838000.0,842000.0,5473720.0
2026-02-06,000660,805000.0,850000.0,791000.0,839000.0,5581574.0
2026-02-09,000660,898000.0,899000.0,873000.0,887000.0,4228584.0
2026-02-10,000660,894000.0,905000.0,876000.0,876000.0,3441377.0
2026-02-11,000660,860000.0,874000.0,848000.0,860000.0,3125590.0
2026-02-12,000660,882000.0,894000.0,878000.0,888000.0,4619344.0
2026-02-13,000660,889000.0,903000.0,878000.0,880000.0,3534047.0
2026-02-19,000660,905000.0,913000.0,888000.0,894000.0,3285109.0
2026-02-20,000660,892000.0,955000.0,881000.0,949000.0,5054333.0
2026-02-23,000660,980000.0,980000.0,941000.0,951000.0,3523887.0
2026-02-24,000660,952000.0,1005000.0,946000.0,1005000.0,4102382.0
2026-02-25,000660,1012000.0,1038000.0,1004000.0,1018000.0,3462525.0
2026-02-26,000660,1024000.0,1099000.0,1023000.0,1099000.0,4461976.0
2026-02-27,000660,1050000.0,1096000.0,1048000.0,1061000.0,6453062.0
2026-03-03,000660,1022000.0,1040000.0,939000.0,939000.0,6818327.0
2026-03-04,000660,894000.0,954000.0,846000.0,849000.0,9253420.0
2026-03-05,000660,976000.0,992000.0,927000.0,941000.0,6442459.0
2026-03-06,000660,912000.0,938000.0,885000.0,924000.0,3744322.0
2026-03-09,000660,851000.0,864000.0,808000.0,836000.0,7253621.0
2026-03-10,000660,915000.0,950000.0,899000.0,938000.0,5304897.0
2026-03-11,000660,954000.0,985000.0,941000.0,955000.0,3916098.0
2026-03-12,000660,938000.0,963000.0,928000.0,930000.0,3711742.0
2026-03-13,000660,891000.0,929000.0,884000.0,910000.0,3645102.0
2026-03-16,000660,925000.0,975000.0,924000.0,974000.0,3829496.0
2026-03-17,000660,1009000.0,1010000.0,969000.0,970000.0,3326240.0
2026-03-18,000660,1000000.0,1060000.0,999000.0,1056000.0,4347884.0
2026-03-19,000660,1008000.0,1043000.0,1003000.0,1013000.0,3347483.0
2026-03-20,000660,1023000.0,1026000.0,1002000.0,1007000.0,3426646.0
2026-03-23,000660,952000.0,963000.0,927000.0,933000.0,3911813.0
2026-03-24,000660,993000.0,994000.0,938000.0,986000.0,4352152.0
2026-03-25,000660,1016000.0,1042000.0,988000.0,995000.0,4463869.0
2026-03-26,000660,965000.0,973000.0,931000.0,933000.0,4660620.0
2026-03-27,000660,890000.0,934000.0,880000.0,922000.0,4520942.0
2026-03-30,000660,867000.0,884000.0,862000.0,873000.0,4498502.0
2026-03-31,000660,817000.0,852000.0,806000.0,807000.0,7194351.0
2026-04-01,000660,884000.0,905000.0,858000.0,893000.0,6255058.0
2026-04-02,000660,912000.0,914000.0,818000.0,830000.0,6127534.0
2026-04-03,000660,867000.0,886000.0,860000.0,876000.0,2927164.0
2026-04-06,000660,877000.0,901500.0,869000.0,886000.0,3100989.0
2026-04-07,000660,917000.0,933000.0,888000.0,916000.0,3619929.0
2026-04-08,000660,1007000.0,1056000.0,992000.0,1033000.0,6709356.0
2026-04-09,000660,1015000.0,1025000.0,990000.0,998000.0,5026817.0
2026-04-10,000660,1030000.0,1042000.0,1024000.0,1027000.0,3134921.0
2026-04-13,000660,999000.0,1043000.0,996000.0,1040000.0,2769753.0
2026-04-14,000660,1092000.0,1128000.0,1078000.0,1103000.0,4754545.0
2026-04-15,000660,1165000.0,1173000.0,1130000.0,1136000.0,4093703.0
2026-04-16,000660,1141000.0,1161000.0,1130000.0,1155000.0,2901319.0
2026-04-17,000660,1149000.0,1155000.0,1121000.0,1128000.0,3578235.0
2026-04-20,000660,1148000.0,1175000.0,1141000.0,1166000.0,3748014.0
2026-04-21,000660,1196000.0,1228000.0,1193000.0,1224000.0,3516960.0
2026-04-22,000660,1227000.0,1233000.0,1195000.0,1223000.0,2894919.0
2026-04-23,000660,1220000.0,1267000.0,1183000.0,1225000.0,5343871.0
2026-04-24,000660,1237000.0,1242000.0,1193000.0,1222000.0,3127857.0
2026-04-27,000660,1253000.0,1317000.0,1249000.0,1292000.0,4563073.0
2026-04-28,000660,1313000.0,1328000.0,1296000.0,1300000.0,3002713.0
2026-04-29,000660,1284000.0,1317000.0,1281000.0,1293000.0,3001208.0
2026-04-30,000660,1312000.0,1325000.0,1286000.0,1286000.0,3342342.0
2026-05-04,000660,1339000.0,1450000.0,1333000.0,1447000.0,5776641.0
2026-05-06,000660,1590000.0,1614000.0,1557000.0,1601000.0,6631934.0
2026-05-07,000660,1622000.0,1665000.0,1567000.0,1654000.0,5860618.0
2026-05-08,000660,1591000.0,1689000.0,1591000.0,1686000.0,4278087.0
2026-05-11,000660,1833000.0,1949000.0,1826000.0,1880000.0,7433039.0
2026-05-12,000660,1944000.0,1967000.0,1804000.0,1835000.0,9160593.0
2026-05-13,000660,1781000.0,1990000.0,1781000.0,1976000.0,7126921.0
2026-05-14,000660,1976000.0,1994000.0,1937000.0,1970000.0,6040068.0
2026-05-15,000660,1950000.0,1995000.0,1789000.0,1819000.0,7485233.0
2026-05-18,000660,1780000.0,1897000.0,1731000.0,1840000.0,6481608.0
2026-05-19,000660,1791000.0,1823000.0,1740000.0,1745000.0,4575855.0
2026-05-20,000660,1743000.0,1778000.0,1690000.0,1745000.0,5535123.0
2026-05-21,000660,1801000.0,1954000.0,1796000.0,1940000.0,5096690.0
2026-05-22,000660,1942000.0,1952000.0,1912000.0,1941000.0,3135190.0
2026-05-26,000660,2008000.0,2087000.0,2006000.0,2052000.0,4903591.0
2026-05-27,000660,2279000.0,2358000.0,2200000.0,2243000.0,7545783.0
2026-05-28,000660,2189000.0,2305000.0,2151000.0,2289000.0,6229499.0
2026-05-29,000660,2352000.0,2379000.0,2290500.0,2333000.0,8518013.0
2026-06-01,000660,2333000.0,2333000.0,2333000.0,2333000.0,0.0
2025-01-13,005380,225500.0,226000.0,218500.0,220000.0,867629.0
2025-01-14,005380,221000.0,224500.0,219500.0,222000.0,547856.0
2025-01-15,005380,222000.0,224000.0,220500.0,220500.0,492913.0
2025-01-16,005380,223000.0,224000.0,218000.0,219000.0,435312.0
2025-01-17,005380,217500.0,218000.0,211000.0,211500.0,813817.0
2025-01-20,005380,211000.0,212000.0,207500.0,208500.0,571176.0
2025-01-21,005380,210500.0,213000.0,206500.0,206500.0,833996.0
2025-01-22,005380,207500.0,210000.0,206500.0,208500.0,832710.0
2025-01-23,005380,208000.0,213500.0,205500.0,209000.0,1032782.0
2025-01-24,005380,208000.0,208500.0,203000.0,205000.0,1077548.0
2025-01-31,005380,204500.0,207500.0,200000.0,206000.0,986621.0
2025-02-03,005380,201000.0,203500.0,200000.0,202000.0,911137.0
2025-02-04,005380,205000.0,208500.0,201000.0,201000.0,841947.0
2025-02-05,005380,201500.0,206500.0,201000.0,204500.0,710413.0
2025-02-06,005380,206000.0,207000.0,203000.0,203500.0,605308.0
2025-02-07,005380,203500.0,204500.0,200000.0,200500.0,834221.0
2025-02-10,005380,199500.0,201000.0,197700.0,199400.0,992303.0
2025-02-11,005380,199500.0,202500.0,198500.0,199400.0,842452.0
2025-02-12,005380,199000.0,200500.0,198100.0,198100.0,567219.0
2025-02-13,005380,202500.0,210000.0,202000.0,208500.0,1493929.0
2025-02-14,005380,208000.0,210000.0,205500.0,206000.0,823619.0
2025-02-17,005380,201000.0,202500.0,199500.0,199800.0,894545.0
2025-02-18,005380,200000.0,201500.0,198900.0,200500.0,560363.0
2025-02-19,005380,198900.0,204500.0,198800.0,204000.0,854114.0
2025-02-20,005380,202500.0,204000.0,201500.0,203000.0,354026.0
2025-02-21,005380,209000.0,211000.0,204000.0,206000.0,713842.0
2025-02-24,005380,204000.0,207000.0,203500.0,207000.0,497135.0
2025-02-25,005380,205000.0,205000.0,202000.0,202500.0,651155.0
2025-02-26,005380,203500.0,207000.0,203000.0,205000.0,750341.0
2025-02-27,005380,200500.0,201000.0,199300.0,200500.0,890406.0
2025-02-28,005380,198600.0,198800.0,193000.0,193000.0,1187503.0
2025-03-04,005380,190000.0,195100.0,189200.0,190300.0,592292.0
2025-03-05,005380,191800.0,197000.0,191800.0,194700.0,798748.0
2025-03-06,005380,199200.0,201000.0,196500.0,197600.0,659716.0
2025-03-07,005380,194800.0,197200.0,194100.0,196600.0,574321.0
2025-03-10,005380,196600.0,198600.0,195200.0,197400.0,318730.0
2025-03-11,005380,194500.0,196000.0,192700.0,195600.0,456616.0
2025-03-12,005380,195800.0,198200.0,195000.0,198200.0,351293.0
2025-03-13,005380,199300.0,201000.0,196200.0,201000.0,578677.0
2025-03-14,005380,199800.0,200500.0,197500.0,198500.0,473953.0
2025-03-17,005380,198400.0,199000.0,195300.0,199000.0,369290.0
2025-03-18,005380,199500.0,202000.0,199300.0,200500.0,505699.0
2025-03-19,005380,201000.0,204000.0,199000.0,204000.0,520541.0
2025-03-20,005380,204500.0,205000.0,201500.0,202500.0,635938.0
2025-03-21,005380,201500.0,205000.0,201000.0,205000.0,552626.0
2025-03-24,005380,204500.0,216000.0,203500.0,213000.0,1212302.0
2025-03-25,005380,228500.0,229000.0,218500.0,220000.0,2097056.0
2025-03-26,005380,224000.0,227500.0,220500.0,222000.0,1220193.0
2025-03-27,005380,215000.0,216500.0,212000.0,212500.0,1027562.0
2025-03-28,005380,208000.0,209500.0,202500.0,205000.0,1003500.0
2025-03-31,005380,199900.0,201000.0,196800.0,197200.0,936571.0
2025-04-01,005380,199000.0,200500.0,196100.0,198600.0,641043.0
2025-04-02,005380,198800.0,199100.0,195800.0,196300.0,615215.0
2025-04-03,005380,191000.0,194500.0,189100.0,193800.0,954824.0
2025-04-04,005380,191300.0,196500.0,189600.0,191800.0,810211.0
2025-04-07,005380,184700.0,185300.0,178900.0,179100.0,1244441.0
2025-04-08,005380,181400.0,183800.0,177500.0,179200.0,1082825.0
2025-04-09,005380,177500.0,180900.0,177300.0,178000.0,689621.0
2025-04-10,005380,191700.0,192900.0,186500.0,187000.0,1426032.0
2025-04-11,005380,181800.0,183000.0,175800.0,177500.0,1647599.0
2025-04-14,005380,178400.0,180300.0,177500.0,179300.0,536959.0
2025-04-15,005380,185400.0,189200.0,183700.0,187000.0,1052017.0
2025-04-16,005380,185200.0,186400.0,181300.0,181700.0,593391.0
2025-04-17,005380,182600.0,184600.0,181500.0,181700.0,522233.0
2025-04-18,005380,182800.0,188300.0,181200.0,187200.0,664774.0
2025-04-21,005380,187500.0,188800.0,185500.0,187300.0,352360.0
2025-04-22,005380,186100.0,187700.0,185200.0,185600.0,392723.0
2025-04-23,005380,188900.0,190400.0,187400.0,190000.0,607448.0
2025-04-24,005380,191100.0,191200.0,186500.0,188900.0,642753.0
2025-04-25,005380,191000.0,191000.0,188600.0,188800.0,528739.0
2025-04-28,005380,188100.0,190100.0,187000.0,189000.0,450993.0
2025-04-29,005380,192700.0,194000.0,189700.0,192800.0,594224.0
2025-04-30,005380,192700.0,193300.0,190200.0,190600.0,429791.0
2025-05-02,005380,190200.0,190500.0,188200.0,189400.0,464020.0
2025-05-07,005380,191400.0,191400.0,186500.0,187600.0,666181.0
2025-05-08,005380,187600.0,188900.0,187100.0,187100.0,543972.0
2025-05-09,005380,191200.0,193400.0,189500.0,189900.0,514047.0
2025-05-12,005380,191900.0,195800.0,191400.0,195800.0,569602.0
2025-05-13,005380,197400.0,198000.0,195100.0,196700.0,462830.0
2025-05-14,005380,197200.0,198300.0,194300.0,197100.0,557318.0
2025-05-15,005380,195200.0,196900.0,192200.0,192900.0,469355.0
2025-05-16,005380,193300.0,194700.0,193000.0,193800.0,311743.0
2025-05-19,005380,193000.0,193000.0,190000.0,191000.0,378893.0
2025-05-20,005380,192800.0,194100.0,189500.0,189500.0,422756.0
2025-05-21,005380,189500.0,190350.0,187400.0,188000.0,558502.0
2025-05-22,005380,187000.0,187000.0,181900.0,182400.0,982354.0
2025-05-23,005380,182400.0,182500.0,179300.0,179900.0,829741.0
2025-05-26,005380,180100.0,183000.0,179700.0,181900.0,623947.0
2025-05-27,005380,180700.0,181900.0,180300.0,181900.0,502985.0
2025-05-28,005380,182400.0,186300.0,182400.0,185900.0,611926.0
2025-05-29,005380,189600.0,193000.0,186300.0,191000.0,1093538.0
2025-05-30,005380,187400.0,187500.0,185300.0,185300.0,781444.0
2025-06-02,005380,184600.0,185500.0,183100.0,184000.0,538182.0
2025-06-04,005380,185100.0,186500.0,184100.0,186000.0,577325.0
2025-06-05,005380,186000.0,193000.0,186000.0,189600.0,797915.0
2025-06-09,005380,192900.0,198400.0,192300.0,197800.0,1665140.0
2025-06-10,005380,201000.0,201500.0,195800.0,197000.0,998951.0
2025-06-11,005380,199100.0,201500.0,199000.0,201000.0,649618.0
2025-06-12,005380,201500.0,204500.0,200500.0,201500.0,885521.0
2025-06-13,005380,199400.0,199800.0,196800.0,199000.0,933606.0
2025-06-16,005380,198300.0,202000.0,196200.0,201500.0,500547.0
2025-06-17,005380,202500.0,208000.0,200500.0,205000.0,950447.0
2025-06-18,005380,202500.0,207000.0,200500.0,206000.0,575644.0
2025-06-19,005380,209500.0,211500.0,205500.0,207000.0,538891.0
2025-06-20,005380,208000.0,210500.0,205500.0,210000.0,662635.0
2025-06-23,005380,205500.0,206000.0,200500.0,201500.0,935001.0
2025-06-24,005380,206500.0,208000.0,203000.0,206000.0,718116.0
2025-06-25,005380,206500.0,221500.0,206000.0,217000.0,1789517.0
2025-06-26,005380,214500.0,215000.0,208000.0,209500.0,814616.0
2025-06-27,005380,211000.0,211000.0,203000.0,205000.0,764378.0
2025-06-30,005380,204500.0,207000.0,203500.0,203500.0,492507.0
2025-07-01,005380,204000.0,214500.0,203500.0,210000.0,1059697.0
2025-07-02,005380,215000.0,218000.0,210000.0,213500.0,1058819.0
2025-07-03,005380,215000.0,217000.0,211500.0,214500.0,562758.0
2025-07-04,005380,214500.0,216500.0,210000.0,210500.0,415693.0
2025-07-07,005380,210000.0,210500.0,207000.0,208500.0,398058.0
2025-07-08,005380,207000.0,211500.0,205500.0,211000.0,499225.0
2025-07-09,005380,208500.0,209500.0,205500.0,209500.0,524731.0
2025-07-10,005380,210000.0,211500.0,205500.0,208000.0,719453.0
2025-07-11,005380,209000.0,211500.0,207500.0,208000.0,592335.0
2025-07-14,005380,208500.0,218000.0,208000.0,217000.0,1241993.0
2025-07-15,005380,217000.0,217500.0,209500.0,211000.0,1111748.0
2025-07-16,005380,211000.0,211000.0,207500.0,207500.0,492782.0
2025-07-17,005380,208500.0,212000.0,205500.0,210000.0,611349.0
2025-07-18,005380,210000.0,212500.0,208500.0,210500.0,317353.0
2025-07-21,005380,209500.0,210500.0,208000.0,209000.0,460835.0
2025-07-22,005380,209000.0,209500.0,204500.0,206500.0,441603.0
2025-07-23,005380,213000.0,223000.0,213000.0,222000.0,2832242.0
2025-07-24,005380,221000.0,225500.0,214500.0,217500.0,1417925.0
2025-07-25,005380,215000.0,221000.0,214000.0,216500.0,665815.0
2025-07-28,005380,221500.0,222500.0,216000.0,218500.0,692799.0
2025-07-29,005380,217500.0,218500.0,214000.0,218000.0,646415.0
2025-07-30,005380,215500.0,228000.0,215500.0,223000.0,1239327.0
2025-07-31,005380,233000.0,233000.0,212000.0,213000.0,2956498.0
2025-08-01,005380,211000.0,215500.0,210000.0,210000.0,1083280.0
2025-08-04,005380,210000.0,212500.0,207000.0,211000.0,651682.0
2025-08-05,005380,213000.0,215000.0,209500.0,210500.0,480510.0
2025-08-06,005380,209000.0,211500.0,208500.0,210500.0,385330.0
2025-08-07,005380,213500.0,215000.0,211000.0,212500.0,421547.0
2025-08-08,005380,212500.0,214000.0,211500.0,212500.0,440664.0
2025-08-11,005380,213000.0,213500.0,211500.0,212500.0,298656.0
2025-08-12,005380,212000.0,216000.0,211500.0,213000.0,347183.0
2025-08-13,005380,215500.0,216000.0,214000.0,216000.0,377571.0
2025-08-14,005380,216000.0,219000.0,216000.0,217500.0,546695.0
2025-08-18,005380,217500.0,218000.0,215000.0,216500.0,405813.0
2025-08-19,005380,216500.0,219000.0,215000.0,219000.0,442222.0
2025-08-20,005380,218500.0,222000.0,217500.0,220500.0,784564.0
2025-08-21,005380,221000.0,224500.0,220500.0,221500.0,601284.0
2025-08-22,005380,222000.0,223500.0,219500.0,220000.0,401067.0
2025-08-25,005380,221500.0,222000.0,217500.0,222000.0,419600.0
2025-08-26,005380,220500.0,222000.0,217500.0,218500.0,806670.0
2025-08-27,005380,219000.0,221000.0,218500.0,220000.0,337163.0
2025-08-28,005380,218500.0,225000.0,218000.0,222000.0,734689.0
2025-08-29,005380,223000.0,224500.0,218500.0,220000.0,606655.0
2025-09-01,005380,220500.0,223000.0,219000.0,220500.0,504672.0
2025-09-02,005380,221000.0,221000.0,217000.0,220000.0,365383.0
2025-09-03,005380,218500.0,223500.0,218500.0,221500.0,459718.0
2025-09-04,005380,221000.0,221500.0,219500.0,221500.0,249504.0
2025-09-05,005380,222000.0,222500.0,219500.0,220000.0,245652.0
2025-09-08,005380,218000.0,218500.0,215500.0,218500.0,382254.0
2025-09-09,005380,219500.0,220500.0,218500.0,219000.0,407652.0
2025-09-10,005380,219500.0,222000.0,219000.0,220500.0,427432.0
2025-09-11,005380,221500.0,223000.0,219000.0,223000.0,569436.0
2025-09-12,005380,222500.0,224000.0,220500.0,223500.0,666184.0
2025-09-15,005380,221500.0,221500.0,215000.0,215000.0,1712249.0
2025-09-16,005380,216000.0,216500.0,215000.0,215000.0,492855.0
2025-09-17,005380,216000.0,216500.0,215000.0,216000.0,412548.0
2025-09-18,005380,216500.0,218500.0,215000.0,218500.0,652885.0
2025-09-19,005380,218000.0,218500.0,212000.0,214000.0,1301527.0
2025-09-22,005380,215000.0,219000.0,214500.0,218000.0,499195.0
2025-09-23,005380,217500.0,220000.0,217500.0,219000.0,473760.0
2025-09-24,005380,218000.0,219500.0,216500.0,217500.0,383310.0
2025-09-25,005380,217000.0,217500.0,215500.0,217000.0,509882.0
2025-09-26,005380,215000.0,215500.0,213000.0,214500.0,448652.0
2025-09-29,005380,215500.0,216500.0,214000.0,215000.0,339105.0
2025-09-30,005380,214000.0,216000.0,214000.0,215000.0,339691.0
2025-10-01,005380,215500.0,217000.0,215000.0,215500.0,297048.0
2025-10-02,005380,216500.0,223000.0,216500.0,220000.0,1099674.0
2025-10-10,005380,219000.0,220250.0,216500.0,217000.0,779161.0
2025-10-13,005380,214500.0,219500.0,214000.0,218500.0,544349.0
2025-10-14,005380,218500.0,225000.0,218000.0,223000.0,885802.0
2025-10-15,005380,223000.0,224000.0,220000.0,223500.0,670710.0
2025-10-16,005380,237000.0,245000.0,234000.0,242000.0,2115204.0
2025-10-17,005380,241000.0,246000.0,239500.0,243000.0,994190.0
2025-10-20,005380,251500.0,252000.0,241500.0,248000.0,1155423.0
2025-10-21,005380,252000.0,267000.0,251500.0,256500.0,2002410.0
2025-10-22,005380,265000.0,265000.0,254500.0,261000.0,1060973.0
2025-10-23,005380,256500.0,258500.0,251000.0,252000.0,909720.0
2025-10-24,005380,253500.0,254000.0,248000.0,252500.0,775983.0
2025-10-27,005380,253500.0,259500.0,253000.0,254500.0,763121.0
2025-10-28,005380,253500.0,253500.0,249000.0,250500.0,677447.0
2025-10-29,005380,254500.0,259500.0,251000.0,258000.0,937830.0
2025-10-30,005380,287500.0,289500.0,263000.0,265000.0,2958411.0
2025-10-31,005380,273500.0,294000.0,270500.0,290000.0,3631736.0
2025-11-03,005380,297500.0,298000.0,288000.0,291500.0,1498016.0
2025-11-04,005380,286500.0,288500.0,276000.0,276000.0,1416294.0
2025-11-05,005380,270000.0,271500.0,259000.0,268500.0,1420277.0
2025-11-06,005380,274500.0,275000.0,264500.0,269000.0,686561.0
2025-11-07,005380,261000.0,267000.0,259500.0,264000.0,666772.0
2025-11-10,005380,266500.0,274000.0,265000.0,270500.0,692464.0
2025-11-11,005380,272500.0,274000.0,267500.0,269000.0,494203.0
2025-11-12,005380,271500.0,278500.0,269500.0,275500.0,807526.0
2025-11-13,005380,273000.0,279000.0,272500.0,278500.0,681153.0
2025-11-14,005380,272500.0,278000.0,272000.0,272500.0,579023.0
2025-11-17,005380,275500.0,275500.0,271500.0,271500.0,384305.0
2025-11-18,005380,269000.0,271500.0,263500.0,264500.0,475705.0
2025-11-19,005380,272000.0,272000.0,261500.0,264000.0,413452.0
2025-11-20,005380,267000.0,267500.0,262000.0,262000.0,501196.0
2025-11-21,005380,255000.0,261000.0,254500.0,259500.0,538414.0
2025-11-24,005380,262000.0,262000.0,257500.0,257500.0,610389.0
2025-11-25,005380,261000.0,262000.0,256500.0,257500.0,390393.0
2025-11-26,005380,260500.0,262000.0,259500.0,261500.0,402781.0
2025-11-27,005380,261500.0,262500.0,259500.0,261500.0,289061.0
2025-11-28,005380,261500.0,265500.0,259000.0,261500.0,511004.0
2025-12-01,005380,261000.0,261500.0,253500.0,254500.0,555473.0
2025-12-02,005380,257500.0,267500.0,257000.0,266000.0,1084944.0
2025-12-03,005380,266500.0,267500.0,263000.0,266500.0,483994.0
2025-12-04,005380,273000.0,284500.0,270000.0,283500.0,1994134.0
2025-12-05,005380,282000.0,316500.0,280000.0,315000.0,3892799.0
2025-12-08,005380,321000.0,321000.0,308500.0,315500.0,1913789.0
2025-12-09,005380,308000.0,312000.0,301500.0,307000.0,1229611.0
2025-12-10,005380,304500.0,306000.0,297500.0,302500.0,1173271.0
2025-12-11,005380,304000.0,306500.0,295500.0,295500.0,1465528.0
2025-12-12,005380,299000.0,303000.0,295500.0,301500.0,827283.0
2025-12-15,005380,296500.0,297500.0,293500.0,293500.0,798990.0
2025-12-16,005380,296500.0,301500.0,284500.0,286000.0,1264096.0
2025-12-17,005380,288000.0,288500.0,284000.0,286000.0,686802.0
2025-12-18,005380,280500.0,285000.0,280000.0,282500.0,705877.0
2025-12-19,005380,285500.0,288500.0,278500.0,288500.0,1210816.0
2025-12-22,005380,290500.0,290500.0,285000.0,289000.0,676748.0
2025-12-23,005380,290500.0,292500.0,285500.0,287000.0,699584.0
2025-12-24,005380,289000.0,300000.0,287000.0,289000.0,1295368.0
2025-12-26,005380,292000.0,292000.0,285000.0,286000.0,847245.0
2025-12-29,005380,284500.0,294000.0,282500.0,293500.0,697450.0
2025-12-30,005380,291000.0,297500.0,289500.0,296500.0,628188.0
2026-01-02,005380,299500.0,302000.0,293000.0,298500.0,955205.0
2026-01-05,005380,302500.0,310000.0,302000.0,304500.0,1292161.0
2026-01-06,005380,318000.0,330000.0,304000.0,308000.0,3346949.0
2026-01-07,005380,314000.0,362000.0,313000.0,350500.0,7764177.0
2026-01-08,005380,361000.0,361000.0,338000.0,340500.0,3053301.0
2026-01-09,005380,349000.0,369000.0,340000.0,366000.0,3104258.0
2026-01-12,005380,383000.0,383500.0,358500.0,367000.0,3027809.0
2026-01-13,005380,380500.0,413500.0,378000.0,406000.0,5463622.0
2026-01-14,005380,406500.0,413500.0,398000.0,411500.0,2861932.0
2026-01-15,005380,409500.0,425000.0,405000.0,422000.0,2864894.0
2026-01-16,005380,426500.0,426500.0,408000.0,413000.0,2589883.0
2026-01-19,005380,420000.0,487000.0,419500.0,480000.0,5990850.0
2026-01-20,005380,494000.0,496500.0,460500.0,479000.0,5235613.0
2026-01-21,005380,468000.0,551000.0,467500.0,549000.0,7830202.0
2026-01-22,005380,586000.0,590000.0,525000.0,529000.0,7176207.0
2026-01-23,005380,530000.0,543000.0,500000.0,510000.0,4774169.0
2026-01-26,005380,499000.0,515000.0,490000.0,492500.0,3680159.0
2026-01-27,005380,473000.0,499000.0,469000.0,488500.0,4492400.0
2026-01-28,005380,505000.0,506000.0,490500.0,492500.0,2514604.0
2026-01-29,005380,501000.0,529000.0,494000.0,528000.0,5431226.0
2026-01-30,005380,516000.0,517000.0,500000.0,500000.0,3032673.0
2026-02-02,005380,486000.0,507000.0,473000.0,478000.0,2652237.0
2026-02-03,005380,487000.0,495000.0,473000.0,491500.0,2275995.0
2026-02-04,005380,502000.0,518000.0,497500.0,504000.0,1706630.0
2026-02-05,005380,492500.0,508000.0,483500.0,488500.0,1653286.0
2026-02-06,005380,469500.0,473000.0,452000.0,467500.0,2023516.0
2026-02-09,005380,484000.0,485000.0,473000.0,478000.0,1518143.0
2026-02-10,005380,499000.0,505000.0,479000.0,480500.0,1738747.0
2026-02-11,005380,480500.0,515000.0,477000.0,509000.0,3270111.0
2026-02-12,005380,512000.0,512000.0,498000.0,506000.0,1733637.0
2026-02-13,005380,499500.0,509500.0,497500.0,499000.0,1147006.0
2026-02-19,005380,504000.0,523000.0,495500.0,513000.0,1907584.0
2026-02-20,005380,516000.0,516000.0,504000.0,509000.0,1251835.0
2026-02-23,005380,524000.0,541000.0,517000.0,523000.0,2094265.0
2026-02-24,005380,522000.0,530000.0,505000.0,524000.0,1490869.0
2026-02-25,005380,535000.0,584000.0,532000.0,572000.0,4149696.0
2026-02-26,005380,574000.0,618000.0,563000.0,609000.0,2894222.0
2026-02-27,005380,592000.0,687000.0,590000.0,674000.0,4354409.0
2026-03-03,005380,654000.0,658000.0,594000.0,595000.0,3763225.0
2026-03-04,005380,560000.0,593000.0,497500.0,501000.0,4855346.0
2026-03-05,005380,565000.0,582000.0,540000.0,548000.0,2663493.0
2026-03-06,005380,532000.0,564000.0,530000.0,553000.0,1582300.0
2026-03-09,005380,504000.0,511000.0,491000.0,507000.0,1913094.0
2026-03-10,005380,538000.0,541000.0,519000.0,525000.0,1270933.0
2026-03-11,005380,550000.0,561000.0,523000.0,530000.0,1415825.0
2026-03-12,005380,524000.0,528000.0,513000.0,521000.0,1146292.0
2026-03-13,005380,502000.0,529500.0,501000.0,517000.0,950437.0
2026-03-16,005380,511000.0,520000.0,499000.0,506000.0,1348089.0
2026-03-17,005380,528000.0,544000.0,520000.0,522000.0,1346937.0
2026-03-18,005380,536000.0,545000.0,530000.0,545000.0,930616.0
2026-03-19,005380,521000.0,530000.0,521000.0,522000.0,770000.0
2026-03-20,005380,527000.0,528000.0,517000.0,517000.0,1049264.0
2026-03-23,005380,500000.0,501000.0,485000.0,485000.0,1603262.0
2026-03-24,005380,508000.0,509000.0,484000.0,492000.0,1082455.0
2026-03-25,005380,509000.0,518000.0,498500.0,501000.0,1102731.0
2026-03-26,005380,496000.0,499500.0,486000.0,490000.0,954455.0
2026-03-27,005380,472500.0,498500.0,467000.0,495000.0,1151726.0
2026-03-30,005380,468500.0,472500.0,461000.0,469500.0,942256.0
2026-03-31,005380,459500.0,464000.0,445000.0,445500.0,1271113.0
2026-04-01,005380,472000.0,492500.0,466000.0,488000.0,974266.0
2026-04-02,005380,499000.0,499500.0,457000.0,465500.0,1331860.0
2026-04-03,005380,475500.0,485000.0,467000.0,471000.0,659219.0
2026-04-06,005380,469500.0,477500.0,465000.0,469000.0,553057.0
2026-04-07,005380,477000.0,481500.0,465500.0,473000.0,704114.0
2026-04-08,005380,500000.0,510000.0,490000.0,508000.0,1291522.0
2026-04-09,005380,510000.0,514000.0,487000.0,489500.0,990889.0
2026-04-10,005380,498000.0,499500.0,489500.0,489500.0,814112.0
2026-04-13,005380,476500.0,486500.0,474500.0,478500.0,637565.0
2026-04-14,005380,492500.0,501500.0,489000.0,491500.0,778907.0
2026-04-15,005380,510000.0,519000.0,502000.0,508000.0,867909.0
2026-04-16,005380,530000.0,544000.0,527000.0,534000.0,1524311.0
2026-04-17,005380,547000.0,548000.0,531000.0,538000.0,724452.0
2026-04-20,005380,533000.0,541000.0,526000.0,527000.0,835506.0
2026-04-21,005380,534000.0,548000.0,530000.0,546000.0,946609.0
2026-04-22,005380,540000.0,542000.0,531000.0,541000.0,747125.0
2026-04-23,005380,547000.0,551000.0,525000.0,532000.0,1089561.0
2026-04-24,005380,525000.0,526000.0,510000.0,513000.0,1228355.0
2026-04-27,005380,520000.0,533000.0,515000.0,524000.0,930365.0
2026-04-28,005380,533000.0,574000.0,525000.0,555000.0,2585417.0
2026-04-29,005380,565000.0,565000.0,546000.0,556000.0,971755.0
2026-04-30,005380,556000.0,560000.0,531000.0,531000.0,1150241.0
2026-05-04,005380,545000.0,547000.0,532000.0,539000.0,854165.0
2026-05-06,005380,545000.0,564000.0,541000.0,550000.0,1690524.0
2026-05-07,005380,579000.0,596000.0,558000.0,572000.0,2082177.0
2026-05-08,005380,590000.0,647000.0,581000.0,613000.0,5020568.0
2026-05-11,005380,631000.0,654000.0,610000.0,646000.0,2569392.0
2026-05-12,005380,673000.0,702500.0,606000.0,646000.0,4856178.0
2026-05-13,005380,642000.0,710000.0,642000.0,710000.0,4051665.0
2026-05-14,005380,724000.0,730000.0,692000.0,712000.0,2399620.0
2026-05-15,005380,725000.0,774500.0,678000.0,700000.0,4332789.0
2026-05-18,005380,688000.0,697000.0,638000.0,663000.0,2218142.0
2026-05-19,005380,661000.0,661000.0,596000.0,604000.0,2679164.0
2026-05-20,005380,601000.0,605000.0,570000.0,592000.0,1954219.0
2026-05-21,005380,614000.0,672000.0,607000.0,666000.0,1932919.0
2026-05-22,005380,666000.0,667000.0,642000.0,655000.0,997831.0
2026-05-26,005380,679000.0,694000.0,667000.0,689000.0,1364781.0
2026-05-27,005380,691000.0,693000.0,666000.0,681000.0,1879670.0
2026-05-28,005380,709000.0,714000.0,651000.0,677000.0,2192520.0
2026-05-29,005380,704000.0,739000.0,701000.0,723000.0,3095790.0
2026-06-01,005380,723000.0,723000.0,723000.0,723000.0,0.0
2025-01-13,005930,54600.0,55000.0,54100.0,54100.0,16868600.0
2025-01-14,005930,54200.0,54600.0,53700.0,53900.0,17465926.0
2025-01-15,005930,54100.0,54700.0,53500.0,53700.0,18625025.0
2025-01-16,005930,54200.0,55000.0,54100.0,54300.0,18627298.0
2025-01-17,005930,53800.0,54100.0,53200.0,53700.0,18805344.0
2025-01-20,005930,53600.0,53900.0,53300.0,53400.0,11822531.0
2025-01-21,005930,53700.0,54300.0,53300.0,53500.0,13535702.0
2025-01-22,005930,53400.0,54400.0,53100.0,54300.0,18341991.0
2025-01-23,005930,53700.0,54100.0,53500.0,53700.0,15588067.0
2025-01-24,005930,53600.0,53800.0,53200.0,53700.0,11867631.0
2025-01-31,005930,52200.0,53000.0,51700.0,52400.0,42186279.0
2025-02-03,005930,51100.0,51400.0,50800.0,51000.0,32344897.0
2025-02-04,005930,51600.0,53600.0,51500.0,52700.0,27214851.0
2025-02-05,005930,53600.0,53800.0,52800.0,52900.0,15974885.0
2025-02-06,005930,53400.0,54000.0,53200.0,54000.0,16466025.0
2025-02-07,005930,53900.0,54200.0,53600.0,53700.0,14476866.0
2025-02-10,005930,53000.0,55900.0,52900.0,55600.0,27577591.0
2025-02-11,005930,55500.0,56300.0,55000.0,55700.0,24596196.0
2025-02-12,005930,55100.0,55900.0,54500.0,55800.0,26428596.0
2025-02-13,005930,56100.0,56400.0,55600.0,55800.0,22448377.0
2025-02-14,005930,56000.0,57300.0,56000.0,56000.0,23979779.0
2025-02-17,005930,56100.0,56500.0,55700.0,56000.0,11916027.0
2025-02-18,005930,56200.0,57200.0,55900.0,56900.0,22131007.0
2025-02-19,005930,57400.0,58900.0,57300.0,58700.0,25395151.0
2025-02-20,005930,59100.0,59100.0,58100.0,58400.0,21589059.0
2025-02-21,005930,58400.0,58500.0,57100.0,58200.0,22198428.0
2025-02-24,005930,57300.0,57700.0,57200.0,57300.0,14138471.0
2025-02-25,005930,56600.0,57800.0,56500.0,57200.0,14625181.0
2025-02-26,005930,57000.0,57100.0,56100.0,56600.0,18117091.0
2025-02-27,005930,56500.0,57100.0,56200.0,56300.0,14975356.0
2025-02-28,005930,55400.0,55700.0,54500.0,54500.0,28036698.0
2025-03-04,005930,53900.0,55000.0,53800.0,54500.0,18553933.0
2025-03-05,005930,55100.0,55400.0,54000.0,54000.0,16578817.0
2025-03-06,005930,54100.0,54500.0,54000.0,54300.0,12258101.0
2025-03-07,005930,53500.0,54200.0,53400.0,53700.0,14274992.0
2025-03-10,005930,53500.0,54800.0,53500.0,53700.0,12921670.0
2025-03-11,005930,52500.0,54100.0,52500.0,53600.0,17740891.0
2025-03-12,005930,53800.0,55300.0,53600.0,54900.0,17973221.0
2025-03-13,005930,55800.0,55900.0,54200.0,54700.0,24132151.0
2025-03-14,005930,54500.0,55100.0,54400.0,54700.0,10845154.0
2025-03-17,005930,55500.0,57800.0,55400.0,57600.0,35559021.0
2025-03-18,005930,58800.0,59000.0,57300.0,57600.0,28138594.0
2025-03-19,005930,57400.0,59200.0,57400.0,58500.0,29421759.0
2025-03-20,005930,59200.0,60300.0,58500.0,60200.0,34989004.0
2025-03-21,005930,60900.0,61700.0,60400.0,61700.0,40155612.0
2025-03-24,005930,61200.0,61600.0,60500.0,60500.0,14088094.0
2025-03-25,005930,60900.0,61100.0,59500.0,59800.0,17259455.0
2025-03-26,005930,59800.0,61400.0,59700.0,61400.0,16431645.0
2025-03-27,005930,60900.0,62000.0,60800.0,61800.0,20389790.0
2025-03-28,005930,60700.0,61100.0,60000.0,60200.0,16282514.0
2025-03-31,005930,59500.0,59700.0,57800.0,57800.0,17633494.0
2025-04-01,005930,58700.0,59600.0,57900.0,58800.0,13841706.0
2025-04-02,005930,58800.0,59400.0,58300.0,58800.0,14402297.0
2025-04-03,005930,56900.0,57800.0,56900.0,57600.0,19508076.0
2025-04-04,005930,56200.0,58200.0,55700.0,56100.0,23527139.0
2025-04-07,005930,53300.0,54100.0,53100.0,53200.0,31998883.0
2025-04-08,005930,55000.0,55300.0,53300.0,53500.0,25532845.0
2025-04-09,005930,53300.0,54300.0,52900.0,53000.0,20576960.0
2025-04-10,005930,56600.0,56700.0,55000.0,56400.0,22948172.0
2025-04-11,005930,55600.0,55700.0,54800.0,55200.0,13930480.0
2025-04-14,005930,56300.0,56700.0,55800.0,56200.0,12852613.0
2025-04-15,005930,56300.0,57100.0,56200.0,56600.0,8998640.0
2025-04-16,005930,56000.0,56200.0,54500.0,54700.0,14437025.0
2025-04-17,005930,54700.0,55300.0,54500.0,55100.0,10867069.0
2025-04-18,005930,55300.0,55600.0,54900.0,55300.0,5848342.0
2025-04-21,005930,55200.0,56000.0,55100.0,55400.0,5941847.0
2025-04-22,005930,54900.0,55500.0,54700.0,55000.0,9532469.0
2025-04-23,005930,56000.0,56100.0,55500.0,55700.0,11148692.0
2025-04-24,005930,55600.0,55800.0,55200.0,55700.0,10580377.0
2025-04-25,005930,56400.0,56400.0,55600.0,55700.0,12183303.0
2025-04-28,005930,55800.0,55900.0,55500.0,55800.0,9341518.0
2025-04-29,005930,55700.0,56500.0,55600.0,55800.0,10295518.0
2025-04-30,005930,55900.0,56000.0,55300.0,55500.0,13014189.0
2025-05-02,005930,55000.0,55500.0,54200.0,54300.0,22454204.0
2025-05-07,005930,54500.0,55000.0,54300.0,54600.0,17136991.0
2025-05-08,005930,55100.0,55500.0,54500.0,54600.0,16320532.0
2025-05-09,005930,54700.0,55000.0,54400.0,54800.0,7814322.0
2025-05-12,005930,55200.0,57600.0,55000.0,57600.0,15414702.0
2025-05-13,005930,57700.0,58200.0,56800.0,56900.0,16842801.0
2025-05-14,005930,57500.0,57900.0,57000.0,57400.0,12468089.0
2025-05-15,005930,57400.0,58600.0,57100.0,57300.0,13139736.0
2025-05-16,005930,57400.0,57500.0,56700.0,56800.0,10385352.0
2025-05-19,005930,56400.0,56400.0,55500.0,55800.0,9802105.0
2025-05-20,005930,56200.0,56700.0,55700.0,55900.0,9080577.0
2025-05-21,005930,56200.0,56600.0,55700.0,55700.0,7794181.0
2025-05-22,005930,55300.0,55500.0,54500.0,54700.0,15254278.0
2025-05-23,005930,55000.0,55200.0,54100.0,54200.0,11247115.0
2025-05-26,005930,53900.0,55000.0,53700.0,54700.0,10901337.0
2025-05-27,005930,54200.0,54500.0,53800.0,53900.0,13439520.0
2025-05-28,005930,54300.0,56100.0,54200.0,55900.0,17516283.0
2025-05-29,005930,56200.0,56400.0,55600.0,56100.0,12936810.0
2025-05-30,005930,56200.0,57200.0,55800.0,56200.0,26219683.0
2025-06-02,005930,56300.0,57300.0,56200.0,56800.0,12870515.0
2025-06-04,005930,57200.0,57900.0,56800.0,57800.0,19649983.0
2025-06-05,005930,58100.0,59900.0,57900.0,59100.0,23266027.0
2025-06-09,005930,60400.0,60400.0,59500.0,59800.0,19609659.0
2025-06-10,005930,60000.0,60100.0,58800.0,59200.0,15305760.0
2025-06-11,005930,59500.0,60100.0,59400.0,59900.0,13610734.0
2025-06-12,005930,59700.0,60000.0,59300.0,59500.0,17755115.0
2025-06-13,005930,60200.0,60200.0,57700.0,58300.0,20705979.0
2025-06-16,005930,58000.0,58100.0,56900.0,57200.0,22200872.0
2025-06-17,005930,57800.0,59800.0,57400.0,58100.0,28637003.0
2025-06-18,005930,58000.0,59800.0,57900.0,59800.0,17620705.0
2025-06-19,005930,60500.0,60600.0,59000.0,59200.0,16876278.0
2025-06-20,005930,59400.0,59800.0,59100.0,59500.0,18072251.0
2025-06-23,005930,58400.0,58500.0,57600.0,58000.0,16551694.0
2025-06-24,005930,59400.0,60600.0,59300.0,60500.0,23737899.0
2025-06-25,005930,61500.0,61600.0,60300.0,61300.0,23933612.0
2025-06-26,005930,61300.0,61300.0,59900.0,60200.0,19402300.0
2025-06-27,005930,60100.0,61600.0,60000.0,60800.0,17340470.0
2025-06-30,005930,61200.0,61200.0,59800.0,59800.0,17110294.0
2025-07-01,005930,60400.0,61100.0,60200.0,60200.0,13650991.0
2025-07-02,005930,60200.0,60900.0,59800.0,60800.0,15047951.0
2025-07-03,005930,61300.0,63800.0,61100.0,63800.0,32040639.0
2025-07-04,005930,64700.0,64700.0,63000.0,63300.0,23748959.0
2025-07-07,005930,62900.0,63300.0,61700.0,61700.0,17164708.0
2025-07-08,005930,61600.0,62400.0,61000.0,61400.0,20213724.0
2025-07-09,005930,61400.0,61400.0,60200.0,60400.0,17533415.0
2025-07-10,005930,60600.0,61200.0,60400.0,61000.0,14768473.0
2025-07-11,005930,61300.0,62800.0,61200.0,62600.0,19140650.0
2025-07-14,005930,62300.0,62600.0,61800.0,62500.0,13563846.0
2025-07-15,005930,62300.0,63800.0,62000.0,63700.0,18442202.0
2025-07-16,005930,63700.0,64700.0,63100.0,64700.0,23042660.0
2025-07-17,005930,65900.0,66800.0,64400.0,66700.0,39448683.0
2025-07-18,005930,67000.0,67800.0,66300.0,67100.0,23951531.0
2025-07-21,005930,67400.0,68800.0,67200.0,67800.0,17723148.0
2025-07-22,005930,68100.0,68500.0,65600.0,66000.0,20829006.0
2025-07-23,005930,66200.0,66500.0,64900.0,66400.0,15687058.0
2025-07-24,005930,66500.0,66800.0,65900.0,66000.0,12660193.0
2025-07-25,005930,65700.0,66300.0,65500.0,65900.0,8080910.0
2025-07-28,005930,68200.0,70400.0,67200.0,70400.0,35332500.0
2025-07-29,005930,70800.0,70800.0,68800.0,70600.0,28190940.0
2025-07-30,005930,71000.0,73700.0,70600.0,72600.0,34761444.0
2025-07-31,005930,73000.0,74000.0,71000.0,71400.0,26568072.0
2025-08-01,005930,70200.0,72000.0,68800.0,68900.0,24038534.0
2025-08-04,005930,69500.0,70200.0,68700.0,69700.0,14780072.0
2025-08-05,005930,71000.0,71500.0,69700.0,69900.0,14392903.0
2025-08-06,005930,69200.0,69400.0,68300.0,68800.0,12542415.0
2025-08-07,005930,70800.0,71000.0,69700.0,70500.0,15008213.0
2025-08-08,005930,71000.0,72400.0,70700.0,71800.0,22241128.0
2025-08-11,005930,72000.0,72100.0,70800.0,71000.0,11354253.0
2025-08-12,005930,71100.0,72400.0,71100.0,71100.0,15797656.0
2025-08-13,005930,71900.0,72100.0,71400.0,71900.0,12305742.0
2025-08-14,005930,71900.0,71900.0,71200.0,71600.0,11946122.0
2025-08-18,005930,71100.0,71200.0,70000.0,70000.0,13595591.0
2025-08-19,005930,70400.0,70700.0,69700.0,70000.0,10533082.0
2025-08-20,005930,70100.0,70700.0,69400.0,70500.0,17445516.0
2025-08-21,005930,71500.0,71900.0,70600.0,70600.0,18843833.0
2025-08-22,005930,71700.0,71800.0,70800.0,71400.0,9277432.0
2025-08-25,005930,71700.0,71800.0,71000.0,71500.0,10345178.0
2025-08-26,005930,70800.0,71100.0,70300.0,70300.0,14712519.0
2025-08-27,005930,70100.0,70900.0,69800.0,70600.0,10523405.0
2025-08-28,005930,70100.0,70400.0,69600.0,69600.0,11578024.0
2025-08-29,005930,70100.0,70500.0,69700.0,69700.0,11682267.0
2025-09-01,005930,68400.0,68600.0,67500.0,67600.0,12002343.0
2025-09-02,005930,67800.0,69500.0,67800.0,69100.0,10604028.0
2025-09-03,005930,69200.0,69800.0,68800.0,69800.0,10283009.0
2025-09-04,005930,69500.0,70100.0,69300.0,70100.0,12284414.0
2025-09-05,005930,70300.0,70400.0,69500.0,69500.0,11526724.0
2025-09-08,005930,69800.0,70500.0,69600.0,70100.0,9263135.0
2025-09-09,005930,70100.0,71500.0,70000.0,71500.0,14870245.0
2025-09-10,005930,71800.0,72800.0,71600.0,72600.0,21928565.0
2025-09-11,005930,73200.0,73600.0,72100.0,73400.0,20793501.0
2025-09-12,005930,74600.0,75600.0,74200.0,75400.0,28219678.0
2025-09-15,005930,77200.0,77600.0,75900.0,76500.0,19908805.0
2025-09-16,005930,76900.0,79500.0,76700.0,79400.0,28218265.0
2025-09-17,005930,79100.0,79100.0,77100.0,78200.0,20856317.0
2025-09-18,005930,79100.0,80500.0,78600.0,80500.0,25619035.0
2025-09-19,005930,81100.0,81200.0,79600.0,79700.0,20898386.0
2025-09-22,005930,81500.0,84000.0,81100.0,83500.0,27529656.0
2025-09-23,005930,85800.0,85900.0,83600.0,84700.0,23610263.0
2025-09-24,005930,84200.0,85500.0,83700.0,85400.0,18300997.0
2025-09-25,005930,84400.0,86200.0,84100.0,86100.0,19665151.0
2025-09-26,005930,85000.0,85300.0,82400.0,83300.0,24071193.0
2025-09-29,005930,83300.0,85000.0,83200.0,84200.0,13069094.0
2025-09-30,005930,84600.0,84900.0,83400.0,83900.0,16319061.0
2025-10-01,005930,84900.0,86200.0,84700.0,86000.0,22039361.0
2025-10-02,005930,89300.0,90300.0,88700.0,89000.0,49883028.0
2025-10-10,005930,94000.0,94500.0,92700.0,94400.0,35269748.0
2025-10-13,005930,91300.0,93400.0,90700.0,93300.0,23883308.0
2025-10-14,005930,95300.0,96000.0,90200.0,91600.0,35545235.0
2025-10-15,005930,92300.0,95300.0,92100.0,95000.0,21050111.0
2025-10-16,005930,95300.0,97700.0,95000.0,97700.0,28141060.0
2025-10-17,005930,97200.0,99100.0,96700.0,97900.0,22730809.0
2025-10-20,005930,97900.0,98300.0,96000.0,98100.0,17589756.0
2025-10-21,005930,98500.0,99900.0,97300.0,97500.0,22803830.0
2025-10-22,005930,97100.0,98600.0,95500.0,98600.0,15937611.0
2025-10-23,005930,96800.0,98500.0,96300.0,96500.0,18488581.0
2025-10-24,005930,97900.0,99000.0,97700.0,98800.0,18801925.0
2025-10-27,005930,101300.0,102000.0,100600.0,102000.0,22169970.0
2025-10-28,005930,100900.0,101000.0,99100.0,99500.0,20002282.0
2025-10-29,005930,100200.0,101000.0,99100.0,100500.0,20899788.0
2025-10-30,005930,102400.0,105800.0,102000.0,104100.0,34570017.0
2025-10-31,005930,105000.0,108600.0,103300.0,107500.0,54824564.0
2025-11-03,005930,106900.0,111500.0,106500.0,111100.0,30110066.0
2025-11-04,005930,111800.0,112400.0,104900.0,104900.0,30450281.0
2025-11-05,005930,101000.0,102000.0,96700.0,100600.0,44843020.0
2025-11-06,005930,103700.0,103800.0,98800.0,99200.0,28655689.0
2025-11-07,005930,96400.0,100300.0,96300.0,97900.0,22908083.0
2025-11-10,005930,98600.0,101000.0,97900.0,100600.0,23842327.0
2025-11-11,005930,103700.0,106000.0,102000.0,103500.0,27742542.0
2025-11-12,005930,103000.0,103900.0,101600.0,103100.0,19413497.0
2025-11-13,005930,102500.0,104200.0,102300.0,102800.0,20838741.0
2025-11-14,005930,99000.0,99600.0,97200.0,97200.0,21806342.0
2025-11-17,005930,99800.0,101000.0,99500.0,100600.0,17192584.0
2025-11-18,005930,99800.0,100900.0,97500.0,97800.0,18684068.0
2025-11-19,005930,97100.0,97500.0,94600.0,96500.0,18993346.0
2025-11-20,005930,100900.0,102900.0,99500.0,100600.0,25360435.0
2025-11-21,005930,95600.0,96800.0,94500.0,94800.0,23103574.0
2025-11-24,005930,97800.0,99000.0,96200.0,96700.0,29831172.0
2025-11-25,005930,101400.0,101400.0,97800.0,99300.0,16110054.0
2025-11-26,005930,100500.0,102900.0,99300.0,102800.0,21314975.0
2025-11-27,005930,104100.0,105500.0,102700.0,103500.0,16453004.0
2025-11-28,005930,103800.0,103800.0,100500.0,100500.0,15292277.0
2025-12-01,005930,102000.0,102800.0,99900.0,100800.0,10905526.0
2025-12-02,005930,101200.0,103500.0,101000.0,103400.0,13649487.0
2025-12-03,005930,104700.0,105500.0,104000.0,104500.0,14697927.0
2025-12-04,005930,103900.0,105100.0,103200.0,105100.0,11931145.0
2025-12-05,005930,105300.0,108400.0,104600.0,108400.0,19755571.0
2025-12-08,005930,109700.0,110000.0,108000.0,109500.0,15527762.0
2025-12-09,005930,108900.0,109400.0,107300.0,108400.0,13671800.0
2025-12-10,005930,108300.0,109800.0,107400.0,108000.0,12365092.0
2025-12-11,005930,109200.0,110500.0,107300.0,107300.0,22994507.0
2025-12-12,005930,107100.0,108900.0,106800.0,108900.0,14210314.0
2025-12-15,005930,105300.0,105800.0,104600.0,104800.0,20594654.0
2025-12-16,005930,104900.0,105600.0,102700.0,102800.0,18852079.0
2025-12-17,005930,103500.0,108100.0,103400.0,107900.0,22297611.0
2025-12-18,005930,106400.0,108200.0,105700.0,107600.0,20445631.0
2025-12-19,005930,109700.0,109700.0,106200.0,106300.0,25917098.0
2025-12-22,005930,109700.0,110500.0,109300.0,110500.0,24859171.0
2025-12-23,005930,110900.0,112500.0,110400.0,111500.0,20419187.0
2025-12-24,005930,112400.0,112400.0,110900.0,111100.0,12492939.0
2025-12-26,005930,112400.0,117000.0,112400.0,117000.0,34018174.0
2025-12-29,005930,119400.0,119700.0,118200.0,119500.0,19676004.0
2025-12-30,005930,119100.0,121200.0,118700.0,119900.0,19746349.0
2026-01-02,005930,120200.0,128500.0,120200.0,128500.0,30463279.0
2026-01-05,005930,134600.0,138600.0,133600.0,138100.0,42863376.0
2026-01-06,005930,135300.0,139300.0,132700.0,138900.0,45321341.0
2026-01-07,005930,143500.0,144400.0,137600.0,141000.0,46317413.0
2026-01-08,005930,138300.0,144500.0,138300.0,138800.0,41449329.0
2026-01-09,005930,136000.0,140700.0,135200.0,139000.0,29520566.0
2026-01-12,005930,141000.0,142000.0,136900.0,138800.0,26271134.0
2026-01-13,005930,139800.0,140200.0,136900.0,137600.0,22384699.0
2026-01-14,005930,137000.0,140300.0,136800.0,140300.0,18444394.0
2026-01-15,005930,139000.0,144000.0,138300.0,143900.0,24701126.0
2026-01-16,005930,145300.0,149500.0,144300.0,148900.0,30000219.0
2026-01-19,005930,147200.0,150600.0,146600.0,149300.0,22762497.0
2026-01-20,005930,148500.0,149300.0,143900.0,145200.0,24059218.0
2026-01-21,005930,141900.0,149800.0,141800.0,149500.0,31703610.0
2026-01-22,005930,155000.0,157000.0,150800.0,152300.0,32073624.0
2026-01-23,005930,154700.0,156000.0,150100.0,152100.0,25407497.0
2026-01-26,005930,154900.0,156400.0,151500.0,152100.0,20561689.0
2026-01-27,005930,150500.0,159500.0,149200.0,159500.0,29423670.0
2026-01-28,005930,162600.0,163300.0,160200.0,162400.0,29456431.0
2026-01-29,005930,166200.0,166600.0,157100.0,160700.0,36087223.0
2026-01-30,005930,160100.0,166500.0,160100.0,160500.0,40557267.0
2026-02-02,005930,155700.0,159600.0,150400.0,150400.0,39748369.0
2026-02-03,005930,157900.0,167500.0,157200.0,167500.0,36529813.0
2026-02-04,005930,163500.0,169400.0,163100.0,169100.0,29943042.0
2026-02-05,005930,162000.0,164000.0,158500.0,159300.0,38435228.0
2026-02-06,005930,154100.0,160300.0,151600.0,158600.0,36358081.0
2026-02-09,005930,168600.0,168700.0,165000.0,166400.0,25098971.0
2026-02-10,005930,167400.0,168100.0,165500.0,165800.0,19369566.0
2026-02-11,005930,164000.0,168600.0,162000.0,167800.0,22760242.0
2026-02-12,005930,171200.0,179600.0,170100.0,178600.0,41296011.0
2026-02-13,005930,179500.0,184400.0,178900.0,181200.0,34454192.0
2026-02-19,005930,188000.0,190900.0,187100.0,190000.0,27049388.0
2026-02-20,005930,190000.0,190300.0,188600.0,190100.0,24213880.0
2026-02-23,005930,194400.0,197600.0,190500.0,193000.0,26364684.0
2026-02-24,005930,193000.0,200000.0,192000.0,200000.0,28060617.0
2026-02-25,005930,202500.0,206000.0,201000.0,203500.0,26987996.0
2026-02-26,005930,206500.0,219000.0,206000.0,218000.0,30095763.0
2026-02-27,005930,210000.0,223000.0,210000.0,216500.0,51774768.0
2026-03-03,005930,209500.0,212500.0,195100.0,195100.0,54879010.0
2026-03-04,005930,184200.0,195900.0,171900.0,172200.0,89427954.0
2026-03-05,005930,195000.0,199700.0,188100.0,191600.0,53959129.0
2026-03-06,005930,186100.0,189700.0,181000.0,188200.0,29522650.0
2026-03-09,005930,173500.0,175500.0,167300.0,173500.0,43066020.0
2026-03-10,005930,187600.0,191500.0,184300.0,187900.0,33530170.0
2026-03-11,005930,193000.0,194800.0,187700.0,190000.0,24311356.0
2026-03-12,005930,186600.0,190000.0,185900.0,187900.0,20440753.0
2026-03-13,005930,180000.0,186200.0,179900.0,183500.0,19566331.0
2026-03-16,005930,184600.0,189000.0,183600.0,188700.0,19747901.0
2026-03-17,005930,198000.0,198000.0,193100.0,193900.0,20300082.0
2026-03-18,005930,200500.0,209000.0,199700.0,208500.0,25148481.0
2026-03-19,005930,199900.0,205000.0,199600.0,200500.0,19884483.0
2026-03-20,005930,202000.0,202500.0,199000.0,199400.0,35279762.0
2026-03-23,005930,190500.0,191200.0,186300.0,186300.0,30268173.0
2026-03-24,005930,195500.0,196000.0,185500.0,189700.0,25458914.0
2026-03-25,005930,193700.0,196400.0,189000.0,189000.0,22995904.0
2026-03-26,005930,185500.0,185900.0,178900.0,180100.0,32074131.0
2026-03-27,005930,172100.0,181700.0,172000.0,179700.0,29138966.0
2026-03-30,005930,171000.0,176650.0,170600.0,176300.0,22269147.0
2026-03-31,005930,170000.0,174700.0,167000.0,167200.0,38659593.0
2026-04-01,005930,179000.0,190800.0,178000.0,189600.0,32390251.0
2026-04-02,005930,192600.0,193600.0,175000.0,178400.0,38615231.0
2026-04-03,005930,184200.0,187200.0,182700.0,186200.0,20194447.0
2026-04-06,005930,190900.0,194600.0,190100.0,193100.0,20635958.0
2026-04-07,005930,202000.0,202500.0,192400.0,196500.0,30848053.0
2026-04-08,005930,214000.0,214500.0,207500.0,210500.0,35890973.0
2026-04-09,005930,207000.0,207500.0,202000.0,204000.0,42320839.0
2026-04-10,005930,208500.0,211000.0,205500.0,206000.0,18244459.0
2026-04-13,005930,198200.0,203000.0,198200.0,201000.0,19603415.0
2026-04-14,005930,208000.0,210000.0,205500.0,206500.0,23672078.0
2026-04-15,005930,215000.0,215500.0,210000.0,211000.0,24092884.0
2026-04-16,005930,212000.0,218000.0,210500.0,217500.0,21499788.0
2026-04-17,005930,217000.0,218000.0,215000.0,216000.0,18079322.0
2026-04-20,005930,214500.0,219000.0,213000.0,214500.0,17107741.0
2026-04-21,005930,218000.0,220000.0,216000.0,219000.0,16752132.0
2026-04-22,005930,218500.0,222500.0,215500.0,217500.0,16823480.0
2026-04-23,005930,223000.0,229500.0,216000.0,224500.0,34525485.0
2026-04-24,005930,224000.0,225000.0,216500.0,219500.0,19626666.0
2026-04-27,005930,220000.0,226000.0,218500.0,224500.0,22870374.0
2026-04-28,005930,224000.0,226000.0,221500.0,222000.0,18444490.0
2026-04-29,005930,219500.0,228000.0,218500.0,226000.0,20363756.0
2026-04-30,005930,229000.0,230000.0,220500.0,220500.0,22161975.0
2026-05-04,005930,228000.0,232500.0,224000.0,232500.0,32920816.0
2026-05-06,005930,254000.0,270000.0,251000.0,266000.0,53097996.0
2026-05-07,005930,272000.0,277000.0,260000.0,271500.0,41404687.0
2026-05-08,005930,260000.0,270000.0,260000.0,268500.0,25875880.0
2026-05-11,005930,284500.0,288500.0,280000.0,285500.0,36031094.0
2026-05-12,005930,290000.0,291500.0,266000.0,279000.0,41211149.0
2026-05-13,005930,264000.0,285500.0,262000.0,284000.0,35540134.0
2026-05-14,005930,282000.0,299500.0,282000.0,296000.0,39314752.0
2026-05-15,005930,291000.0,296500.0,266000.0,270500.0,38075487.0
2026-05-18,005930,269500.0,288500.0,262000.0,281000.0,33555214.0
2026-05-19,005930,274000.0,281500.0,266000.0,275500.0,30767569.0
2026-05-20,005930,278000.0,282500.0,263500.0,276000.0,35662077.0
2026-05-21,005930,291000.0,299500.0,287000.0,299500.0,36168689.0
2026-05-22,005930,300000.0,300500.0,292000.0,292500.0,18395274.0
2026-05-26,005930,298000.0,302000.0,297500.0,299000.0,23441371.0
2026-05-27,005930,321500.0,323000.0,306000.0,307000.0,33916688.0
2026-05-28,005930,305000.0,306500.0,287500.0,299500.0,30195334.0
2026-05-29,005930,309500.0,319000.0,305500.0,317000.0,37241537.0
2026-06-01,005930,317000.0,317000.0,317000.0,317000.0,0.0
2025-01-13,006400,227625.0,230072.0,224688.0,224688.0,375335.0
2025-01-14,006400,227625.0,233499.0,225667.0,231541.0,361798.0
2025-01-15,006400,232030.0,233499.0,226156.0,226646.0,282940.0
2025-01-16,006400,230562.0,234478.0,229093.0,229583.0,292772.0
2025-01-17,006400,228114.0,231541.0,227625.0,229093.0,215816.0
2025-01-20,006400,230072.0,239373.0,230072.0,238394.0,436132.0
2025-01-21,006400,235946.0,237905.0,225177.0,229093.0,429840.0
2025-01-22,006400,230562.0,236436.0,229583.0,234478.0,275832.0
2025-01-23,006400,233009.0,233499.0,227625.0,227625.0,245299.0
2025-01-24,006400,228114.0,229583.0,220282.0,221750.0,486053.0
2025-01-31,006400,220771.0,221261.0,215387.0,217345.0,412029.0
2025-02-03,006400,211960.0,211960.0,202659.0,203638.0,518647.0
2025-02-04,006400,206086.0,209513.0,201191.0,201191.0,523511.0
2025-02-05,006400,203638.0,211471.0,203149.0,208044.0,404393.0
2025-02-06,006400,208534.0,209513.0,204128.0,207555.0,351675.0
2025-02-07,006400,205107.0,211960.0,204128.0,205107.0,313332.0
2025-02-10,006400,201191.0,208534.0,195806.0,206575.0,677930.0
2025-02-11,006400,205596.0,210492.0,203638.0,206086.0,296924.0
2025-02-12,006400,206086.0,208044.0,203638.0,204617.0,247127.0
2025-02-13,006400,206575.0,212450.0,206086.0,209513.0,840837.0
2025-02-14,006400,209513.0,212450.0,207065.0,209023.0,314999.0
2025-02-17,006400,210981.0,217345.0,208534.0,214897.0,359054.0
2025-02-18,006400,216855.0,216855.0,210492.0,212939.0,266985.0
2025-02-19,006400,211471.0,223219.0,211471.0,221261.0,511308.0
2025-02-20,006400,220771.0,227135.0,219792.0,222240.0,395944.0
2025-02-21,006400,222730.0,228114.0,220282.0,226646.0,390614.0
2025-02-24,006400,223709.0,243289.0,223219.0,241821.0,810911.0
2025-02-25,006400,238394.0,242310.0,231541.0,231541.0,580972.0
2025-02-26,006400,229583.0,235457.0,228114.0,232520.0,682151.0
2025-02-27,006400,234967.0,237415.0,231051.0,233499.0,441715.0
2025-02-28,006400,230072.0,230072.0,217834.0,219303.0,704342.0
2025-03-04,006400,217345.0,219303.0,208044.0,208534.0,604511.0
2025-03-05,006400,210981.0,212450.0,205596.0,209023.0,562644.0
2025-03-06,006400,211471.0,216366.0,207065.0,208044.0,584454.0
2025-03-07,006400,205596.0,216366.0,203638.0,213918.0,522099.0
2025-03-10,006400,213918.0,215876.0,209023.0,211471.0,472306.0
2025-03-11,006400,202659.0,206575.0,201680.0,204617.0,487464.0
2025-03-12,006400,207555.0,210492.0,205596.0,208534.0,387217.0
2025-03-13,006400,210981.0,211960.0,199722.0,199722.0,1089451.0
2025-03-14,006400,195317.0,205107.0,185330.0,187386.0,2851908.0
2025-03-17,006400,187191.0,188561.0,182883.0,186407.0,976834.0
2025-03-18,006400,187386.0,191792.0,186652.0,186799.0,772604.0
2025-03-19,006400,186505.0,190911.0,186505.0,187876.0,790168.0
2025-03-20,006400,190617.0,201191.0,189834.0,198254.0,1348840.0
2025-03-21,006400,198743.0,199233.0,192184.0,196296.0,724665.0
2025-03-24,006400,196785.0,198743.0,193456.0,197275.0,286162.0
2025-03-25,006400,199722.0,201191.0,195708.0,197764.0,254973.0
2025-03-26,006400,198254.0,208044.0,196296.0,204128.0,445857.0
2025-03-27,006400,200701.0,202170.0,197275.0,197275.0,305262.0
2025-03-28,006400,197764.0,199233.0,193359.0,195219.0,337896.0
2025-03-31,006400,191596.0,192379.0,184547.0,184547.0,576174.0
2025-04-01,006400,186505.0,189834.0,185330.0,189540.0,352728.0
2025-04-02,006400,189638.0,190324.0,181708.0,182589.0,467150.0
2025-04-03,006400,176715.0,181316.0,175540.0,179358.0,373181.0
2025-04-04,006400,175736.0,187289.0,175736.0,186799.0,478175.0
2025-04-07,006400,179358.0,180925.0,176030.0,176323.0,382779.0
2025-04-08,006400,179946.0,180239.0,172211.0,172603.0,418533.0
2025-04-09,006400,169079.0,173582.0,166435.0,168099.0,550125.0
2025-04-10,006400,177900.0,178300.0,172800.0,177200.0,492598.0
2025-04-11,006400,173000.0,177100.0,172000.0,175600.0,355010.0
2025-04-14,006400,177600.0,181900.0,177100.0,178400.0,278232.0
2025-04-15,006400,179400.0,184100.0,176300.0,182600.0,303559.0
2025-04-16,006400,182000.0,184400.0,176600.0,177000.0,272189.0
2025-04-17,006400,178000.0,182700.0,177000.0,180900.0,246328.0
2025-04-18,006400,182100.0,182100.0,178500.0,180000.0,146661.0
2025-04-21,006400,179000.0,180500.0,176700.0,177800.0,184454.0
2025-04-22,006400,176900.0,179800.0,176200.0,177300.0,213303.0
2025-04-23,006400,180000.0,190400.0,179900.0,190400.0,532051.0
2025-04-24,006400,191200.0,191300.0,183700.0,184700.0,330284.0
2025-04-25,006400,186700.0,189400.0,184000.0,185100.0,328738.0
2025-04-28,006400,184500.0,189600.0,183500.0,184200.0,327979.0
2025-04-29,006400,185000.0,185500.0,182000.0,183600.0,241248.0
2025-04-30,006400,183100.0,183300.0,175600.0,176000.0,606531.0
2025-05-02,006400,176400.0,177000.0,170900.0,173600.0,330151.0
2025-05-07,006400,175400.0,176400.0,171400.0,172200.0,405002.0
2025-05-08,006400,172100.0,173400.0,170100.0,172200.0,584179.0
2025-05-09,006400,173800.0,173800.0,170300.0,170400.0,227421.0
2025-05-12,006400,170700.0,174900.0,170600.0,174900.0,260867.0
2025-05-13,006400,175400.0,176200.0,170600.0,170900.0,296932.0
2025-05-14,006400,171400.0,173600.0,167300.0,173000.0,356073.0
2025-05-15,006400,171300.0,173000.0,169600.0,169700.0,265305.0
2025-05-16,006400,170000.0,170000.0,164100.0,164700.0,662722.0
2025-05-19,006400,163400.0,173300.0,163400.0,169400.0,490511.0
2025-05-20,006400,170400.0,170800.0,160600.0,161500.0,568781.0
2025-05-21,006400,162100.0,165500.0,161600.0,161800.0,291613.0
2025-05-22,006400,161800.0,164700.0,157700.0,163100.0,395732.0
2025-05-23,006400,162700.0,163400.0,159200.0,160200.0,268120.0
2025-05-26,006400,160200.0,168400.0,160200.0,166000.0,396990.0
2025-05-27,006400,164400.0,164600.0,159400.0,160200.0,488202.0
2025-05-28,006400,161300.0,176000.0,160800.0,174100.0,1002912.0
2025-05-29,006400,175800.0,175800.0,169000.0,174400.0,557915.0
2025-05-30,006400,172500.0,174000.0,168900.0,168900.0,1009215.0
2025-06-02,006400,170000.0,172900.0,167000.0,172800.0,438261.0
2025-06-04,006400,174600.0,179000.0,171400.0,172400.0,503464.0
2025-06-05,006400,170800.0,176300.0,170200.0,174300.0,370426.0
2025-06-09,006400,173500.0,173600.0,169500.0,170800.0,489915.0
2025-06-10,006400,171900.0,172900.0,169400.0,170300.0,426240.0
2025-06-11,006400,170800.0,175000.0,170300.0,172900.0,603691.0
2025-06-12,006400,171500.0,176900.0,171100.0,174800.0,1132120.0
2025-06-13,006400,173900.0,175900.0,169800.0,172100.0,666710.0
2025-06-16,006400,170900.0,171200.0,165900.0,168900.0,610282.0
2025-06-17,006400,169000.0,172900.0,166900.0,169300.0,508546.0
2025-06-18,006400,168300.0,170700.0,167100.0,169200.0,399040.0
2025-06-19,006400,169300.0,170800.0,167900.0,168200.0,408738.0
2025-06-20,006400,168200.0,177000.0,166500.0,176300.0,934905.0
2025-06-23,006400,172800.0,172900.0,168300.0,169300.0,571851.0
2025-06-24,006400,172500.0,182300.0,172400.0,176800.0,742543.0
2025-06-25,006400,177700.0,177800.0,173300.0,175400.0,421667.0
2025-06-26,006400,177000.0,178700.0,173100.0,174600.0,418901.0
2025-06-27,006400,175300.0,175300.0,169600.0,169700.0,478562.0
2025-06-30,006400,171000.0,175500.0,170900.0,172800.0,414084.0
2025-07-01,006400,173400.0,181700.0,172300.0,178200.0,885032.0
2025-07-02,006400,176600.0,179100.0,175200.0,179000.0,470497.0
2025-07-03,006400,180000.0,187000.0,178600.0,185300.0,850429.0
2025-07-04,006400,182800.0,183600.0,179500.0,181100.0,500743.0
2025-07-07,006400,182800.0,183700.0,176800.0,177000.0,504717.0
2025-07-08,006400,175400.0,178500.0,174000.0,175000.0,493345.0
2025-07-09,006400,175500.0,176900.0,169700.0,170100.0,689370.0
2025-07-10,006400,171000.0,171900.0,169900.0,170300.0,554246.0
2025-07-11,006400,171100.0,181000.0,171000.0,179400.0,1066739.0
2025-07-14,006400,180200.0,181100.0,176700.0,181100.0,399191.0
2025-07-15,006400,180600.0,181000.0,177800.0,179200.0,328760.0
2025-07-16,006400,178700.0,180000.0,175900.0,176100.0,278372.0
2025-07-17,006400,177400.0,179200.0,174600.0,179000.0,356729.0
2025-07-18,006400,180700.0,184300.0,180050.0,182500.0,686213.0
2025-07-21,006400,182500.0,186500.0,180900.0,185800.0,517341.0
2025-07-22,006400,187600.0,189200.0,181500.0,181900.0,473977.0
2025-07-23,006400,184000.0,185900.0,180100.0,184600.0,404059.0
2025-07-24,006400,186400.0,193900.0,185100.0,190300.0,1013457.0
2025-07-25,006400,193300.0,193300.0,187000.0,189800.0,525343.0
2025-07-28,006400,191900.0,195700.0,190500.0,194500.0,753603.0
2025-07-29,006400,192200.0,192300.0,187200.0,191100.0,536337.0
2025-07-30,006400,190700.0,210000.0,190700.0,206000.0,1593192.0
2025-07-31,006400,212500.0,212500.0,197500.0,201000.0,948283.0
2025-08-01,006400,196400.0,198000.0,189800.0,190000.0,843531.0
2025-08-04,006400,190800.0,194000.0,189500.0,193700.0,434105.0
2025-08-05,006400,197600.0,221500.0,197500.0,213500.0,1875615.0
2025-08-06,006400,212000.0,223000.0,211000.0,218000.0,1157281.0
2025-08-07,006400,223000.0,223000.0,214500.0,217000.0,467950.0
2025-08-08,006400,221500.0,221500.0,215000.0,218000.0,361289.0
2025-08-11,006400,221500.0,234000.0,221000.0,225000.0,983767.0
2025-08-12,006400,225000.0,226500.0,221000.0,221000.0,403226.0
2025-08-13,006400,225500.0,225500.0,218000.0,221500.0,325765.0
2025-08-14,006400,223500.0,229000.0,223000.0,224000.0,448035.0
2025-08-18,006400,222500.0,224500.0,216000.0,219500.0,319220.0
2025-08-19,006400,220500.0,223500.0,215500.0,221000.0,268361.0
2025-08-20,006400,218000.0,224000.0,216000.0,217500.0,377027.0
2025-08-21,006400,219000.0,219500.0,214500.0,215500.0,325179.0
2025-08-22,006400,216500.0,219000.0,213500.0,216000.0,373227.0
2025-08-25,006400,220000.0,223500.0,217500.0,221500.0,254189.0
2025-08-26,006400,221000.0,225750.0,219500.0,221000.0,480981.0
2025-08-27,006400,224000.0,224000.0,217500.0,220000.0,362256.0
2025-08-28,006400,220500.0,222500.0,215000.0,216000.0,336139.0
2025-08-29,006400,216500.0,216500.0,206000.0,207000.0,619884.0
2025-09-01,006400,202500.0,206500.0,201500.0,203000.0,300030.0
2025-09-02,006400,204000.0,204000.0,199400.0,202500.0,295808.0
2025-09-03,006400,203000.0,204500.0,200000.0,201500.0,252531.0
2025-09-04,006400,205500.0,205500.0,201000.0,202500.0,260018.0
2025-09-05,006400,202500.0,203500.0,199300.0,199500.0,303237.0
2025-09-08,006400,197900.0,201500.0,197600.0,199900.0,207896.0
2025-09-09,006400,200500.0,202500.0,199600.0,201500.0,307287.0
2025-09-10,006400,200000.0,200500.0,196800.0,198100.0,689275.0
2025-09-11,006400,199700.0,201000.0,198000.0,198300.0,488743.0
2025-09-12,006400,201500.0,204000.0,200000.0,204000.0,534562.0
2025-09-15,006400,206000.0,207000.0,200500.0,201500.0,592824.0
2025-09-16,006400,203000.0,205000.0,201500.0,204000.0,398951.0
2025-09-17,006400,204500.0,207500.0,202500.0,204000.0,342331.0
2025-09-18,006400,205000.0,209000.0,202500.0,209000.0,374497.0
2025-09-19,006400,207500.0,209000.0,203000.0,203000.0,858121.0
2025-09-22,006400,205000.0,211000.0,203500.0,207500.0,406999.0
2025-09-23,006400,208500.0,211500.0,207500.0,210000.0,296713.0
2025-09-24,006400,211500.0,211500.0,203000.0,205500.0,361727.0
2025-09-25,006400,206000.0,211500.0,205500.0,210500.0,416263.0
2025-09-26,006400,208000.0,208000.0,202500.0,202500.0,378492.0
2025-09-29,006400,205500.0,208000.0,204500.0,206000.0,205188.0
2025-09-30,006400,205000.0,209000.0,204500.0,205000.0,247788.0
2025-10-01,006400,206000.0,207500.0,203000.0,204000.0,216933.0
2025-10-02,006400,207500.0,212000.0,206500.0,206500.0,588864.0
2025-10-10,006400,208500.0,208500.0,202500.0,207000.0,461084.0
2025-10-13,006400,203500.0,214000.0,201500.0,210500.0,628628.0
2025-10-14,006400,211500.0,223000.0,209500.0,220000.0,1096518.0
2025-10-15,006400,223000.0,223000.0,217500.0,221500.0,450096.0
2025-10-16,006400,222000.0,236000.0,221000.0,236000.0,1126965.0
2025-10-17,006400,234000.0,259500.0,232000.0,255500.0,2155134.0
2025-10-20,006400,258000.0,261500.0,248000.0,260500.0,876562.0
2025-10-21,006400,261500.0,267000.0,255500.0,259000.0,942968.0
2025-10-22,006400,262000.0,265500.0,258000.0,262500.0,676863.0
2025-10-23,006400,261500.0,264500.0,257000.0,258000.0,520549.0
2025-10-24,006400,261000.0,296500.0,259000.0,293000.0,1641056.0
2025-10-27,006400,304000.0,304500.0,282000.0,285000.0,1695824.0
2025-10-28,006400,282500.0,321000.0,273000.0,312000.0,3688662.0
2025-10-29,006400,312500.0,334000.0,309500.0,331000.0,2181528.0
2025-10-30,006400,335000.0,349500.0,324000.0,325500.0,1784094.0
2025-10-31,006400,316000.0,329000.0,315500.0,322000.0,1007311.0
2025-11-03,006400,328500.0,328500.0,320000.0,327000.0,717628.0
2025-11-04,006400,353000.0,354500.0,335000.0,337500.0,1277759.0
2025-11-05,006400,327500.0,332500.0,310000.0,325000.0,1464201.0
2025-11-06,006400,335000.0,335500.0,318500.0,322000.0,806692.0
2025-11-07,006400,310000.0,318750.0,300000.0,306000.0,912774.0
2025-11-10,006400,308000.0,316000.0,303000.0,315000.0,450539.0
2025-11-11,006400,324000.0,331000.0,314000.0,322000.0,774167.0
2025-11-12,006400,324500.0,325000.0,316000.0,321500.0,342657.0
2025-11-13,006400,321500.0,336500.0,317500.0,334500.0,672268.0
2025-11-14,006400,323000.0,324500.0,315000.0,315000.0,544713.0
2025-11-17,006400,321000.0,324500.0,315000.0,317000.0,324257.0
2025-11-18,006400,317000.0,319000.0,301000.0,301500.0,520118.0
2025-11-19,006400,300500.0,303500.0,290000.0,296500.0,413844.0
2025-11-20,006400,304500.0,307000.0,300500.0,302000.0,247526.0
2025-11-21,006400,289000.0,293250.0,287000.0,288500.0,345160.0
2025-11-24,006400,291500.0,291500.0,280500.0,281000.0,808887.0
2025-11-25,006400,288000.0,289000.0,281000.0,284500.0,265462.0
2025-11-26,006400,288000.0,304500.0,286500.0,304500.0,466323.0
2025-11-27,006400,307000.0,307500.0,300000.0,303000.0,256219.0
2025-11-28,006400,307500.0,308000.0,298000.0,299500.0,339877.0
2025-12-01,006400,301500.0,304500.0,296000.0,299000.0,255242.0
2025-12-02,006400,300500.0,306500.0,297500.0,305000.0,317336.0
2025-12-03,006400,305500.0,306250.0,301000.0,305000.0,224504.0
2025-12-04,006400,305500.0,306000.0,297500.0,302500.0,297211.0
2025-12-05,006400,299500.0,310500.0,299500.0,307500.0,379347.0
2025-12-08,006400,308500.0,314000.0,305000.0,314000.0,507131.0
2025-12-09,006400,310500.0,313000.0,306500.0,310000.0,278714.0
2025-12-10,006400,326000.0,329000.0,314000.0,317500.0,637865.0
2025-12-11,006400,321000.0,321500.0,308000.0,308000.0,463386.0
2025-12-12,006400,310000.0,310000.0,306000.0,308000.0,304163.0
2025-12-15,006400,301500.0,309500.0,298500.0,303000.0,339241.0
2025-12-16,006400,304000.0,304500.0,291500.0,293500.0,480504.0
2025-12-17,006400,296000.0,297000.0,291500.0,295000.0,232155.0
2025-12-18,006400,285000.0,285500.0,277000.0,277000.0,644420.0
2025-12-19,006400,280000.0,280000.0,267500.0,279500.0,691283.0
2025-12-22,006400,282000.0,285000.0,277500.0,282500.0,311296.0
2025-12-23,006400,283000.0,283000.0,277750.0,279500.0,329038.0
2025-12-24,006400,281500.0,283500.0,278500.0,280000.0,206418.0
2025-12-26,006400,280000.0,282500.0,273000.0,274000.0,340872.0
2025-12-29,006400,267000.0,278500.0,265000.0,277500.0,330047.0
2025-12-30,006400,273500.0,275000.0,267000.0,269500.0,448385.0
2026-01-02,006400,268000.0,268000.0,259000.0,262500.0,616243.0
2026-01-05,006400,260000.0,280000.0,259500.0,275000.0,805956.0
2026-01-06,006400,282000.0,282000.0,274000.0,277000.0,448991.0
2026-01-07,006400,279000.0,280000.0,268500.0,270500.0,603479.0
2026-01-08,006400,271500.0,274000.0,269000.0,271000.0,556265.0
2026-01-09,006400,272000.0,272000.0,265250.0,267500.0,433710.0
2026-01-12,006400,265500.0,280500.0,264000.0,278000.0,704473.0
2026-01-13,006400,281500.0,302500.0,276000.0,300000.0,1248744.0
2026-01-14,006400,298500.0,298500.0,284500.0,285500.0,663816.0
2026-01-15,006400,287000.0,292000.0,284250.0,291500.0,487778.0
2026-01-16,006400,291500.0,292000.0,286000.0,289000.0,447796.0
2026-01-19,006400,289000.0,320000.0,286000.0,314000.0,1430872.0
2026-01-20,006400,319000.0,339500.0,315500.0,326000.0,2148250.0
2026-01-21,006400,316000.0,326500.0,310000.0,324000.0,1109366.0
2026-01-22,006400,333000.0,385500.0,325500.0,384500.0,5826300.0
2026-01-23,006400,402000.0,402000.0,362500.0,373000.0,3366383.0
2026-01-26,006400,385500.0,389500.0,375500.0,387000.0,1609025.0
2026-01-27,006400,373500.0,398000.0,367500.0,387500.0,1845095.0
2026-01-28,006400,394000.0,411500.0,390000.0,396500.0,2071072.0
2026-01-29,006400,397500.0,399500.0,376500.0,388000.0,1317541.0
2026-01-30,006400,390500.0,400500.0,376000.0,390000.0,1730887.0
2026-02-02,006400,380000.0,386500.0,355500.0,356000.0,1586089.0
2026-02-03,006400,366500.0,381000.0,357500.0,374500.0,930111.0
2026-02-04,006400,374000.0,396000.0,372500.0,391500.0,1224216.0
2026-02-05,006400,388000.0,399500.0,380000.0,385500.0,1150046.0
2026-02-06,006400,370500.0,373000.0,358500.0,370000.0,727300.0
2026-02-09,006400,381500.0,383000.0,375000.0,380000.0,477549.0
2026-02-10,006400,385500.0,391500.0,377000.0,381000.0,504263.0
2026-02-11,006400,381500.0,384500.0,373500.0,377000.0,367852.0
2026-02-12,006400,381000.0,386000.0,373000.0,385500.0,639928.0
2026-02-13,006400,377500.0,383000.0,372500.0,374500.0,517002.0
2026-02-19,006400,379500.0,409000.0,377000.0,408000.0,1085467.0
2026-02-20,006400,402000.0,420500.0,399000.0,402000.0,928083.0
2026-02-23,006400,407500.0,407500.0,387000.0,391500.0,793713.0
2026-02-24,006400,400500.0,427000.0,399500.0,421500.0,2584055.0
2026-02-25,006400,422000.0,443500.0,415000.0,433000.0,1253279.0
2026-02-26,006400,439500.0,457000.0,436500.0,449000.0,1109842.0
2026-02-27,006400,439500.0,473500.0,438500.0,466000.0,1207350.0
2026-03-03,006400,453500.0,454500.0,408000.0,408000.0,1453235.0
2026-03-04,006400,390000.0,406000.0,348500.0,351000.0,1895549.0
2026-03-05,006400,391000.0,407000.0,385000.0,392500.0,1008865.0
2026-03-06,006400,388500.0,411500.0,385500.0,410500.0,796681.0
2026-03-09,006400,386500.0,394500.0,375500.0,389000.0,754807.0
2026-03-10,006400,415000.0,415000.0,394000.0,403500.0,597355.0
2026-03-11,006400,413500.0,419000.0,394500.0,400000.0,531148.0
2026-03-12,006400,396000.0,402000.0,394000.0,400000.0,616460.0
2026-03-13,006400,387000.0,397000.0,384500.0,388000.0,531172.0
2026-03-16,006400,395000.0,398000.0,380000.0,383000.0,483616.0
2026-03-17,006400,395000.0,397500.0,388000.0,389000.0,359325.0
2026-03-18,006400,397000.0,405000.0,393500.0,405000.0,384421.0
2026-03-19,006400,397000.0,414000.0,396000.0,402500.0,428488.0
2026-03-20,006400,405000.0,407000.0,398000.0,400500.0,397940.0
2026-03-23,006400,386500.0,387000.0,375500.0,376500.0,462325.0
2026-03-24,006400,392000.0,403000.0,383500.0,397500.0,531265.0
2026-03-25,006400,401000.0,411500.0,399500.0,404000.0,416484.0
2026-03-26,006400,402000.0,413500.0,391000.0,396500.0,455967.0
2026-03-27,006400,387500.0,409000.0,375000.0,405500.0,657568.0
2026-03-30,006400,389000.0,418000.0,388500.0,412500.0,735298.0
2026-03-31,006400,419500.0,429500.0,404000.0,408000.0,1110671.0
2026-04-01,006400,425000.0,434000.0,413000.0,432000.0,779644.0
2026-04-02,006400,434500.0,460000.0,430000.0,443000.0,1822137.0
2026-04-03,006400,451500.0,460000.0,432500.0,438500.0,692098.0
2026-04-06,006400,441000.0,470000.0,438000.0,453500.0,1125434.0
2026-04-07,006400,448500.0,468500.0,445000.0,456500.0,759485.0
2026-04-08,006400,471000.0,471500.0,454500.0,471500.0,821542.0
2026-04-09,006400,475000.0,493500.0,469000.0,480000.0,1003279.0
2026-04-10,006400,483000.0,490000.0,473000.0,481000.0,550626.0
2026-04-13,006400,476500.0,493000.0,472000.0,477500.0,482539.0
2026-04-14,006400,485500.0,491000.0,463000.0,470500.0,798652.0
2026-04-15,006400,473500.0,478500.0,466000.0,471000.0,632770.0
2026-04-16,006400,473000.0,480000.0,473000.0,478500.0,357441.0
2026-04-17,006400,480000.0,515000.0,473000.0,513000.0,1116580.0
2026-04-20,006400,515000.0,549000.0,509000.0,538000.0,827022.0
2026-04-21,006400,570000.0,648000.0,557000.0,645000.0,2533682.0
2026-04-22,006400,686000.0,686000.0,647000.0,659000.0,1727542.0
2026-04-23,006400,657000.0,669000.0,613000.0,630000.0,1204489.0
2026-04-24,006400,648000.0,663000.0,631000.0,641000.0,786062.0
2026-04-27,006400,641000.0,648000.0,616000.0,635000.0,701082.0
2026-04-28,006400,657000.0,690000.0,650000.0,680000.0,1454459.0
2026-04-29,006400,689000.0,714000.0,685000.0,712000.0,1268312.0
2026-04-30,006400,721000.0,723000.0,692000.0,695000.0,853824.0
2026-05-04,006400,715000.0,717000.0,694000.0,705000.0,663957.0
2026-05-06,006400,707000.0,707000.0,677000.0,698000.0,813564.0
2026-05-07,006400,698000.0,698000.0,677000.0,694000.0,604589.0
2026-05-08,006400,683000.0,694000.0,671000.0,678000.0,460537.0
2026-05-11,006400,670000.0,693000.0,651000.0,684000.0,850986.0
2026-05-12,006400,676000.0,680000.0,616000.0,629000.0,1349091.0
2026-05-13,006400,612000.0,645000.0,600000.0,634000.0,788819.0
2026-05-14,006400,663000.0,665000.0,623000.0,636000.0,712838.0
2026-05-15,006400,629000.0,668000.0,603000.0,614000.0,1100294.0
2026-05-18,006400,592000.0,616000.0,565000.0,613000.0,554836.0
2026-05-19,006400,612000.0,621000.0,570000.0,587000.0,511340.0
2026-05-20,006400,580000.0,584000.0,548000.0,570000.0,691785.0
2026-05-21,006400,592000.0,616000.0,578000.0,616000.0,516899.0
2026-05-22,006400,640000.0,657000.0,627000.0,647000.0,652607.0
2026-05-26,006400,666000.0,667000.0,631000.0,642000.0,481983.0
2026-05-27,006400,636000.0,674000.0,629000.0,630000.0,799920.0
2026-05-28,006400,660000.0,691000.0,643000.0,676000.0,1585322.0
2026-05-29,006400,680000.0,707000.0,657000.0,688000.0,2040080.0
2026-06-01,006400,688000.0,688000.0,688000.0,688000.0,0.0
2025-01-13,035420,201000.0,205000.0,200000.0,204000.0,543782.0
2025-01-14,035420,204000.0,205500.0,202000.0,202000.0,499095.0
2025-01-15,035420,203000.0,207000.0,202000.0,206500.0,678808.0
2025-01-16,035420,210000.0,211000.0,205000.0,206500.0,642605.0
2025-01-17,035420,206000.0,210000.0,203500.0,209000.0,701799.0
2025-01-20,035420,209000.0,209500.0,204500.0,205000.0,398841.0
2025-01-21,035420,205000.0,208000.0,203000.0,204500.0,357682.0
2025-01-22,035420,207000.0,211500.0,204000.0,204000.0,555170.0
2025-01-23,035420,206000.0,207500.0,204000.0,204500.0,487301.0
2025-01-24,035420,205500.0,209000.0,203500.0,204000.0,419464.0
2025-01-31,035420,208500.0,218500.0,208500.0,216500.0,1964710.0
2025-02-03,035420,217500.0,219500.0,213500.0,217000.0,1410072.0
2025-02-04,035420,220000.0,224000.0,217000.0,218500.0,1432688.0
2025-02-05,035420,222500.0,232000.0,219000.0,229000.0,2336982.0
2025-02-06,035420,229500.0,232000.0,223500.0,232000.0,1718369.0
2025-02-07,035420,235500.0,235500.0,223000.0,225500.0,1908836.0
2025-02-10,035420,229500.0,232000.0,227000.0,227500.0,1234703.0
2025-02-11,035420,227500.0,231500.0,225500.0,228500.0,808905.0
2025-02-12,035420,230000.0,230500.0,222500.0,225000.0,945298.0
2025-02-13,035420,225000.0,226000.0,218000.0,220000.0,1028493.0
2025-02-14,035420,222000.0,224500.0,220000.0,221000.0,574538.0
2025-02-17,035420,221500.0,224000.0,219500.0,221000.0,615576.0
2025-02-18,035420,221500.0,223000.0,218000.0,222500.0,630070.0
2025-02-19,035420,222500.0,224000.0,220000.0,222000.0,569222.0
2025-02-20,035420,221000.0,225500.0,218500.0,221500.0,614258.0
2025-02-21,035420,222500.0,228000.0,222000.0,226500.0,821558.0
2025-02-24,035420,224000.0,228000.0,224000.0,228000.0,526842.0
2025-02-25,035420,226000.0,230000.0,224500.0,228500.0,622624.0
2025-02-26,035420,228500.0,232000.0,227500.0,231500.0,708250.0
2025-02-27,035420,230500.0,230500.0,218000.0,219000.0,1125911.0
2025-02-28,035420,214500.0,217000.0,206500.0,207000.0,1660981.0
2025-03-04,035420,205000.0,210000.0,204500.0,205500.0,673266.0
2025-03-05,035420,210500.0,212000.0,205500.0,207500.0,761832.0
2025-03-06,035420,208500.0,220000.0,207500.0,219000.0,998317.0
2025-03-07,035420,216000.0,216500.0,213000.0,213000.0,630434.0
2025-03-10,035420,211500.0,217000.0,210500.0,215000.0,542653.0
2025-03-11,035420,205500.0,214500.0,205000.0,212500.0,586599.0
2025-03-12,035420,212500.0,215500.0,211000.0,214000.0,409913.0
2025-03-13,035420,217500.0,219500.0,213000.0,216000.0,622944.0
2025-03-14,035420,215500.0,216500.0,208000.0,208000.0,519114.0
2025-03-17,035420,210000.0,211000.0,207500.0,211000.0,481843.0
2025-03-18,035420,211000.0,214000.0,208000.0,209000.0,669726.0
2025-03-19,035420,208000.0,211500.0,207500.0,208000.0,710932.0
2025-03-20,035420,210000.0,210000.0,207500.0,208000.0,593445.0
2025-03-21,035420,209500.0,210500.0,206000.0,209500.0,685909.0
2025-03-24,035420,209500.0,210500.0,206000.0,207000.0,354434.0
2025-03-25,035420,208500.0,209000.0,206500.0,207500.0,365297.0
2025-03-26,035420,207500.0,208500.0,203000.0,204000.0,790441.0
2025-03-27,035420,201000.0,203000.0,196500.0,197800.0,1501086.0
2025-03-28,035420,197600.0,197700.0,193900.0,194700.0,700564.0
2025-03-31,035420,191400.0,192100.0,189200.0,191000.0,668750.0
2025-04-01,035420,191600.0,198000.0,191600.0,196700.0,485068.0
2025-04-02,035420,197600.0,197800.0,194200.0,195600.0,461848.0
2025-04-03,035420,190900.0,199600.0,190800.0,198600.0,577896.0
2025-04-04,035420,196700.0,202500.0,194100.0,197800.0,672143.0
2025-04-07,035420,192400.0,195200.0,189300.0,191800.0,597627.0
2025-04-08,035420,192100.0,193000.0,179200.0,179600.0,1366603.0
2025-04-09,035420,179000.0,181300.0,176200.0,176900.0,621304.0
2025-04-10,035420,184200.0,184600.0,179800.0,183900.0,656557.0
2025-04-11,035420,180200.0,184100.0,180100.0,183000.0,569473.0
2025-04-14,035420,183000.0,185100.0,182500.0,182700.0,391419.0
2025-04-15,035420,184800.0,186400.0,183700.0,183900.0,345595.0
2025-04-16,035420,183900.0,186300.0,183000.0,184400.0,427131.0
2025-04-17,035420,184800.0,185400.0,182100.0,183600.0,237641.0
2025-04-18,035420,184700.0,187900.0,184000.0,187500.0,287707.0
2025-04-21,035420,189100.0,190800.0,187200.0,187500.0,246628.0
2025-04-22,035420,187200.0,195700.0,186000.0,193700.0,645159.0
2025-04-23,035420,196000.0,196300.0,192600.0,192900.0,391879.0
2025-04-24,035420,192600.0,193800.0,190400.0,191500.0,417055.0
2025-04-25,035420,193400.0,195100.0,192200.0,193500.0,391764.0
2025-04-28,035420,194300.0,196500.0,192700.0,195500.0,313415.0
2025-04-29,035420,195500.0,197400.0,193700.0,196500.0,325432.0
2025-04-30,035420,196200.0,200500.0,195800.0,200500.0,523186.0
2025-05-02,035420,199800.0,200500.0,197300.0,197400.0,280801.0
2025-05-07,035420,200000.0,202000.0,198200.0,199100.0,622014.0
2025-05-08,035420,195100.0,196600.0,188500.0,188700.0,1199556.0
2025-05-09,035420,190000.0,192100.0,189500.0,191000.0,558440.0
2025-05-12,035420,192800.0,194300.0,189700.0,190200.0,437578.0
2025-05-13,035420,190000.0,191000.0,187600.0,188200.0,680047.0
2025-05-14,035420,189900.0,191400.0,188900.0,191200.0,363846.0
2025-05-15,035420,189800.0,190300.0,188200.0,189200.0,355097.0
2025-05-16,035420,189100.0,189700.0,187500.0,187800.0,285272.0
2025-05-19,035420,187600.0,188200.0,184500.0,185400.0,262018.0
2025-05-20,035420,185800.0,186500.0,184000.0,185000.0,293512.0
2025-05-21,035420,185900.0,186500.0,184600.0,184800.0,382117.0
2025-05-22,035420,183200.0,184500.0,181100.0,183200.0,469433.0
2025-05-23,035420,184100.0,185300.0,182800.0,183100.0,257074.0
2025-05-26,035420,183100.0,188000.0,181800.0,188000.0,472314.0
2025-05-27,035420,186200.0,186900.0,183000.0,183800.0,668670.0
2025-05-28,035420,184600.0,189000.0,184100.0,187700.0,727369.0
2025-05-29,035420,189300.0,190600.0,187700.0,189300.0,649059.0
2025-05-30,035420,188700.0,188800.0,186100.0,187500.0,989028.0
2025-06-02,035420,185800.0,188300.0,185700.0,186500.0,408085.0
2025-06-04,035420,189000.0,189100.0,185500.0,185500.0,817069.0
2025-06-05,035420,186300.0,192000.0,186300.0,191200.0,911249.0
2025-06-09,035420,195400.0,202500.0,192300.0,198500.0,1407038.0
2025-06-10,035420,204000.0,204000.0,196800.0,200000.0,911907.0
2025-06-11,035420,200500.0,202000.0,198900.0,201000.0,512085.0
2025-06-12,035420,199500.0,201500.0,198900.0,198900.0,624703.0
2025-06-13,035420,203500.0,206000.0,197400.0,200500.0,1050533.0
2025-06-16,035420,211000.0,211500.0,202000.0,209500.0,1159906.0
2025-06-17,035420,212000.0,213000.0,204000.0,206500.0,837169.0
2025-06-18,035420,204500.0,244500.0,204000.0,243500.0,5706879.0
2025-06-19,035420,254500.0,259000.0,248500.0,252000.0,3810468.0
2025-06-20,035420,249000.0,269500.0,245000.0,269500.0,4889308.0
2025-06-23,035420,276500.0,295000.0,270000.0,290000.0,5050411.0
2025-06-24,035420,288500.0,292500.0,277500.0,290500.0,4326501.0
2025-06-25,035420,282500.0,286500.0,276000.0,283500.0,2862461.0
2025-06-26,035420,270000.0,275000.0,254000.0,261000.0,4314779.0
2025-06-27,035420,263500.0,265000.0,252000.0,257500.0,2316733.0
2025-06-30,035420,257000.0,268000.0,255500.0,262500.0,2219752.0
2025-07-01,035420,264000.0,269000.0,260000.0,262000.0,1791173.0
2025-07-02,035420,263000.0,263500.0,250000.0,252000.0,1870730.0
2025-07-03,035420,250500.0,260000.0,249500.0,253000.0,1207730.0
2025-07-04,035420,252500.0,254500.0,247500.0,249000.0,874760.0
2025-07-07,035420,248500.0,260500.0,248500.0,256000.0,1175356.0
2025-07-08,035420,261500.0,263000.0,255000.0,258000.0,903743.0
2025-07-09,035420,258500.0,258500.0,251000.0,254000.0,952460.0
2025-07-10,035420,255500.0,265000.0,251000.0,259500.0,1754234.0
2025-07-11,035420,261000.0,261500.0,253000.0,253000.0,1249355.0
2025-07-14,035420,252000.0,252500.0,244000.0,249000.0,1205192.0
2025-07-15,035420,247500.0,253000.0,247000.0,249500.0,791762.0
2025-07-16,035420,251000.0,255500.0,249000.0,250000.0,785410.0
2025-07-17,035420,254000.0,255000.0,242500.0,243500.0,1262077.0
2025-07-18,035420,243500.0,245000.0,240000.0,242000.0,703602.0
2025-07-21,035420,241500.0,245500.0,240000.0,240000.0,674282.0
2025-07-22,035420,241500.0,242000.0,234500.0,235000.0,930384.0
2025-07-23,035420,236000.0,237500.0,229500.0,231500.0,719824.0
2025-07-24,035420,233000.0,234500.0,225000.0,227000.0,1177878.0
2025-07-25,035420,226500.0,236000.0,225000.0,234500.0,1202489.0
2025-07-28,035420,236000.0,237000.0,232000.0,235500.0,600063.0
2025-07-29,035420,235500.0,240000.0,232000.0,233000.0,928345.0
2025-07-30,035420,233500.0,240000.0,233500.0,234000.0,768748.0
2025-07-31,035420,235000.0,236500.0,232500.0,235000.0,521064.0
2025-08-01,035420,232500.0,233000.0,224000.0,225000.0,827729.0
2025-08-04,035420,225500.0,239500.0,225000.0,232500.0,1276649.0
2025-08-05,035420,236000.0,236500.0,229000.0,232000.0,683813.0
2025-08-06,035420,236500.0,236500.0,226000.0,228500.0,1076418.0
2025-08-07,035420,230000.0,235500.0,228000.0,235500.0,1019496.0
2025-08-08,035420,241000.0,241500.0,228500.0,229500.0,1638049.0
2025-08-11,035420,229500.0,230000.0,222500.0,223000.0,1264837.0
2025-08-12,035420,223500.0,228000.0,223000.0,223000.0,743541.0
2025-08-13,035420,225500.0,226000.0,221500.0,225000.0,1017399.0
2025-08-14,035420,228500.0,233500.0,224000.0,224500.0,1165222.0
2025-08-18,035420,224500.0,228500.0,223500.0,226000.0,479724.0
2025-08-19,035420,228000.0,228500.0,223000.0,225500.0,419214.0
2025-08-20,035420,221500.0,224000.0,219500.0,221500.0,507825.0
2025-08-21,035420,222000.0,226500.0,222000.0,223000.0,463923.0
2025-08-22,035420,224000.0,227000.0,221000.0,222000.0,543978.0
2025-08-25,035420,224500.0,225500.0,221500.0,225500.0,564999.0
2025-08-26,035420,224000.0,224500.0,221000.0,221000.0,685341.0
2025-08-27,035420,222000.0,222000.0,216500.0,218000.0,691579.0
2025-08-28,035420,217500.0,218500.0,215000.0,217500.0,663919.0
2025-08-29,035420,217500.0,218000.0,214000.0,214500.0,750586.0
2025-09-01,035420,211500.0,216500.0,210500.0,215500.0,634984.0
2025-09-02,035420,216000.0,229000.0,216000.0,225000.0,1790972.0
2025-09-03,035420,224500.0,225000.0,220000.0,221000.0,711207.0
2025-09-04,035420,221500.0,229500.0,221500.0,227000.0,971838.0
2025-09-05,035420,227500.0,230500.0,225500.0,229000.0,941824.0
2025-09-08,035420,228500.0,229500.0,226000.0,228000.0,716688.0
2025-09-09,035420,228500.0,233000.0,226000.0,231000.0,929473.0
2025-09-10,035420,232000.0,234500.0,230500.0,233500.0,915806.0
2025-09-11,035420,234500.0,236000.0,231500.0,233000.0,808213.0
2025-09-12,035420,234500.0,239000.0,232500.0,236000.0,1191699.0
2025-09-15,035420,236000.0,236000.0,231500.0,234000.0,710904.0
2025-09-16,035420,239500.0,241000.0,234500.0,235000.0,923864.0
2025-09-17,035420,233500.0,235000.0,229500.0,233500.0,2083776.0
2025-09-18,035420,235000.0,238500.0,233500.0,238500.0,1004507.0
2025-09-19,035420,239000.0,240000.0,233500.0,234000.0,1585243.0
2025-09-22,035420,234000.0,235000.0,229000.0,232000.0,1004689.0
2025-09-23,035420,232000.0,235500.0,230000.0,231000.0,735957.0
2025-09-24,035420,231000.0,233500.0,224500.0,228000.0,982181.0
2025-09-25,035420,226500.0,257000.0,225500.0,254000.0,8314576.0
2025-09-26,035420,251500.0,262000.0,250000.0,256500.0,4597910.0
2025-09-29,035420,268500.0,278500.0,266000.0,274500.0,3486022.0
2025-09-30,035420,279000.0,279500.0,265500.0,268500.0,2764865.0
2025-10-01,035420,267000.0,268500.0,253000.0,254500.0,3385774.0
2025-10-02,035420,255500.0,258000.0,250500.0,253000.0,2205648.0
2025-10-10,035420,256500.0,275000.0,255500.0,267500.0,3490894.0
2025-10-13,035420,258000.0,266500.0,258000.0,262500.0,1454859.0
2025-10-14,035420,262000.0,270500.0,257000.0,258000.0,2072061.0
2025-10-15,035420,260500.0,261000.0,255000.0,258500.0,1438737.0
2025-10-16,035420,257500.0,270000.0,255500.0,260500.0,2154638.0
2025-10-17,035420,260000.0,260500.0,254000.0,255500.0,1478832.0
2025-10-20,035420,255000.0,262500.0,250000.0,258000.0,1527621.0
2025-10-21,035420,260000.0,260500.0,254000.0,254500.0,1321294.0
2025-10-22,035420,254000.0,256500.0,247000.0,255500.0,1076507.0
2025-10-23,035420,251500.0,251500.0,242000.0,242500.0,2033710.0
2025-10-24,035420,245000.0,248500.0,242500.0,247000.0,1005395.0
2025-10-27,035420,245000.0,251500.0,242000.0,251000.0,1317125.0
2025-10-28,035420,250500.0,255000.0,248000.0,253000.0,908952.0
2025-10-29,035420,255000.0,268500.0,253500.0,265000.0,2466385.0
2025-10-30,035420,267000.0,267000.0,254500.0,255500.0,1393179.0
2025-10-31,035420,263000.0,273500.0,261000.0,267500.0,2861914.0
2025-11-03,035420,283500.0,287500.0,271500.0,274500.0,2760215.0
2025-11-04,035420,272500.0,274000.0,267000.0,267000.0,1325780.0
2025-11-05,035420,269000.0,280000.0,256500.0,278500.0,3470467.0
2025-11-06,035420,281500.0,282000.0,264000.0,264000.0,2287056.0
2025-11-07,035420,256000.0,267000.0,256000.0,260000.0,1648859.0
2025-11-10,035420,263500.0,264000.0,258000.0,260000.0,974635.0
2025-11-11,035420,261500.0,270500.0,261000.0,263000.0,1341337.0
2025-11-12,035420,265500.0,265500.0,262000.0,263500.0,600486.0
2025-11-13,035420,262500.0,266000.0,258500.0,265500.0,724253.0
2025-11-14,035420,258000.0,260000.0,253000.0,253500.0,923411.0
2025-11-17,035420,256500.0,257000.0,254000.0,255000.0,507818.0
2025-11-18,035420,251500.0,260500.0,248500.0,249000.0,959645.0
2025-11-19,035420,250500.0,251000.0,243000.0,248500.0,570754.0
2025-11-20,035420,260000.0,263000.0,254500.0,257000.0,970537.0
2025-11-21,035420,251000.0,265000.0,249500.0,262500.0,1278706.0
2025-11-24,035420,267500.0,269500.0,259000.0,261000.0,1673646.0
2025-11-25,035420,262500.0,262500.0,250500.0,253000.0,1218659.0
2025-11-26,035420,255000.0,264500.0,252000.0,263500.0,944519.0
2025-11-27,035420,259500.0,261500.0,250500.0,251500.0,2028550.0
2025-11-28,035420,253500.0,254000.0,243500.0,244000.0,1580887.0
2025-12-01,035420,246500.0,247500.0,242500.0,243000.0,666662.0
2025-12-02,035420,243000.0,245000.0,241500.0,243000.0,618439.0
2025-12-03,035420,246500.0,248500.0,245500.0,246500.0,630018.0
2025-12-04,035420,245500.0,248500.0,244500.0,247000.0,487370.0
2025-12-05,035420,247500.0,250000.0,246000.0,249500.0,575298.0
2025-12-08,035420,250500.0,250500.0,247000.0,249000.0,466382.0
2025-12-09,035420,248000.0,248500.0,246000.0,248000.0,497708.0
2025-12-10,035420,248000.0,248000.0,244000.0,244500.0,654772.0
2025-12-11,035420,245500.0,246000.0,241000.0,243500.0,1056918.0
2025-12-12,035420,243000.0,245000.0,241500.0,244500.0,485052.0
2025-12-15,035420,241500.0,244000.0,240000.0,240500.0,522965.0
2025-12-16,035420,240500.0,240500.0,231000.0,231500.0,1520556.0
2025-12-17,035420,233000.0,233000.0,229500.0,231000.0,769339.0
2025-12-18,035420,227500.0,233250.0,226500.0,230500.0,744015.0
2025-12-19,035420,232500.0,235500.0,231500.0,235500.0,1487738.0
2025-12-22,035420,238500.0,239000.0,236500.0,238000.0,610805.0
2025-12-23,035420,238000.0,238500.0,235500.0,237000.0,689469.0
2025-12-24,035420,237000.0,238000.0,234500.0,236500.0,640875.0
2025-12-26,035420,236500.0,237500.0,231000.0,231500.0,738058.0
2025-12-29,035420,231500.0,242500.0,231500.0,242000.0,1067392.0
2025-12-30,035420,241000.0,244500.0,239000.0,242500.0,652269.0
2026-01-02,035420,243500.0,249000.0,238000.0,247000.0,1362199.0
2026-01-05,035420,248500.0,251000.0,247000.0,249500.0,1011640.0
2026-01-06,035420,249500.0,262500.0,248000.0,260000.0,2462129.0
2026-01-07,035420,258000.0,258000.0,246500.0,252500.0,1886634.0
2026-01-08,035420,249500.0,258000.0,245000.0,251000.0,1311262.0
2026-01-09,035420,253000.0,256500.0,250500.0,254000.0,918991.0
2026-01-12,035420,256000.0,258500.0,249000.0,255500.0,1328415.0
2026-01-13,035420,259000.0,264500.0,256500.0,264500.0,1671879.0
2026-01-14,035420,268000.0,270000.0,255500.0,259500.0,1574617.0
2026-01-15,035420,257000.0,263500.0,244000.0,247500.0,2397110.0
2026-01-16,035420,248500.0,248500.0,243500.0,245500.0,1898586.0
2026-01-19,035420,242000.0,243500.0,237500.0,238000.0,1689244.0
2026-01-20,035420,241500.0,244500.0,240500.0,244000.0,1205903.0
2026-01-21,035420,239500.0,242500.0,238000.0,238500.0,1022540.0
2026-01-22,035420,242000.0,247500.0,239500.0,245500.0,1341056.0
2026-01-23,035420,248000.0,269500.0,246500.0,266000.0,5042292.0
2026-01-26,035420,274000.0,276500.0,265000.0,272500.0,2706664.0
2026-01-27,035420,270500.0,292000.0,270000.0,281500.0,4948006.0
2026-01-28,035420,285000.0,285500.0,271000.0,277500.0,2822531.0
2026-01-29,035420,276000.0,290500.0,275000.0,287000.0,2812259.0
2026-01-30,035420,285500.0,285500.0,274500.0,275000.0,1819960.0
2026-02-02,035420,270000.0,278500.0,265000.0,268000.0,1862631.0
2026-02-03,035420,274500.0,274500.0,265000.0,269000.0,1894227.0
2026-02-04,035420,266000.0,267000.0,260000.0,264500.0,1700411.0
2026-02-05,035420,262500.0,264500.0,255500.0,257000.0,1551427.0
2026-02-06,035420,251000.0,254000.0,244000.0,249000.0,1919017.0
2026-02-09,035420,253500.0,254500.0,248000.0,250000.0,1426634.0
2026-02-10,035420,254000.0,259000.0,252000.0,254000.0,1475536.0
2026-02-11,035420,258500.0,261000.0,255000.0,257500.0,1133876.0
2026-02-12,035420,261500.0,262000.0,255500.0,255500.0,1404228.0
2026-02-13,035420,254000.0,257500.0,250000.0,252500.0,820046.0
2026-02-19,035420,254500.0,255000.0,252000.0,253000.0,806208.0
2026-02-20,035420,254500.0,260000.0,254000.0,254500.0,948594.0
2026-02-23,035420,257500.0,262000.0,255000.0,255500.0,747019.0
2026-02-24,035420,256500.0,256500.0,254000.0,255000.0,652490.0
2026-02-25,035420,255500.0,256000.0,251000.0,253000.0,937503.0
2026-02-26,035420,258500.0,267000.0,258000.0,260500.0,1890166.0
2026-02-27,035420,261000.0,261500.0,254500.0,254500.0,1259511.0
2026-03-03,035420,250500.0,252000.0,236000.0,236000.0,1507045.0
2026-03-04,035420,225500.0,231000.0,207500.0,208000.0,2051989.0
2026-03-05,035420,224000.0,227500.0,218000.0,220000.0,1671549.0
2026-03-06,035420,216000.0,225500.0,216000.0,222500.0,1042652.0
2026-03-09,035420,209500.0,218500.0,207000.0,218500.0,940462.0
2026-03-10,035420,226500.0,227000.0,218000.0,220500.0,935756.0
2026-03-11,035420,227000.0,230000.0,221000.0,222000.0,757145.0
2026-03-12,035420,223500.0,225500.0,220500.0,222000.0,700973.0
2026-03-13,035420,216500.0,224000.0,216000.0,223000.0,706127.0
2026-03-16,035420,222000.0,222500.0,216000.0,218000.0,531797.0
2026-03-17,035420,221500.0,227500.0,220500.0,224000.0,614390.0
2026-03-18,035420,228500.0,228500.0,225000.0,226500.0,687521.0
2026-03-19,035420,221500.0,222500.0,220000.0,220500.0,474188.0
2026-03-20,035420,222000.0,224500.0,220000.0,221500.0,673277.0
2026-03-23,035420,215500.0,215500.0,208500.0,209000.0,692498.0
2026-03-24,035420,215500.0,217000.0,209000.0,213500.0,468548.0
2026-03-25,035420,216500.0,218000.0,214000.0,215500.0,465850.0
2026-03-26,035420,216500.0,218500.0,211000.0,211500.0,414907.0
2026-03-27,035420,208000.0,213000.0,206000.0,212500.0,439328.0
2026-03-30,035420,205500.0,208500.0,204000.0,207000.0,379513.0
2026-03-31,035420,202500.0,205500.0,200000.0,201500.0,890860.0
2026-04-01,035420,208500.0,212000.0,205500.0,210000.0,575814.0
2026-04-02,035420,211500.0,212000.0,194600.0,195800.0,1464904.0
2026-04-03,035420,198900.0,200000.0,196600.0,197500.0,659137.0
2026-04-06,035420,197100.0,199400.0,194200.0,196800.0,717180.0
2026-04-07,035420,197200.0,202000.0,195100.0,195900.0,668729.0
2026-04-08,035420,202500.0,204000.0,200000.0,201500.0,699966.0
2026-04-09,035420,200000.0,206500.0,198600.0,201500.0,1258361.0
2026-04-10,035420,202500.0,205000.0,201000.0,202000.0,525142.0
2026-04-13,035420,197700.0,199500.0,196800.0,199000.0,514728.0
2026-04-14,035420,203500.0,206500.0,201000.0,201500.0,623470.0
2026-04-15,035420,206000.0,214500.0,205000.0,211000.0,992297.0
2026-04-16,035420,219500.0,220000.0,216500.0,218500.0,752603.0
2026-04-17,035420,218500.0,219000.0,214500.0,216500.0,1121630.0
2026-04-20,035420,216000.0,217500.0,212500.0,213500.0,457862.0
2026-04-21,035420,215000.0,215500.0,211500.0,214000.0,545889.0
2026-04-22,035420,215000.0,216000.0,212500.0,214000.0,364648.0
2026-04-23,035420,220500.0,221000.0,213000.0,217500.0,800536.0
2026-04-24,035420,216000.0,216500.0,213000.0,214000.0,476096.0
2026-04-27,035420,216000.0,218500.0,215000.0,215000.0,458738.0
2026-04-28,035420,215500.0,223500.0,215000.0,219500.0,758420.0
2026-04-29,035420,223000.0,227500.0,219000.0,220000.0,673160.0
2026-04-30,035420,223000.0,223000.0,210500.0,211000.0,1387029.0
2026-05-04,035420,213500.0,213500.0,208000.0,209000.0,875803.0
2026-05-06,035420,210500.0,213000.0,207500.0,208000.0,839509.0
2026-05-07,035420,209000.0,214000.0,206000.0,207500.0,1014658.0
2026-05-08,035420,210000.0,219000.0,209000.0,215000.0,1542717.0
2026-05-11,035420,215500.0,216000.0,210000.0,211500.0,780013.0
2026-05-12,035420,213000.0,213000.0,200500.0,204000.0,991427.0
2026-05-13,035420,206000.0,206500.0,198600.0,201500.0,904464.0
2026-05-14,035420,204000.0,216000.0,203500.0,213000.0,1601442.0
2026-05-15,035420,215000.0,216500.0,201000.0,203500.0,997805.0
2026-05-18,035420,203000.0,203500.0,196700.0,200000.0,890762.0
2026-05-19,035420,200500.0,206250.0,195100.0,198100.0,950434.0
2026-05-20,035420,198100.0,200000.0,190800.0,191500.0,992090.0
2026-05-21,035420,194600.0,202000.0,194600.0,199500.0,869601.0
2026-05-22,035420,201500.0,207000.0,199300.0,203000.0,751620.0
2026-05-26,035420,205500.0,207000.0,199900.0,200000.0,580181.0
2026-05-27,035420,199800.0,202000.0,197300.0,198800.0,912403.0
2026-05-28,035420,202000.0,213000.0,195800.0,205000.0,1978430.0
2026-05-29,035420,211500.0,247500.0,211000.0,234000.0,7569228.0
2026-06-01,035420,234000.0,234000.0,234000.0,234000.0,0.0
2025-01-13,035720,36200.0,36900.0,36200.0,36500.0,1170255.0
2025-01-14,035720,36650.0,36950.0,36350.0,36850.0,1087274.0
2025-01-15,035720,36950.0,38150.0,36500.0,37000.0,2186274.0
2025-01-16,035720,37400.0,37850.0,36700.0,36900.0,1271977.0
2025-01-17,035720,36950.0,36950.0,36400.0,36400.0,1135029.0
2025-01-20,035720,36400.0,36700.0,35800.0,36450.0,1356111.0
2025-01-21,035720,36450.0,37000.0,36150.0,36450.0,1166887.0
2025-01-22,035720,36800.0,37050.0,36150.0,36300.0,1154547.0
2025-01-23,035720,36450.0,36500.0,35750.0,35750.0,1220022.0
2025-01-24,035720,35900.0,36350.0,35700.0,35750.0,1076274.0
2025-01-31,035720,36100.0,39000.0,36100.0,38350.0,6846406.0
2025-02-03,035720,38350.0,42450.0,37750.0,41800.0,14720792.0
2025-02-04,035720,42600.0,43150.0,40200.0,40900.0,12331280.0
2025-02-05,035720,41300.0,43550.0,41000.0,43200.0,10732661.0
2025-02-06,035720,44000.0,45500.0,43500.0,45300.0,9121099.0
2025-02-07,035720,45200.0,45250.0,43550.0,44500.0,5102434.0
2025-02-10,035720,44500.0,46000.0,42300.0,42500.0,6162748.0
2025-02-11,035720,43200.0,43450.0,42250.0,42850.0,3387582.0
2025-02-12,035720,42750.0,42750.0,41400.0,42000.0,2941517.0
2025-02-13,035720,42350.0,43100.0,39700.0,40200.0,8123275.0
2025-02-14,035720,40550.0,40600.0,38400.0,38750.0,6091721.0
2025-02-17,035720,39100.0,39350.0,38800.0,39050.0,3131805.0
2025-02-18,035720,38950.0,39350.0,38600.0,38950.0,2601628.0
2025-02-19,035720,39150.0,39650.0,38850.0,39300.0,2977884.0
2025-02-20,035720,39600.0,40750.0,39550.0,39750.0,4599415.0
2025-02-21,035720,40000.0,40250.0,39600.0,39900.0,2460853.0
2025-02-24,035720,39650.0,40000.0,39200.0,39550.0,1834667.0
2025-02-25,035720,39200.0,39800.0,39100.0,39750.0,1505555.0
2025-02-26,035720,40150.0,42400.0,40050.0,42100.0,7598359.0
2025-02-27,035720,42900.0,44450.0,42800.0,44450.0,10185706.0
2025-02-28,035720,43700.0,44700.0,42650.0,43150.0,6591090.0
2025-03-04,035720,43000.0,43450.0,41350.0,41900.0,3387888.0
2025-03-05,035720,42550.0,43500.0,42450.0,43100.0,2525062.0
2025-03-06,035720,43500.0,45400.0,42550.0,45100.0,6180767.0
2025-03-07,035720,44450.0,44825.0,43450.0,43750.0,3099161.0
2025-03-10,035720,43500.0,45950.0,43150.0,45400.0,4010592.0
2025-03-11,035720,43900.0,44700.0,43550.0,44100.0,2486551.0
2025-03-12,035720,44250.0,44650.0,43450.0,44100.0,1976354.0
2025-03-13,035720,44150.0,44750.0,42350.0,43150.0,3269454.0
2025-03-14,035720,43100.0,44050.0,43100.0,43450.0,1733603.0
2025-03-17,035720,43500.0,43850.0,42300.0,43500.0,1693348.0
2025-03-18,035720,43700.0,45050.0,43500.0,44000.0,2475410.0
2025-03-19,035720,44000.0,44375.0,43100.0,43300.0,1642570.0
2025-03-20,035720,43500.0,43950.0,42650.0,42650.0,1761461.0
2025-03-21,035720,42650.0,43600.0,41900.0,43600.0,1900729.0
2025-03-24,035720,43350.0,43500.0,41550.0,41900.0,1792693.0
2025-03-25,035720,42100.0,42400.0,41750.0,42200.0,827099.0
2025-03-26,035720,42350.0,43050.0,41400.0,42900.0,1180900.0
2025-03-27,035720,42300.0,42350.0,41200.0,41600.0,1360153.0
2025-03-28,035720,41600.0,41650.0,40500.0,41150.0,728635.0
2025-03-31,035720,40250.0,40700.0,39100.0,39100.0,1711143.0
2025-04-01,035720,39600.0,42450.0,39600.0,42200.0,2570592.0
2025-04-02,035720,42300.0,42350.0,40700.0,40900.0,1549771.0
2025-04-03,035720,40000.0,42900.0,40000.0,42850.0,2508882.0
2025-04-04,035720,42600.0,44750.0,40950.0,41850.0,4844975.0
2025-04-07,035720,40450.0,41750.0,39500.0,40650.0,2124791.0
2025-04-08,035720,41450.0,41500.0,39000.0,39050.0,2588453.0
2025-04-09,035720,38250.0,39650.0,36950.0,37150.0,1861781.0
2025-04-10,035720,39100.0,40000.0,38200.0,40000.0,1977485.0
2025-04-11,035720,38750.0,39050.0,38200.0,39000.0,1364871.0
2025-04-14,035720,39150.0,39750.0,38950.0,39000.0,962491.0
2025-04-15,035720,39150.0,39350.0,38750.0,38850.0,1049886.0
2025-04-16,035720,38900.0,38950.0,37600.0,37750.0,1386130.0
2025-04-17,035720,37800.0,38400.0,37800.0,38200.0,845939.0
2025-04-18,035720,38300.0,39150.0,38100.0,39000.0,841087.0
2025-04-21,035720,39250.0,39350.0,38750.0,38900.0,464726.0
2025-04-22,035720,38550.0,40150.0,38425.0,39200.0,1247375.0
2025-04-23,035720,39650.0,39700.0,39150.0,39400.0,687852.0
2025-04-24,035720,39650.0,39775.0,39250.0,39450.0,497262.0
2025-04-25,035720,37850.0,38400.0,37150.0,37950.0,16562277.0
2025-04-28,035720,38500.0,38600.0,37950.0,38050.0,1779369.0
2025-04-29,035720,38200.0,38700.0,38100.0,38450.0,1787062.0
2025-04-30,035720,38300.0,38750.0,37750.0,38250.0,1857478.0
2025-05-02,035720,38150.0,38650.0,37950.0,38050.0,1350989.0
2025-05-07,035720,38350.0,38550.0,37800.0,38350.0,1891623.0
2025-05-08,035720,38200.0,38250.0,36900.0,37000.0,4639380.0
2025-05-09,035720,37150.0,37200.0,36850.0,36950.0,1076784.0
2025-05-12,035720,37100.0,38100.0,37050.0,38100.0,1737798.0
2025-05-13,035720,38150.0,38300.0,37400.0,37550.0,1270052.0
2025-05-14,035720,37700.0,38200.0,37300.0,37950.0,1623377.0
2025-05-15,035720,37750.0,37850.0,37250.0,37650.0,1346122.0
2025-05-16,035720,37650.0,37800.0,37300.0,37400.0,912660.0
2025-05-19,035720,37150.0,37200.0,36350.0,36450.0,1389926.0
2025-05-20,035720,36600.0,36850.0,36300.0,36550.0,1680015.0
2025-05-21,035720,36700.0,37950.0,36700.0,37450.0,1327371.0
2025-05-22,035720,37250.0,37650.0,36950.0,37250.0,884129.0
2025-05-23,035720,37250.0,37650.0,37000.0,37400.0,1081143.0
2025-05-26,035720,37400.0,39000.0,37100.0,39000.0,2676578.0
2025-05-27,035720,38700.0,41000.0,38550.0,40950.0,3448700.0
2025-05-28,035720,40950.0,42200.0,40250.0,41700.0,2787745.0
2025-05-29,035720,41550.0,44250.0,41550.0,44000.0,4644875.0
2025-05-30,035720,43650.0,43850.0,42650.0,42700.0,3539065.0
2025-06-02,035720,43200.0,43700.0,42400.0,43150.0,2075682.0
2025-06-04,035720,44100.0,44450.0,41050.0,41600.0,3838475.0
2025-06-05,035720,42000.0,44900.0,41850.0,44300.0,5070135.0
2025-06-09,035720,45950.0,51500.0,45700.0,51400.0,12784767.0
2025-06-10,035720,53300.0,53300.0,49000.0,50000.0,8896042.0
2025-06-11,035720,49100.0,52000.0,49100.0,51400.0,5300436.0
2025-06-12,035720,50800.0,51800.0,50300.0,50500.0,4071665.0
2025-06-13,035720,53700.0,53700.0,50700.0,51500.0,5408390.0
2025-06-16,035720,51300.0,53300.0,50800.0,53200.0,4949701.0
2025-06-17,035720,53800.0,54000.0,51200.0,51800.0,3981660.0
2025-06-18,035720,51600.0,55400.0,51600.0,55200.0,8380598.0
2025-06-19,035720,57300.0,61800.0,56800.0,60400.0,14753547.0
2025-06-20,035720,60100.0,67200.0,58600.0,66600.0,16754279.0
2025-06-23,035720,67000.0,68900.0,65600.0,67600.0,12708128.0
2025-06-24,035720,68100.0,71600.0,66000.0,70400.0,12083420.0
2025-06-25,035720,69400.0,70700.0,67200.0,69400.0,6399440.0
2025-06-26,035720,67500.0,67600.0,61100.0,63100.0,12516562.0
2025-06-27,035720,63000.0,63500.0,58900.0,60900.0,7751588.0
2025-06-30,035720,61200.0,62000.0,59500.0,60000.0,4067265.0
2025-07-01,035720,59900.0,63400.0,59300.0,60100.0,4862065.0
2025-07-02,035720,61000.0,61300.0,58100.0,58700.0,2974555.0
2025-07-03,035720,59200.0,61400.0,58800.0,59500.0,3330017.0
2025-07-04,035720,60000.0,60400.0,58300.0,58400.0,2125150.0
2025-07-07,035720,57600.0,61000.0,57500.0,60100.0,3213170.0
2025-07-08,035720,61400.0,61600.0,59900.0,60800.0,2354516.0
2025-07-09,035720,60700.0,61000.0,59500.0,60500.0,2152533.0
2025-07-10,035720,61000.0,61800.0,59700.0,60800.0,3149990.0
2025-07-11,035720,62000.0,62000.0,59900.0,60000.0,2465478.0
2025-07-14,035720,59500.0,59600.0,56500.0,58300.0,3469359.0
2025-07-15,035720,57400.0,58000.0,56300.0,57200.0,2979693.0
2025-07-16,035720,56900.0,57600.0,56000.0,56100.0,1844953.0
2025-07-17,035720,57500.0,59100.0,57000.0,57500.0,3318001.0
2025-07-18,035720,57700.0,57800.0,56100.0,56900.0,1334076.0
2025-07-21,035720,56700.0,57400.0,56400.0,56900.0,1111739.0
2025-07-22,035720,57100.0,57100.0,56100.0,56500.0,1274106.0
2025-07-23,035720,56700.0,56900.0,54100.0,55000.0,1861734.0
2025-07-24,035720,55500.0,55900.0,53500.0,54100.0,1968455.0
2025-07-25,035720,54000.0,55900.0,53700.0,55800.0,1822409.0
2025-07-28,035720,56800.0,57200.0,55400.0,55900.0,1437014.0
2025-07-29,035720,56300.0,56600.0,55300.0,56000.0,1272773.0
2025-07-30,035720,56300.0,58800.0,56000.0,56300.0,3314430.0
2025-07-31,035720,56500.0,58300.0,55800.0,58000.0,2062382.0
2025-08-01,035720,57200.0,57500.0,55300.0,55500.0,2256317.0
2025-08-04,035720,55000.0,59400.0,54700.0,55400.0,8113567.0
2025-08-05,035720,55800.0,55900.0,53300.0,54700.0,4343070.0
2025-08-06,035720,55400.0,57200.0,54100.0,56800.0,3966137.0
2025-08-07,035720,57900.0,63600.0,57400.0,63600.0,11910000.0
2025-08-08,035720,62500.0,65300.0,61700.0,63800.0,7219790.0
2025-08-11,035720,64200.0,65700.0,63500.0,64200.0,4002999.0
2025-08-12,035720,63800.0,64700.0,62700.0,63700.0,2620057.0
2025-08-13,035720,64600.0,64800.0,62100.0,63500.0,2791808.0
2025-08-14,035720,63000.0,65200.0,63000.0,64400.0,3339635.0
2025-08-18,035720,64800.0,65500.0,64000.0,65000.0,1926649.0
2025-08-19,035720,65500.0,66600.0,63700.0,65200.0,2712501.0
2025-08-20,035720,63800.0,65700.0,62300.0,65300.0,3436218.0
2025-08-21,035720,65900.0,67800.0,62900.0,64000.0,4221004.0
2025-08-22,035720,63400.0,64700.0,63100.0,63600.0,2234317.0
2025-08-25,035720,64100.0,64900.0,63500.0,64700.0,1853582.0
2025-08-26,035720,64100.0,65800.0,64000.0,65000.0,2393834.0
2025-08-27,035720,65500.0,65500.0,63600.0,64100.0,1845944.0
2025-08-28,035720,63800.0,64300.0,62800.0,63500.0,1229932.0
2025-08-29,035720,64000.0,64300.0,61900.0,62500.0,1704037.0
2025-09-01,035720,60600.0,62100.0,59500.0,61200.0,2491823.0
2025-09-02,035720,61700.0,62200.0,58200.0,59300.0,3661180.0
2025-09-03,035720,59600.0,60400.0,58600.0,58900.0,1641908.0
2025-09-04,035720,59000.0,59200.0,57400.0,58500.0,2592577.0
2025-09-05,035720,60000.0,60000.0,58500.0,58500.0,1536092.0
2025-09-08,035720,58700.0,60100.0,58600.0,59200.0,1665995.0
2025-09-09,035720,59700.0,59700.0,59000.0,59600.0,1361280.0
2025-09-10,035720,60000.0,60800.0,59600.0,59900.0,1665136.0
2025-09-11,035720,60300.0,60600.0,59700.0,59900.0,1793242.0
2025-09-12,035720,60500.0,66000.0,60200.0,65500.0,6828797.0
2025-09-15,035720,65000.0,65000.0,63700.0,64000.0,2370450.0
2025-09-16,035720,64600.0,64700.0,62600.0,62900.0,2130735.0
2025-09-17,035720,63000.0,63300.0,62400.0,62500.0,992359.0
2025-09-18,035720,63200.0,65100.0,62900.0,64700.0,2541491.0
2025-09-19,035720,64800.0,68500.0,64700.0,67000.0,5009911.0
2025-09-22,035720,67500.0,67600.0,65600.0,66400.0,2276896.0
2025-09-23,035720,66700.0,66700.0,62600.0,63300.0,4850268.0
2025-09-24,035720,64600.0,65200.0,62600.0,62800.0,2786106.0
2025-09-25,035720,62300.0,64000.0,62200.0,63200.0,2815412.0
2025-09-26,035720,62400.0,62500.0,59100.0,59300.0,4899137.0
2025-09-29,035720,59400.0,60700.0,58800.0,60300.0,3131452.0
2025-09-30,035720,62000.0,62000.0,59600.0,59600.0,2019879.0
2025-10-01,035720,59800.0,61100.0,59800.0,60000.0,1644566.0
2025-10-02,035720,60400.0,60800.0,59600.0,59600.0,2321148.0
2025-10-10,035720,60500.0,62100.0,60400.0,62100.0,2984964.0
2025-10-13,035720,60700.0,60700.0,59600.0,59800.0,2615559.0
2025-10-14,035720,60300.0,61300.0,59400.0,59600.0,2138963.0
2025-10-15,035720,59700.0,60200.0,59100.0,59200.0,1659217.0
2025-10-16,035720,59200.0,59900.0,58200.0,58600.0,2296149.0
2025-10-17,035720,58600.0,59500.0,57900.0,58000.0,2052888.0
2025-10-20,035720,58100.0,59000.0,56900.0,58800.0,1646974.0
2025-10-21,035720,59200.0,63000.0,59000.0,62300.0,6975312.0
2025-10-22,035720,62800.0,62900.0,60000.0,60900.0,2244634.0
2025-10-23,035720,60200.0,60300.0,59000.0,59000.0,2234207.0
2025-10-24,035720,59700.0,59700.0,59000.0,59200.0,1101507.0
2025-10-27,035720,59500.0,61500.0,59200.0,60900.0,2592815.0
2025-10-28,035720,61900.0,64300.0,61300.0,63700.0,5224554.0
2025-10-29,035720,63800.0,69700.0,63100.0,67700.0,11877149.0
2025-10-30,035720,68000.0,68100.0,63200.0,63500.0,5185767.0
2025-10-31,035720,64700.0,66300.0,64600.0,65100.0,3412818.0
2025-11-03,035720,66600.0,66900.0,64000.0,64500.0,3029755.0
2025-11-04,035720,64700.0,65500.0,63800.0,64200.0,1815606.0
2025-11-05,035720,64800.0,65600.0,60500.0,62700.0,5643655.0
2025-11-06,035720,63300.0,64000.0,60200.0,60700.0,4335582.0
2025-11-07,035720,61600.0,65400.0,60800.0,62800.0,9719245.0
2025-11-10,035720,63400.0,66400.0,62200.0,62300.0,7999819.0
2025-11-11,035720,62500.0,66700.0,62500.0,64100.0,12337247.0
2025-11-12,035720,64700.0,64800.0,63500.0,63800.0,3227242.0
2025-11-13,035720,63600.0,64200.0,62700.0,63700.0,3253680.0
2025-11-14,035720,62400.0,63200.0,61000.0,61400.0,3530001.0
2025-11-17,035720,61700.0,62000.0,60500.0,60700.0,2541985.0
2025-11-18,035720,60300.0,60900.0,57200.0,57500.0,5810827.0
2025-11-19,035720,57800.0,58800.0,56600.0,58200.0,2946680.0
2025-11-20,035720,59200.0,59600.0,58600.0,59100.0,2269237.0
2025-11-21,035720,57600.0,59300.0,57100.0,58700.0,2528224.0
2025-11-24,035720,59300.0,59500.0,57600.0,58800.0,2217014.0
2025-11-25,035720,59600.0,59700.0,57600.0,58000.0,1912277.0
2025-11-26,035720,58500.0,61000.0,58200.0,61000.0,3312601.0
2025-11-27,035720,60900.0,61200.0,59700.0,59700.0,1632051.0
2025-11-28,035720,59900.0,59900.0,58600.0,58700.0,1603848.0
2025-12-01,035720,58900.0,60300.0,58900.0,59500.0,1811973.0
2025-12-02,035720,59600.0,59800.0,58800.0,59500.0,1158789.0
2025-12-03,035720,59800.0,61300.0,59800.0,60600.0,2256089.0
2025-12-04,035720,60200.0,60500.0,59500.0,60200.0,1262524.0
2025-12-05,035720,60000.0,61500.0,60000.0,61500.0,2164350.0
2025-12-08,035720,61700.0,62700.0,61200.0,62000.0,2032027.0
2025-12-09,035720,61800.0,61800.0,60800.0,60800.0,1385209.0
2025-12-10,035720,60900.0,60900.0,59200.0,59200.0,2378957.0
2025-12-11,035720,59500.0,59700.0,58500.0,59200.0,2510659.0
2025-12-12,035720,59400.0,59800.0,58800.0,59800.0,1252395.0
2025-12-15,035720,59000.0,60900.0,58500.0,59600.0,1648246.0
2025-12-16,035720,59100.0,59600.0,57600.0,57900.0,2297669.0
2025-12-17,035720,58200.0,58300.0,57000.0,57000.0,1746055.0
2025-12-18,035720,56000.0,57900.0,55500.0,57100.0,1453355.0
2025-12-19,035720,58000.0,58400.0,57500.0,58200.0,1440858.0
2025-12-22,035720,58800.0,59300.0,58300.0,58700.0,1454365.0
2025-12-23,035720,58700.0,59500.0,58300.0,59000.0,1324562.0
2025-12-24,035720,59300.0,60000.0,58600.0,59800.0,1948824.0
2025-12-26,035720,59800.0,60000.0,58000.0,58100.0,1880555.0
2025-12-29,035720,57600.0,61200.0,57600.0,61200.0,3682579.0
2025-12-30,035720,60900.0,61500.0,60000.0,60100.0,1472867.0
2026-01-02,035720,60100.0,62500.0,59200.0,62100.0,2903206.0
2026-01-05,035720,62500.0,63800.0,62100.0,62800.0,2289841.0
2026-01-06,035720,62500.0,64200.0,61800.0,63800.0,2772246.0
2026-01-07,035720,63200.0,63600.0,58700.0,59300.0,6117494.0
2026-01-08,035720,59500.0,59800.0,57800.0,57800.0,3659666.0
2026-01-09,035720,58300.0,58400.0,57600.0,58200.0,1851838.0
2026-01-12,035720,58300.0,58500.0,57700.0,58200.0,1915854.0
2026-01-13,035720,58800.0,59300.0,58200.0,59300.0,1855912.0
2026-01-14,035720,59500.0,59500.0,58200.0,58800.0,1586704.0
2026-01-15,035720,58500.0,59500.0,58300.0,58500.0,1963363.0
2026-01-16,035720,58400.0,58500.0,57100.0,57300.0,2844292.0
2026-01-19,035720,57500.0,57500.0,56500.0,56600.0,2189567.0
2026-01-20,035720,57300.0,59200.0,57300.0,59000.0,2772592.0
2026-01-21,035720,57900.0,58200.0,56900.0,57300.0,2013702.0
2026-01-22,035720,57600.0,58700.0,57000.0,58400.0,2364798.0
2026-01-23,035720,58500.0,61300.0,58300.0,61000.0,7214439.0
2026-01-26,035720,62300.0,62400.0,60300.0,61800.0,4143093.0
2026-01-27,035720,61400.0,63400.0,61200.0,62200.0,4016704.0
2026-01-28,035720,62500.0,63000.0,60850.0,61800.0,3496009.0
2026-01-29,035720,61400.0,62800.0,60600.0,61800.0,3199995.0
2026-01-30,035720,62500.0,63200.0,61200.0,61400.0,3375524.0
2026-02-02,035720,60500.0,61200.0,58000.0,58400.0,2860783.0
2026-02-03,035720,59600.0,59700.0,58200.0,59200.0,1997907.0
2026-02-04,035720,58700.0,58800.0,58000.0,58500.0,2530890.0
2026-02-05,035720,58700.0,59900.0,58000.0,58200.0,2892778.0
2026-02-06,035720,57500.0,57700.0,55500.0,56200.0,3889924.0
2026-02-09,035720,57400.0,58400.0,56800.0,57500.0,1879959.0
2026-02-10,035720,58000.0,59100.0,57700.0,58300.0,1863119.0
2026-02-11,035720,58700.0,59100.0,58200.0,58900.0,1673583.0
2026-02-12,035720,61900.0,63400.0,58800.0,58800.0,7889505.0
2026-02-13,035720,59100.0,59300.0,57300.0,57400.0,3156946.0
2026-02-19,035720,58200.0,58300.0,57400.0,57600.0,1988817.0
2026-02-20,035720,57800.0,58900.0,57700.0,57900.0,1950669.0
2026-02-23,035720,58600.0,58600.0,57800.0,58100.0,1657993.0
2026-02-24,035720,58100.0,58400.0,57700.0,57900.0,1803888.0
2026-02-25,035720,58000.0,58000.0,57200.0,57400.0,2078203.0
2026-02-26,035720,58700.0,62300.0,58600.0,61400.0,9617787.0
2026-02-27,035720,61300.0,64500.0,60500.0,62300.0,7242478.0
2026-03-03,035720,60900.0,61400.0,56100.0,56200.0,6691339.0
2026-03-04,035720,53200.0,54300.0,47050.0,47050.0,6214956.0
2026-03-05,035720,51200.0,52400.0,50300.0,51200.0,3724178.0
2026-03-06,035720,50500.0,54400.0,50500.0,53600.0,2823937.0
2026-03-09,035720,50100.0,50500.0,48800.0,50400.0,2045023.0
2026-03-10,035720,51800.0,52500.0,50900.0,51800.0,1860754.0
2026-03-11,035720,52500.0,53200.0,50600.0,50900.0,1975641.0
2026-03-12,035720,50900.0,51200.0,50100.0,50400.0,1596311.0
2026-03-13,035720,49300.0,50900.0,49200.0,50600.0,1196401.0
2026-03-16,035720,50900.0,51300.0,50000.0,50200.0,1248665.0
2026-03-17,035720,51100.0,52000.0,50800.0,51300.0,1021895.0
2026-03-18,035720,52000.0,52000.0,50900.0,51500.0,1814895.0
2026-03-19,035720,50300.0,50400.0,49900.0,50000.0,1164390.0
2026-03-20,035720,50100.0,50600.0,49900.0,50000.0,1270502.0
2026-03-23,035720,48900.0,48950.0,46900.0,46900.0,2105077.0
2026-03-24,035720,48300.0,49050.0,47000.0,48200.0,1301472.0
2026-03-25,035720,49650.0,50300.0,48850.0,49050.0,1232140.0
2026-03-26,035720,49400.0,49850.0,48450.0,48650.0,1231315.0
2026-03-27,035720,47550.0,48800.0,46950.0,48800.0,1271649.0
2026-03-30,035720,46850.0,47600.0,46450.0,47100.0,1053235.0
2026-03-31,035720,46400.0,46800.0,45500.0,45800.0,1706215.0
2026-04-01,035720,47200.0,48500.0,46600.0,48250.0,1269138.0
2026-04-02,035720,48650.0,48900.0,45100.0,45400.0,1527044.0
2026-04-03,035720,46300.0,46450.0,45050.0,45200.0,1076743.0
2026-04-06,035720,45000.0,45450.0,44000.0,44850.0,1223887.0
2026-04-07,035720,45050.0,47250.0,45050.0,46400.0,1991813.0
2026-04-08,035720,48400.0,48600.0,47250.0,47850.0,1615185.0
2026-04-09,035720,47900.0,47950.0,47000.0,47300.0,1128075.0
2026-04-10,035720,47550.0,47900.0,47300.0,47700.0,691399.0
2026-04-13,035720,46550.0,47400.0,46300.0,47000.0,829991.0
2026-04-14,035720,48050.0,48900.0,47950.0,48100.0,1049751.0
2026-04-15,035720,49100.0,50300.0,48850.0,49600.0,1413990.0
2026-04-16,035720,50600.0,51200.0,50200.0,50600.0,1290032.0
2026-04-17,035720,50700.0,50700.0,49700.0,50000.0,890443.0
2026-04-20,035720,49850.0,49850.0,48850.0,48850.0,1125279.0
2026-04-21,035720,49150.0,49250.0,48500.0,48950.0,1316511.0
2026-04-22,035720,48750.0,48900.0,48100.0,48450.0,1143499.0
2026-04-23,035720,49400.0,49600.0,47800.0,48400.0,1658254.0
2026-04-24,035720,48150.0,48200.0,47700.0,48050.0,1064052.0
2026-04-27,035720,48250.0,49150.0,48250.0,48450.0,1436742.0
2026-04-28,035720,48500.0,49350.0,48350.0,48850.0,1274968.0
2026-04-29,035720,48850.0,49000.0,48000.0,48400.0,1123582.0
2026-04-30,035720,48500.0,48550.0,47050.0,47300.0,1484406.0
2026-05-04,035720,47700.0,47850.0,46900.0,47100.0,1520475.0
2026-05-06,035720,47100.0,47900.0,46200.0,46300.0,2392733.0
2026-05-07,035720,47250.0,47500.0,45000.0,45250.0,3342858.0
2026-05-08,035720,45950.0,47400.0,45600.0,46000.0,3381737.0
2026-05-11,035720,46350.0,46400.0,44600.0,44700.0,2628330.0
2026-05-12,035720,45000.0,45100.0,42650.0,43550.0,2900712.0
2026-05-13,035720,43950.0,44500.0,42300.0,42950.0,2337765.0
2026-05-14,035720,43000.0,45950.0,43000.0,45950.0,3640858.0
2026-05-15,035720,46400.0,46400.0,43300.0,44000.0,2235112.0
2026-05-18,035720,43750.0,43750.0,41600.0,42450.0,1876958.0
2026-05-19,035720,42350.0,43350.0,40950.0,41600.0,1545131.0
2026-05-20,035720,41850.0,42400.0,39800.0,40150.0,2019858.0
2026-05-21,035720,40550.0,42100.0,40500.0,41800.0,1732522.0
2026-05-22,035720,42000.0,42600.0,41450.0,41850.0,1413790.0
2026-05-26,035720,42300.0,42350.0,40950.0,41450.0,1507976.0
2026-05-27,035720,41000.0,41350.0,40150.0,40500.0,1652378.0
2026-05-28,035720,40300.0,41300.0,38500.0,40100.0,2571868.0
2026-05-29,035720,40450.0,44000.0,40450.0,41950.0,7448112.0
2026-06-01,035720,41950.0,41950.0,41950.0,41950.0,0.0
2025-01-13,051910,242500.0,245000.0,239000.0,241000.0,209303.0
2025-01-14,051910,243000.0,246000.0,238500.0,244500.0,272203.0
2025-01-15,051910,245000.0,247500.0,239500.0,240000.0,182124.0
2025-01-16,051910,244000.0,248000.0,243000.0,244000.0,187927.0
2025-01-17,051910,242000.0,247000.0,240000.0,243500.0,183472.0
2025-01-20,051910,247000.0,253500.0,246500.0,252500.0,246145.0
2025-01-21,051910,250500.0,252500.0,238000.0,240500.0,260411.0
2025-01-22,051910,242000.0,249000.0,241500.0,246000.0,203935.0
2025-01-23,051910,244500.0,244500.0,239500.0,240500.0,174612.0
2025-01-24,051910,241000.0,242500.0,237000.0,239500.0,205167.0
2025-01-31,051910,242000.0,242000.0,236000.0,237500.0,257381.0
2025-02-03,051910,234500.0,234500.0,221500.0,222000.0,339676.0
2025-02-04,051910,222500.0,223000.0,211500.0,213000.0,670959.0
2025-02-05,051910,213500.0,224500.0,213500.0,221500.0,499007.0
2025-02-06,051910,219500.0,222000.0,217000.0,222000.0,224642.0
2025-02-07,051910,220000.0,224500.0,216000.0,217000.0,322872.0
2025-02-10,051910,214000.0,222000.0,208000.0,221000.0,437549.0
2025-02-11,051910,222000.0,226000.0,218000.0,221500.0,205949.0
2025-02-12,051910,222500.0,225500.0,218500.0,220000.0,209801.0
2025-02-13,051910,220500.0,231000.0,220500.0,229500.0,486366.0
2025-02-14,051910,231000.0,232000.0,226500.0,227500.0,201032.0
2025-02-17,051910,227500.0,241500.0,227500.0,237500.0,342695.0
2025-02-18,051910,238000.0,240500.0,236500.0,239000.0,192906.0
2025-02-19,051910,238000.0,249500.0,238000.0,245500.0,342081.0
2025-02-20,051910,245000.0,250000.0,244000.0,246500.0,296350.0
2025-02-21,051910,246500.0,254000.0,244500.0,251000.0,289285.0
2025-02-24,051910,249000.0,258000.0,247500.0,255500.0,245505.0
2025-02-25,051910,253500.0,255000.0,248000.0,248500.0,196297.0
2025-02-26,051910,245000.0,254000.0,245000.0,252000.0,190782.0
2025-02-27,051910,250500.0,252500.0,247500.0,251000.0,147558.0
2025-02-28,051910,245500.0,246500.0,233000.0,234500.0,498771.0
2025-03-04,051910,231000.0,232500.0,225500.0,227500.0,344750.0
2025-03-05,051910,229500.0,235500.0,223500.0,230500.0,307884.0
2025-03-06,051910,233000.0,240000.0,231000.0,233000.0,201278.0
2025-03-07,051910,229500.0,255500.0,228000.0,250500.0,762489.0
2025-03-10,051910,254000.0,254500.0,240500.0,247000.0,306897.0
2025-03-11,051910,237500.0,246000.0,236000.0,238000.0,247839.0
2025-03-12,051910,240000.0,253500.0,238000.0,251000.0,309456.0
2025-03-13,051910,254000.0,254000.0,242500.0,242500.0,311370.0
2025-03-14,051910,242500.0,245500.0,230000.0,231000.0,402574.0
2025-03-17,051910,233500.0,240500.0,232500.0,235000.0,214597.0
2025-03-18,051910,237500.0,243000.0,231500.0,231500.0,222768.0
2025-03-19,051910,237000.0,251500.0,236500.0,242000.0,611502.0
2025-03-20,051910,246000.0,262000.0,245000.0,257000.0,673739.0
2025-03-21,051910,259000.0,263500.0,246500.0,261500.0,625338.0
2025-03-24,051910,261500.0,267000.0,258000.0,264500.0,402599.0
2025-03-25,051910,265000.0,268500.0,258000.0,259500.0,255202.0
2025-03-26,051910,262000.0,274500.0,261000.0,272000.0,412341.0
2025-03-27,051910,267000.0,276000.0,267000.0,269000.0,281035.0
2025-03-28,051910,271500.0,272500.0,258000.0,259000.0,271423.0
2025-03-31,051910,251500.0,253500.0,243500.0,245000.0,376594.0
2025-04-01,051910,248500.0,251500.0,238500.0,244000.0,275259.0
2025-04-02,051910,244500.0,246000.0,229500.0,232500.0,357276.0
2025-04-03,051910,224000.0,227500.0,221000.0,223000.0,311765.0
2025-04-04,051910,219000.0,231000.0,219000.0,229500.0,308054.0
2025-04-07,051910,215500.0,221000.0,212500.0,213500.0,457294.0
2025-04-08,051910,218000.0,220000.0,210000.0,211500.0,323215.0
2025-04-09,051910,209000.0,215500.0,202500.0,203500.0,431181.0
2025-04-10,051910,217500.0,227000.0,210500.0,225500.0,507522.0
2025-04-11,051910,219500.0,222500.0,216000.0,221500.0,221809.0
2025-04-14,051910,224000.0,233000.0,224000.0,224500.0,184201.0
2025-04-15,051910,223000.0,226000.0,219500.0,225000.0,160219.0
2025-04-16,051910,226500.0,230000.0,219500.0,220000.0,182493.0
2025-04-17,051910,218500.0,223000.0,216500.0,221000.0,173257.0
2025-04-18,051910,222000.0,222500.0,218000.0,220500.0,121724.0
2025-04-21,051910,219500.0,222000.0,215500.0,217500.0,139454.0
2025-04-22,051910,216000.0,220500.0,214500.0,215500.0,156321.0
2025-04-23,051910,220000.0,226000.0,217500.0,224000.0,293033.0
2025-04-24,051910,225000.0,225000.0,218000.0,223000.0,163801.0
2025-04-25,051910,225000.0,229000.0,222500.0,224500.0,201389.0
2025-04-28,051910,226000.0,227000.0,221000.0,221000.0,246442.0
2025-04-29,051910,223000.0,227000.0,221500.0,225500.0,181044.0
2025-04-30,051910,225000.0,225000.0,215000.0,216000.0,252764.0
2025-05-02,051910,216000.0,217500.0,207000.0,210000.0,377264.0
2025-05-07,051910,212500.0,213000.0,206500.0,208000.0,369484.0
2025-05-08,051910,208000.0,211500.0,207500.0,209000.0,371941.0
2025-05-09,051910,210000.0,210000.0,205000.0,205500.0,253846.0
2025-05-12,051910,207000.0,210500.0,206000.0,210500.0,139178.0
2025-05-13,051910,211000.0,211000.0,202000.0,203000.0,460327.0
2025-05-14,051910,204000.0,205000.0,199900.0,203500.0,247404.0
2025-05-15,051910,202500.0,204500.0,201000.0,202500.0,133796.0
2025-05-16,051910,203500.0,204000.0,193500.0,193600.0,529240.0
2025-05-19,051910,193000.0,200500.0,193000.0,195800.0,333557.0
2025-05-20,051910,197000.0,197300.0,189000.0,189700.0,403320.0
2025-05-21,051910,189600.0,192000.0,187600.0,188000.0,379736.0
2025-05-22,051910,187200.0,190000.0,182600.0,186700.0,351583.0
2025-05-23,051910,187100.0,189700.0,182300.0,182400.0,220685.0
2025-05-26,051910,181500.0,188500.0,181500.0,187700.0,224084.0
2025-05-27,051910,185800.0,186700.0,182000.0,182900.0,223128.0
2025-05-28,051910,184100.0,194600.0,183950.0,193900.0,431738.0
2025-05-29,051910,194200.0,202500.0,192200.0,199300.0,413246.0
2025-05-30,051910,197700.0,199500.0,193900.0,197300.0,500660.0
2025-06-02,051910,197500.0,198200.0,193900.0,195300.0,157923.0
2025-06-04,051910,197300.0,202500.0,197200.0,198700.0,281974.0
2025-06-05,051910,199200.0,204000.0,197500.0,201500.0,240315.0
2025-06-09,051910,203000.0,203500.0,198700.0,201500.0,315511.0
2025-06-10,051910,203000.0,212500.0,202000.0,206500.0,407152.0
2025-06-11,051910,210000.0,214000.0,205000.0,208500.0,289528.0
2025-06-12,051910,207000.0,213000.0,206500.0,210500.0,446626.0
2025-06-13,051910,211000.0,213500.0,206500.0,208500.0,298877.0
2025-06-16,051910,208000.0,208500.0,201000.0,205500.0,250900.0
2025-06-17,051910,207500.0,211500.0,204000.0,207000.0,262029.0
2025-06-18,051910,204500.0,209500.0,204000.0,207500.0,216329.0
2025-06-19,051910,208500.0,210000.0,204000.0,206000.0,203413.0
2025-06-20,051910,206500.0,213500.0,205000.0,211500.0,389198.0
2025-06-23,051910,207500.0,208000.0,200500.0,202500.0,280173.0
2025-06-24,051910,207500.0,216000.0,206500.0,211000.0,372374.0
2025-06-25,051910,213500.0,214000.0,210000.0,212500.0,178210.0
2025-06-26,051910,213500.0,218000.0,211000.0,216000.0,313116.0
2025-06-27,051910,217000.0,218000.0,208000.0,209000.0,227948.0
2025-06-30,051910,211000.0,215500.0,210000.0,211500.0,173180.0
2025-07-01,051910,213000.0,236000.0,212000.0,229000.0,810916.0
2025-07-02,051910,227000.0,241500.0,226500.0,240000.0,627281.0
2025-07-03,051910,248000.0,262500.0,246500.0,257000.0,1201428.0
2025-07-04,051910,251000.0,268500.0,245000.0,264500.0,706352.0
2025-07-07,051910,267500.0,270500.0,257000.0,258500.0,514957.0
2025-07-08,051910,255000.0,264250.0,253000.0,254500.0,355808.0
2025-07-09,051910,258000.0,266500.0,256000.0,260000.0,294670.0
2025-07-10,051910,264500.0,275000.0,264000.0,274000.0,622092.0
2025-07-11,051910,277000.0,278500.0,270500.0,272000.0,359580.0
2025-07-14,051910,272500.0,277500.0,269500.0,273500.0,208053.0
2025-07-15,051910,273000.0,274000.0,265500.0,273000.0,256242.0
2025-07-16,051910,271000.0,272500.0,262000.0,263500.0,327945.0
2025-07-17,051910,265500.0,272500.0,264000.0,269500.0,318854.0
2025-07-18,051910,272500.0,277500.0,270000.0,272500.0,244314.0
2025-07-21,051910,273000.0,293000.0,271000.0,287000.0,575916.0
2025-07-22,051910,292000.0,299000.0,287000.0,289000.0,418076.0
2025-07-23,051910,296000.0,301000.0,289000.0,291000.0,431760.0
2025-07-24,051910,288500.0,305000.0,287500.0,305000.0,546808.0
2025-07-25,051910,305000.0,308000.0,299000.0,307000.0,382336.0
2025-07-28,051910,309500.0,318500.0,309500.0,313000.0,312827.0
2025-07-29,051910,306500.0,309000.0,298500.0,308000.0,384643.0
2025-07-30,051910,304500.0,308500.0,300500.0,306000.0,323896.0
2025-07-31,051910,315500.0,322500.0,297500.0,301500.0,422313.0
2025-08-01,051910,294500.0,302000.0,287000.0,290000.0,385496.0
2025-08-04,051910,294000.0,294500.0,284000.0,289500.0,268894.0
2025-08-05,051910,293000.0,302000.0,292000.0,298000.0,277568.0
2025-08-06,051910,296000.0,307000.0,295000.0,301000.0,265521.0
2025-08-07,051910,303500.0,303500.0,292000.0,292500.0,257418.0
2025-08-08,051910,292000.0,292500.0,271000.0,276500.0,625417.0
2025-08-11,051910,274500.0,279000.0,273500.0,277500.0,233130.0
2025-08-12,051910,275000.0,280000.0,273500.0,275500.0,162707.0
2025-08-13,051910,278000.0,279500.0,269500.0,279500.0,413119.0
2025-08-14,051910,280000.0,282500.0,277500.0,282500.0,214283.0
2025-08-18,051910,280000.0,283500.0,274500.0,276000.0,187334.0
2025-08-19,051910,276500.0,279500.0,272500.0,277500.0,185341.0
2025-08-20,051910,277000.0,286500.0,277000.0,283500.0,367843.0
2025-08-21,051910,287000.0,302500.0,283000.0,293000.0,511584.0
2025-08-22,051910,294000.0,296000.0,286000.0,287500.0,189281.0
2025-08-25,051910,290000.0,293000.0,285000.0,292500.0,162261.0
2025-08-26,051910,291000.0,296500.0,289000.0,289500.0,211149.0
2025-08-27,051910,290500.0,290500.0,285000.0,286500.0,119955.0
2025-08-28,051910,287000.0,292500.0,280000.0,281500.0,172022.0
2025-08-29,051910,284000.0,286000.0,276000.0,277500.0,202049.0
2025-09-01,051910,275000.0,275000.0,270000.0,271500.0,135526.0
2025-09-02,051910,271000.0,272000.0,264500.0,269500.0,175907.0
2025-09-03,051910,269500.0,273000.0,268500.0,270000.0,94431.0
2025-09-04,051910,274000.0,279500.0,273000.0,278000.0,152241.0
2025-09-05,051910,278000.0,278500.0,272500.0,274500.0,136324.0
2025-09-08,051910,271000.0,277000.0,271000.0,275500.0,98768.0
2025-09-09,051910,280500.0,296000.0,275500.0,293000.0,510456.0
2025-09-10,051910,290500.0,292500.0,285500.0,287000.0,224616.0
2025-09-11,051910,288500.0,290000.0,285500.0,290000.0,230401.0
2025-09-12,051910,293000.0,293000.0,288000.0,290000.0,187098.0
2025-09-15,051910,288500.0,301500.0,288500.0,293500.0,292193.0
2025-09-16,051910,295000.0,300500.0,286500.0,288000.0,320132.0
2025-09-17,051910,289500.0,294500.0,287500.0,292000.0,142980.0
2025-09-18,051910,293500.0,306500.0,289500.0,301000.0,301884.0
2025-09-19,051910,299500.0,303000.0,291000.0,291000.0,343090.0
2025-09-22,051910,293500.0,302000.0,293000.0,295000.0,159506.0
2025-09-23,051910,295000.0,300500.0,293000.0,298500.0,157221.0
2025-09-24,051910,300000.0,300500.0,285500.0,286000.0,238319.0
2025-09-25,051910,287000.0,292500.0,286000.0,292500.0,205795.0
2025-09-26,051910,289500.0,291000.0,280500.0,282500.0,227238.0
2025-09-29,051910,285000.0,285500.0,275500.0,280000.0,186592.0
2025-09-30,051910,278500.0,284500.0,277500.0,278000.0,165726.0
2025-10-01,051910,279000.0,283000.0,275000.0,281500.0,141779.0
2025-10-02,051910,286000.0,288000.0,277500.0,277500.0,301239.0
2025-10-10,051910,282000.0,287500.0,277500.0,279000.0,288939.0
2025-10-13,051910,278000.0,282000.0,271500.0,282000.0,245693.0
2025-10-14,051910,280000.0,299500.0,280000.0,296500.0,479724.0
2025-10-15,051910,295000.0,295500.0,291000.0,294000.0,172127.0
2025-10-16,051910,294500.0,312000.0,294500.0,312000.0,557451.0
2025-10-17,051910,309500.0,350000.0,308500.0,339000.0,1150682.0
2025-10-20,051910,337500.0,350000.0,333500.0,347500.0,449112.0
2025-10-21,051910,343000.0,354000.0,341000.0,346000.0,357271.0
2025-10-22,051910,356000.0,395500.0,351000.0,391000.0,1575365.0
2025-10-23,051910,406500.0,408000.0,387000.0,389500.0,892900.0
2025-10-24,051910,386000.0,410000.0,383000.0,401000.0,811185.0
2025-10-27,051910,402500.0,407500.0,391000.0,404000.0,447924.0
2025-10-28,051910,399000.0,414500.0,395500.0,413500.0,503165.0
2025-10-29,051910,412500.0,422000.0,409500.0,417000.0,432477.0
2025-10-30,051910,412000.0,423500.0,400000.0,405000.0,439474.0
2025-10-31,051910,393500.0,400500.0,389000.0,397500.0,501518.0
2025-11-03,051910,399000.0,401000.0,385500.0,393000.0,345947.0
2025-11-04,051910,400000.0,409000.0,391000.0,395000.0,294129.0
2025-11-05,051910,395500.0,401000.0,373000.0,385000.0,436160.0
2025-11-06,051910,393000.0,405500.0,385500.0,385500.0,441659.0
2025-11-07,051910,389000.0,394000.0,375000.0,382000.0,259098.0
2025-11-10,051910,385500.0,401000.0,375500.0,397000.0,290167.0
2025-11-11,051910,401500.0,405000.0,392500.0,399500.0,396621.0
2025-11-12,051910,402500.0,404000.0,390000.0,393500.0,401469.0
2025-11-13,051910,393500.0,428500.0,393500.0,419500.0,676571.0
2025-11-14,051910,406500.0,420000.0,403000.0,407500.0,338108.0
2025-11-17,051910,413000.0,419500.0,398000.0,402000.0,264512.0
2025-11-18,051910,398000.0,405500.0,386500.0,388000.0,333994.0
2025-11-19,051910,394000.0,398500.0,378000.0,390500.0,206165.0
2025-11-20,051910,397500.0,399000.0,388500.0,388500.0,174417.0
2025-11-21,051910,377500.0,378000.0,362750.0,367000.0,315503.0
2025-11-24,051910,369000.0,370500.0,355000.0,358500.0,319529.0
2025-11-25,051910,365000.0,369000.0,359500.0,363000.0,251051.0
2025-11-26,051910,369500.0,397500.0,369000.0,397000.0,504358.0
2025-11-27,051910,394500.0,402500.0,386000.0,395500.0,457285.0
2025-11-28,051910,396500.0,396500.0,373000.0,374000.0,401535.0
2025-12-01,051910,378000.0,383500.0,367000.0,372000.0,213121.0
2025-12-02,051910,374500.0,376500.0,367500.0,371500.0,178062.0
2025-12-03,051910,373000.0,383000.0,372500.0,380000.0,193648.0
2025-12-04,051910,380000.0,383000.0,373500.0,376000.0,229061.0
2025-12-05,051910,376500.0,382000.0,372000.0,381500.0,275857.0
2025-12-08,051910,384000.0,387000.0,377500.0,386500.0,237724.0
2025-12-09,051910,383500.0,385000.0,378000.0,379500.0,176352.0
2025-12-10,051910,384500.0,388500.0,373500.0,376000.0,192669.0
2025-12-11,051910,379500.0,380500.0,365500.0,365500.0,278618.0
2025-12-12,051910,370000.0,373000.0,366500.0,371500.0,173965.0
2025-12-15,051910,362000.0,377000.0,361500.0,369000.0,150033.0
2025-12-16,051910,369500.0,370000.0,351500.0,354000.0,258691.0
2025-12-17,051910,356500.0,365000.0,354500.0,364000.0,182526.0
2025-12-18,051910,344000.0,347000.0,332500.0,333000.0,439388.0
2025-12-19,051910,335000.0,338500.0,324500.0,338500.0,344256.0
2025-12-22,051910,343000.0,351000.0,339000.0,346000.0,157106.0
2025-12-23,051910,348000.0,348000.0,342500.0,345500.0,143777.0
2025-12-24,051910,347500.0,349000.0,342500.0,346000.0,105513.0
2025-12-26,051910,343000.0,346000.0,335000.0,336000.0,145837.0
2025-12-29,051910,326000.0,339000.0,325000.0,338500.0,139537.0
2025-12-30,051910,334000.0,334500.0,330000.0,333000.0,193822.0
2026-01-02,051910,331000.0,331000.0,319500.0,322500.0,246623.0
2026-01-05,051910,318500.0,330000.0,318500.0,330000.0,222585.0
2026-01-06,051910,334000.0,334500.0,324500.0,328500.0,282451.0
2026-01-07,051910,326000.0,328500.0,315000.0,319500.0,282239.0
2026-01-08,051910,316500.0,317500.0,311000.0,315000.0,416599.0
2026-01-09,051910,317000.0,320000.0,307500.0,312500.0,280530.0
2026-01-12,051910,311000.0,322500.0,310000.0,321500.0,342118.0
2026-01-13,051910,323000.0,343000.0,318000.0,342500.0,461945.0
2026-01-14,051910,340500.0,341500.0,327500.0,330500.0,244657.0
2026-01-15,051910,331000.0,342500.0,330500.0,336000.0,270726.0
2026-01-16,051910,337000.0,343000.0,330500.0,333500.0,239548.0
2026-01-19,051910,329000.0,338500.0,323500.0,337500.0,289896.0
2026-01-20,051910,334000.0,345000.0,333000.0,339000.0,267761.0
2026-01-21,051910,334000.0,336500.0,323500.0,331000.0,212312.0
2026-01-22,051910,332000.0,357000.0,331000.0,350500.0,664481.0
2026-01-23,051910,359500.0,369000.0,350500.0,358000.0,541858.0
2026-01-26,051910,356000.0,358000.0,344500.0,349500.0,400048.0
2026-01-27,051910,345000.0,355000.0,341000.0,344000.0,308673.0
2026-01-28,051910,349500.0,366500.0,348500.0,354000.0,456693.0
2026-01-29,051910,357500.0,357500.0,336000.0,343000.0,435702.0
2026-01-30,051910,341000.0,342500.0,310500.0,310500.0,963226.0
2026-02-02,051910,312000.0,312500.0,294000.0,296500.0,492954.0
2026-02-03,051910,302000.0,307500.0,296500.0,306500.0,349494.0
2026-02-04,051910,305500.0,319000.0,305500.0,318000.0,351475.0
2026-02-05,051910,315500.0,320000.0,307500.0,312000.0,310333.0
2026-02-06,051910,303500.0,305500.0,297000.0,304000.0,266373.0
2026-02-09,051910,313000.0,315000.0,305000.0,310500.0,259118.0
2026-02-10,051910,312000.0,324500.0,310500.0,321000.0,413203.0
2026-02-11,051910,324000.0,327000.0,318000.0,322500.0,393723.0
2026-02-12,051910,325500.0,340000.0,324000.0,336500.0,576686.0
2026-02-13,051910,331000.0,336000.0,324000.0,324500.0,386073.0
2026-02-19,051910,326500.0,336500.0,326000.0,334500.0,383082.0
2026-02-20,051910,333500.0,341500.0,331500.0,337000.0,236523.0
2026-02-23,051910,339000.0,340000.0,332000.0,332500.0,232539.0
2026-02-24,051910,335000.0,351500.0,333500.0,350500.0,519344.0
2026-02-25,051910,353000.0,401500.0,347500.0,387500.0,1099978.0
2026-02-26,051910,387500.0,393500.0,383000.0,390000.0,466977.0
2026-02-27,051910,381000.0,424000.0,381000.0,417500.0,1146026.0
2026-03-03,051910,402000.0,407000.0,360000.0,361000.0,956158.0
2026-03-04,051910,343000.0,347500.0,303000.0,307000.0,720462.0
2026-03-05,051910,334500.0,338500.0,321000.0,324500.0,550806.0
2026-03-06,051910,317500.0,328000.0,307500.0,326500.0,511510.0
2026-03-09,051910,305000.0,310500.0,288000.0,300000.0,582831.0
2026-03-10,051910,320000.0,323000.0,305500.0,311000.0,279895.0
2026-03-11,051910,321500.0,329500.0,312000.0,315500.0,217879.0
2026-03-12,051910,311000.0,313500.0,304000.0,306000.0,308065.0
2026-03-13,051910,295000.0,301500.0,294500.0,297500.0,273412.0
2026-03-16,051910,296000.0,297500.0,288000.0,292000.0,325789.0
2026-03-17,051910,300000.0,313500.0,300000.0,307500.0,256068.0
2026-03-18,051910,314000.0,324000.0,312000.0,320000.0,278071.0
2026-03-19,051910,308000.0,313000.0,303500.0,303500.0,207291.0
2026-03-20,051910,310000.0,312500.0,306500.0,310000.0,214904.0
2026-03-23,051910,298000.0,299500.0,289000.0,290000.0,249892.0
2026-03-24,051910,305000.0,315000.0,303000.0,314000.0,337381.0
2026-03-25,051910,319500.0,323000.0,311500.0,318000.0,218075.0
2026-03-26,051910,320000.0,326500.0,311000.0,314000.0,213175.0
2026-03-27,051910,304000.0,316500.0,298500.0,313000.0,239600.0
2026-03-30,051910,299000.0,328500.0,297000.0,322000.0,387305.0
2026-03-31,051910,319000.0,321000.0,297500.0,299000.0,473765.0
2026-04-01,051910,314500.0,315500.0,302500.0,312500.0,322039.0
2026-04-02,051910,316000.0,326500.0,298000.0,302000.0,438492.0
2026-04-03,051910,309500.0,311500.0,299500.0,304500.0,241336.0
2026-04-06,051910,303500.0,320500.0,303500.0,317000.0,299795.0
2026-04-07,051910,316500.0,331000.0,315000.0,323500.0,313215.0
2026-04-08,051910,342000.0,346500.0,331000.0,344500.0,374125.0
2026-04-09,051910,353500.0,367000.0,348500.0,355000.0,717366.0
2026-04-10,051910,359500.0,362500.0,351500.0,356000.0,283205.0
2026-04-13,051910,344000.0,345000.0,336000.0,340000.0,264626.0
2026-04-14,051910,346000.0,350500.0,340500.0,341500.0,164618.0
2026-04-15,051910,349500.0,363000.0,348000.0,354000.0,322452.0
2026-04-16,051910,360500.0,365000.0,351500.0,357500.0,218360.0
2026-04-17,051910,357500.0,362000.0,352500.0,360000.0,188824.0
2026-04-20,051910,360000.0,374000.0,359000.0,365500.0,239109.0
2026-04-21,051910,374000.0,390000.0,371000.0,389500.0,449161.0
2026-04-22,051910,390000.0,399500.0,385000.0,392000.0,344699.0
2026-04-23,051910,400500.0,403500.0,384500.0,391500.0,373795.0
2026-04-24,051910,390000.0,393500.0,378500.0,391500.0,309047.0
2026-04-27,051910,390000.0,390000.0,377000.0,379500.0,305442.0
2026-04-28,051910,386000.0,403500.0,385000.0,394000.0,339216.0
2026-04-29,051910,397500.0,411500.0,395000.0,407500.0,414937.0
2026-04-30,051910,407500.0,407500.0,392000.0,397000.0,283039.0
2026-05-04,051910,411500.0,435000.0,408000.0,429000.0,609933.0
2026-05-06,051910,436000.0,436000.0,413000.0,423500.0,372989.0
2026-05-07,051910,424500.0,429000.0,413750.0,425000.0,397016.0
2026-05-08,051910,425000.0,437500.0,414500.0,429500.0,316902.0
2026-05-11,051910,426500.0,431750.0,415500.0,423500.0,323937.0
2026-05-12,051910,419000.0,420500.0,377000.0,388500.0,1047094.0
2026-05-13,051910,395000.0,397000.0,374000.0,387500.0,337701.0
2026-05-14,051910,394500.0,395000.0,376500.0,392500.0,365104.0
2026-05-15,051910,393000.0,409500.0,367000.0,374000.0,407694.0
2026-05-18,051910,378500.0,380000.0,351500.0,373000.0,248124.0
2026-05-19,051910,369500.0,369500.0,341500.0,350500.0,395053.0
2026-05-20,051910,353500.0,354000.0,326000.0,332000.0,458363.0
2026-05-21,051910,343000.0,349500.0,336000.0,348000.0,373133.0
2026-05-22,051910,357000.0,362000.0,345500.0,351000.0,349477.0
2026-05-26,051910,359000.0,361000.0,349500.0,351000.0,288865.0
2026-05-27,051910,348500.0,351500.0,330500.0,331000.0,447062.0
2026-05-28,051910,343000.0,348500.0,329500.0,344500.0,475564.0
2026-05-29,051910,345000.0,372000.0,339500.0,367000.0,935945.0
2026-06-01,051910,367000.0,367000.0,367000.0,367000.0,0.0
2025-01-13,055550,49200.0,50300.0,49200.0,50000.0,969835.0
2025-01-14,055550,50200.0,50300.0,49200.0,49500.0,800945.0
2025-01-15,055550,50100.0,51400.0,49750.0,50300.0,1577800.0
2025-01-16,055550,50900.0,51000.0,50000.0,50300.0,818752.0
2025-01-17,055550,50800.0,51100.0,49000.0,49450.0,1345174.0
2025-01-20,055550,49600.0,50500.0,49600.0,49950.0,783496.0
2025-01-21,055550,50100.0,50400.0,49550.0,49750.0,740714.0
2025-01-22,055550,50200.0,50600.0,50000.0,50000.0,932267.0
2025-01-23,055550,50400.0,51300.0,50000.0,50300.0,1215307.0
2025-01-24,055550,50500.0,50600.0,49700.0,50000.0,1098318.0
2025-01-31,055550,51000.0,51900.0,50700.0,51100.0,1386966.0
2025-02-03,055550,51300.0,51400.0,49800.0,50200.0,1136445.0
2025-02-04,055550,50300.0,51300.0,50100.0,51000.0,1082282.0
2025-02-05,055550,51200.0,52000.0,50600.0,50700.0,1164141.0
2025-02-06,055550,50400.0,50600.0,49000.0,50000.0,1632445.0
2025-02-07,055550,49900.0,50300.0,49150.0,49250.0,1097705.0
2025-02-10,055550,48900.0,49850.0,48800.0,49400.0,1068542.0
2025-02-11,055550,49450.0,49750.0,48850.0,49100.0,812888.0
2025-02-12,055550,48750.0,49450.0,48600.0,48600.0,1261936.0
2025-02-13,055550,48450.0,49000.0,48400.0,48450.0,2128957.0
2025-02-14,055550,47500.0,48550.0,47500.0,48350.0,1527922.0
2025-02-17,055550,48300.0,48750.0,47950.0,48450.0,880421.0
2025-02-18,055550,48350.0,48800.0,48250.0,48450.0,1384205.0
2025-02-19,055550,48650.0,49050.0,48450.0,48450.0,1930383.0
2025-02-20,055550,48050.0,48200.0,46650.0,47300.0,3083547.0
2025-02-21,055550,47800.0,48450.0,47500.0,47650.0,2423401.0
2025-02-24,055550,47550.0,47650.0,46200.0,47200.0,1666686.0
2025-02-25,055550,46700.0,47000.0,46300.0,46350.0,1708278.0
2025-02-26,055550,46350.0,47800.0,46300.0,47550.0,1987758.0
2025-02-27,055550,47400.0,47850.0,47050.0,47500.0,1258650.0
2025-02-28,055550,46600.0,47300.0,45850.0,45850.0,3070901.0
2025-03-04,055550,46400.0,47100.0,45950.0,46150.0,1570129.0
2025-03-05,055550,46350.0,46600.0,44400.0,44650.0,1969675.0
2025-03-06,055550,45200.0,46600.0,45200.0,46350.0,1925797.0
2025-03-07,055550,45750.0,46250.0,44900.0,45000.0,1803119.0
2025-03-10,055550,45050.0,46050.0,44900.0,45600.0,968529.0
2025-03-11,055550,44900.0,45400.0,44700.0,45000.0,1316172.0
2025-03-12,055550,45000.0,45550.0,44750.0,45150.0,1183350.0
2025-03-13,055550,45250.0,46600.0,45250.0,45850.0,1607399.0
2025-03-14,055550,45400.0,46400.0,45200.0,45700.0,1036479.0
2025-03-17,055550,46100.0,46600.0,45900.0,46550.0,1005906.0
2025-03-18,055550,46700.0,47500.0,46500.0,46550.0,1051074.0
2025-03-19,055550,46550.0,47500.0,46500.0,47250.0,988729.0
2025-03-20,055550,47650.0,48250.0,47550.0,47550.0,1125789.0
2025-03-21,055550,46850.0,48100.0,46850.0,47800.0,1752832.0
2025-03-24,055550,47750.0,48850.0,47550.0,48600.0,941614.0
2025-03-25,055550,48150.0,49000.0,48050.0,48950.0,1064323.0
2025-03-26,055550,49000.0,49050.0,48450.0,48500.0,979827.0
2025-03-27,055550,48350.0,48750.0,47950.0,48400.0,1018355.0
2025-03-28,055550,47500.0,48000.0,46850.0,47800.0,1141973.0
2025-03-31,055550,47000.0,47450.0,46550.0,47050.0,1352535.0
2025-04-01,055550,47100.0,48400.0,47100.0,48100.0,911022.0
2025-04-02,055550,48150.0,49000.0,47900.0,48700.0,1017407.0
2025-04-03,055550,47050.0,47650.0,46700.0,47550.0,1292227.0
2025-04-04,055550,46900.0,47550.0,46300.0,47050.0,1351789.0
2025-04-07,055550,45000.0,45600.0,44150.0,45050.0,1867826.0
2025-04-08,055550,45550.0,45550.0,43750.0,43850.0,1847161.0
2025-04-09,055550,43550.0,44000.0,42500.0,43600.0,1647012.0
2025-04-10,055550,45550.0,46350.0,45000.0,46000.0,1611499.0
2025-04-11,055550,45000.0,46450.0,44900.0,46100.0,1154406.0
2025-04-14,055550,46500.0,46800.0,46100.0,46250.0,984426.0
2025-04-15,055550,46250.0,47350.0,46250.0,47100.0,1171151.0
2025-04-16,055550,47150.0,47900.0,47050.0,47800.0,913054.0
2025-04-17,055550,47200.0,47550.0,46900.0,47150.0,1137939.0
2025-04-18,055550,47150.0,47800.0,47100.0,47650.0,952557.0
2025-04-21,055550,47650.0,48700.0,47650.0,48700.0,988741.0
2025-04-22,055550,48400.0,48750.0,48100.0,48450.0,1032942.0
2025-04-23,055550,48750.0,49200.0,48500.0,48900.0,1135450.0
2025-04-24,055550,48800.0,49100.0,48550.0,48750.0,673535.0
2025-04-25,055550,49300.0,50200.0,49200.0,49750.0,1675511.0
2025-04-28,055550,49800.0,50200.0,49200.0,49350.0,965057.0
2025-04-29,055550,49350.0,51000.0,49300.0,50400.0,1279248.0
2025-04-30,055550,50400.0,51800.0,50400.0,51400.0,1685443.0
2025-05-02,055550,51100.0,51600.0,50600.0,51200.0,993916.0
2025-05-07,055550,52000.0,52300.0,51100.0,51100.0,1328471.0
2025-05-08,055550,50700.0,51300.0,50600.0,50900.0,1398474.0
2025-05-09,055550,50700.0,51100.0,50300.0,50700.0,808671.0
2025-05-12,055550,51200.0,51800.0,51000.0,51700.0,854870.0
2025-05-13,055550,51000.0,52100.0,50900.0,51800.0,1298922.0
2025-05-14,055550,51700.0,52400.0,51500.0,51800.0,1027546.0
2025-05-15,055550,51400.0,52300.0,51400.0,51700.0,587678.0
2025-05-16,055550,51500.0,52200.0,51200.0,51800.0,554587.0
2025-05-19,055550,51800.0,52800.0,51700.0,52100.0,761439.0
2025-05-20,055550,52600.0,53800.0,52600.0,53800.0,1332387.0
2025-05-21,055550,53900.0,54300.0,53600.0,53800.0,855647.0
2025-05-22,055550,53500.0,54400.0,53200.0,54100.0,1131984.0
2025-05-23,055550,54300.0,55600.0,54100.0,55100.0,1073338.0
2025-05-26,055550,55400.0,56300.0,55300.0,56300.0,1059211.0
2025-05-27,055550,55800.0,56800.0,55700.0,56500.0,891251.0
2025-05-28,055550,56600.0,57200.0,55900.0,56600.0,1164221.0
2025-05-29,055550,56800.0,57800.0,56300.0,57500.0,977099.0
2025-05-30,055550,57400.0,58400.0,57300.0,58100.0,2273662.0
2025-06-02,055550,57600.0,58100.0,55000.0,55800.0,1899090.0
2025-06-04,055550,55300.0,59900.0,55300.0,59900.0,2590648.0
2025-06-05,055550,59700.0,60100.0,58400.0,59200.0,1767739.0
2025-06-09,055550,59500.0,60900.0,59000.0,60400.0,2179222.0
2025-06-10,055550,60300.0,61700.0,59800.0,60900.0,1887065.0
2025-06-11,055550,60400.0,60600.0,58700.0,59800.0,1226916.0
2025-06-12,055550,59000.0,59600.0,58300.0,58600.0,1955484.0
2025-06-13,055550,58500.0,59400.0,57900.0,59000.0,2176121.0
2025-06-16,055550,59100.0,60700.0,58500.0,60600.0,966984.0
2025-06-17,055550,59700.0,61500.0,59500.0,60300.0,1683290.0
2025-06-18,055550,59100.0,60600.0,58100.0,59200.0,1643280.0
2025-06-19,055550,58700.0,59600.0,58600.0,59400.0,1357661.0
2025-06-20,055550,59400.0,60400.0,59200.0,59300.0,3768399.0
2025-06-23,055550,58800.0,60700.0,58800.0,60100.0,1172294.0
2025-06-24,055550,60700.0,62100.0,60600.0,61000.0,1615168.0
2025-06-25,055550,61100.0,61300.0,59800.0,60600.0,12851355.0
2025-06-26,055550,60800.0,61900.0,59200.0,59700.0,2136686.0
2025-06-27,055550,59800.0,61900.0,59700.0,60500.0,1643936.0
2025-06-30,055550,60600.0,61800.0,60400.0,61400.0,2251863.0
2025-07-01,055550,62000.0,63600.0,61700.0,62200.0,1752220.0
2025-07-02,055550,62300.0,62900.0,60800.0,61700.0,1585897.0
2025-07-03,055550,61700.0,63700.0,61600.0,63700.0,1444649.0
2025-07-04,055550,63800.0,64700.0,62900.0,63000.0,1697761.0
2025-07-07,055550,63400.0,66000.0,63100.0,66000.0,1734023.0
2025-07-08,055550,66000.0,72100.0,65700.0,71100.0,2971077.0
2025-07-09,055550,70800.0,71200.0,69000.0,69800.0,3382082.0
2025-07-10,055550,69800.0,70300.0,68500.0,69900.0,2246192.0
2025-07-11,055550,69200.0,70400.0,68200.0,69300.0,1522382.0
2025-07-14,055550,69200.0,72200.0,69200.0,71800.0,1533140.0
2025-07-15,055550,71100.0,71400.0,69900.0,70800.0,1164809.0
2025-07-16,055550,70900.0,71100.0,69050.0,69400.0,1537897.0
2025-07-17,055550,69500.0,70100.0,68300.0,69900.0,1556798.0
2025-07-18,055550,69900.0,70400.0,68000.0,68900.0,796990.0
2025-07-21,055550,68500.0,69500.0,68200.0,69000.0,919832.0
2025-07-22,055550,68600.0,69400.0,67800.0,68200.0,834799.0
2025-07-23,055550,68500.0,69700.0,67600.0,68100.0,783907.0
2025-07-24,055550,68700.0,70400.0,68700.0,69300.0,1032416.0
2025-07-25,055550,68700.0,73500.0,68200.0,71200.0,2558748.0
2025-07-28,055550,70600.0,70900.0,66500.0,67200.0,2257335.0
2025-07-29,055550,65500.0,69500.0,65500.0,68800.0,1781828.0
2025-07-30,055550,68500.0,69200.0,68200.0,68900.0,900021.0
2025-07-31,055550,68200.0,68600.0,67200.0,68000.0,957023.0
2025-08-01,055550,66800.0,67200.0,64800.0,65100.0,1436739.0
2025-08-04,055550,65300.0,66400.0,65000.0,65900.0,1276777.0
2025-08-05,055550,67700.0,68600.0,67200.0,68000.0,1355211.0
2025-08-06,055550,67500.0,68800.0,67500.0,68700.0,857830.0
2025-08-07,055550,68500.0,69400.0,68400.0,69200.0,951223.0
2025-08-08,055550,68600.0,69400.0,68300.0,69200.0,695017.0
2025-08-11,055550,69300.0,69900.0,68700.0,69400.0,624850.0
2025-08-12,055550,69200.0,71200.0,69200.0,70000.0,979715.0
2025-08-13,055550,70300.0,71000.0,69000.0,69400.0,812202.0
2025-08-14,055550,69700.0,71100.0,69100.0,69100.0,1291496.0
2025-08-18,055550,69000.0,69100.0,67000.0,67500.0,1490270.0
2025-08-19,055550,69000.0,69000.0,66800.0,67400.0,1239749.0
2025-08-20,055550,68000.0,68300.0,65600.0,66900.0,1797034.0
2025-08-21,055550,67400.0,68300.0,66800.0,67000.0,1302976.0
2025-08-22,055550,67100.0,67800.0,66600.0,66700.0,1166963.0
2025-08-25,055550,67200.0,67700.0,66200.0,66700.0,988096.0
2025-08-26,055550,66600.0,66700.0,65000.0,65000.0,3442595.0
2025-08-27,055550,65000.0,66000.0,64900.0,65700.0,1025055.0
2025-08-28,055550,65400.0,67100.0,65300.0,66100.0,973152.0
2025-08-29,055550,65900.0,66200.0,64700.0,65300.0,1123131.0
2025-09-01,055550,65500.0,65600.0,63600.0,64000.0,991727.0
2025-09-02,055550,63900.0,64900.0,63800.0,64900.0,788902.0
2025-09-03,055550,65600.0,65600.0,64800.0,65600.0,803871.0
2025-09-04,055550,64800.0,65300.0,63800.0,64500.0,874183.0
2025-09-05,055550,64300.0,64900.0,64200.0,64600.0,736413.0
2025-09-08,055550,64500.0,64600.0,63700.0,64400.0,647824.0
2025-09-09,055550,64700.0,65500.0,64300.0,65300.0,1327669.0
2025-09-10,055550,65300.0,68300.0,64700.0,67500.0,2320970.0
2025-09-11,055550,67200.0,68000.0,66900.0,67800.0,2324459.0
2025-09-12,055550,68900.0,69400.0,68100.0,69300.0,1537108.0
2025-09-15,055550,68600.0,70600.0,68400.0,69900.0,1474243.0
2025-09-16,055550,70000.0,71400.0,69600.0,70900.0,1419816.0
2025-09-17,055550,70500.0,70500.0,69200.0,69700.0,1201636.0
2025-09-18,055550,69200.0,69800.0,68200.0,69000.0,1305008.0
2025-09-19,055550,68400.0,69800.0,68100.0,69800.0,2749337.0
2025-09-22,055550,69800.0,70600.0,69500.0,69500.0,818240.0
2025-09-23,055550,69300.0,70400.0,69100.0,69900.0,977953.0
2025-09-24,055550,70000.0,70200.0,68700.0,69100.0,981893.0
2025-09-25,055550,69300.0,70900.0,69100.0,69800.0,1239133.0
2025-09-26,055550,69200.0,69900.0,68800.0,69200.0,1613570.0
2025-09-29,055550,71000.0,71300.0,70400.0,70900.0,1246294.0
2025-09-30,055550,71000.0,71500.0,70500.0,70800.0,1592794.0
2025-10-01,055550,70500.0,71300.0,70300.0,70500.0,717150.0
2025-10-02,055550,71000.0,72600.0,70800.0,71400.0,1851325.0
2025-10-10,055550,71400.0,72800.0,70700.0,72000.0,2295623.0
2025-10-13,055550,72100.0,72300.0,69600.0,70400.0,1857406.0
2025-10-14,055550,69600.0,70100.0,68100.0,68400.0,1277396.0
2025-10-15,055550,69300.0,71200.0,69300.0,71100.0,1062558.0
2025-10-16,055550,71200.0,72700.0,71100.0,72700.0,1244136.0
2025-10-17,055550,72000.0,73700.0,71400.0,73100.0,1129250.0
2025-10-20,055550,74100.0,75000.0,72100.0,74400.0,1280106.0
2025-10-21,055550,74200.0,77300.0,73700.0,73900.0,1033460.0
2025-10-22,055550,73600.0,74300.0,72600.0,74100.0,879014.0
2025-10-23,055550,72900.0,74900.0,72200.0,73300.0,974313.0
2025-10-24,055550,73600.0,74300.0,73400.0,73400.0,854727.0
2025-10-27,055550,73200.0,75400.0,73100.0,74500.0,860452.0
2025-10-28,055550,73700.0,74800.0,73200.0,74000.0,1112879.0
2025-10-29,055550,76000.0,76000.0,73100.0,74400.0,1534308.0
2025-10-30,055550,72600.0,75600.0,72500.0,73300.0,1580004.0
2025-10-31,055550,73400.0,74300.0,72500.0,73300.0,1355094.0
2025-11-03,055550,72600.0,74200.0,72500.0,74100.0,871014.0
2025-11-04,055550,73700.0,77500.0,73400.0,76400.0,1572032.0
2025-11-05,055550,78500.0,78500.0,74300.0,75300.0,1329671.0
2025-11-06,055550,76200.0,80500.0,75700.0,79200.0,1793927.0
2025-11-07,055550,80700.0,81000.0,77000.0,77400.0,1769624.0
2025-11-10,055550,80000.0,82000.0,78800.0,78800.0,2192476.0
2025-11-11,055550,77500.0,79800.0,77500.0,78000.0,1551727.0
2025-11-12,055550,77900.0,81500.0,77900.0,81400.0,1993050.0
2025-11-13,055550,81500.0,83900.0,80000.0,80700.0,1660698.0
2025-11-14,055550,80800.0,80900.0,79300.0,79600.0,731700.0
2025-11-17,055550,79000.0,79600.0,77700.0,78200.0,1009477.0
2025-11-18,055550,77700.0,78800.0,75500.0,76400.0,913382.0
2025-11-19,055550,77200.0,78000.0,76000.0,76700.0,1062065.0
2025-11-20,055550,77100.0,78050.0,76700.0,76700.0,732402.0
2025-11-21,055550,75600.0,77000.0,75100.0,77000.0,913178.0
2025-11-24,055550,77700.0,79000.0,76300.0,76300.0,2110616.0
2025-11-25,055550,77500.0,79000.0,77100.0,77500.0,956374.0
2025-11-26,055550,79000.0,79500.0,78200.0,79000.0,846976.0
2025-11-27,055550,78400.0,79700.0,78000.0,78300.0,646356.0
2025-11-28,055550,78100.0,78500.0,77100.0,78000.0,1035489.0
2025-12-01,055550,78800.0,79800.0,78000.0,79700.0,1074044.0
2025-12-02,055550,79700.0,82300.0,79300.0,81400.0,2024541.0
2025-12-03,055550,81100.0,81400.0,79700.0,79900.0,1198843.0
2025-12-04,055550,79300.0,79800.0,78500.0,78700.0,1088335.0
2025-12-05,055550,79200.0,80400.0,78800.0,80200.0,742348.0
2025-12-08,055550,80000.0,80000.0,77300.0,78000.0,1049583.0
2025-12-09,055550,78800.0,78800.0,77500.0,78400.0,760299.0
2025-12-10,055550,78600.0,78700.0,76800.0,77300.0,845794.0
2025-12-11,055550,78000.0,78400.0,77100.0,77100.0,1439842.0
2025-12-12,055550,78200.0,78500.0,77500.0,77700.0,892297.0
2025-12-15,055550,77700.0,78200.0,76900.0,77200.0,822037.0
2025-12-16,055550,77300.0,77650.0,75200.0,75800.0,1842576.0
2025-12-17,055550,76600.0,77200.0,75900.0,76400.0,1054815.0
2025-12-18,055550,76700.0,76900.0,75500.0,76200.0,824462.0
2025-12-19,055550,77000.0,77900.0,76500.0,77300.0,1703877.0
2025-12-22,055550,78800.0,78900.0,77800.0,78600.0,746752.0
2025-12-23,055550,78200.0,78500.0,75900.0,76500.0,712754.0
2025-12-24,055550,77100.0,78100.0,77100.0,77800.0,667157.0
2025-12-26,055550,77400.0,77400.0,76200.0,76800.0,446463.0
2025-12-29,055550,75600.0,77900.0,74600.0,77900.0,673510.0
2025-12-30,055550,76900.0,77300.0,76500.0,76900.0,556030.0
2026-01-02,055550,76600.0,77100.0,76000.0,76600.0,640114.0
2026-01-05,055550,77000.0,79300.0,76600.0,79100.0,1031715.0
2026-01-06,055550,79600.0,80900.0,79200.0,80500.0,1225397.0
2026-01-07,055550,79200.0,80200.0,78000.0,79000.0,1137444.0
2026-01-08,055550,78900.0,78900.0,76900.0,77500.0,1076940.0
2026-01-09,055550,78000.0,78800.0,77500.0,77800.0,1054964.0
2026-01-12,055550,78500.0,78600.0,77200.0,78200.0,1099821.0
2026-01-13,055550,78100.0,78500.0,76700.0,78400.0,1153880.0
2026-01-14,055550,78400.0,80000.0,78100.0,79900.0,1006405.0
2026-01-15,055550,80000.0,80800.0,78600.0,79400.0,1160986.0
2026-01-16,055550,79600.0,79800.0,78700.0,79200.0,1049256.0
2026-01-19,055550,78700.0,80400.0,78000.0,79700.0,970849.0
2026-01-20,055550,78900.0,82400.0,78800.0,81900.0,1709340.0
2026-01-21,055550,82300.0,82300.0,80000.0,81200.0,1201441.0
2026-01-22,055550,81700.0,83500.0,81000.0,82900.0,1661244.0
2026-01-23,055550,83000.0,83900.0,81800.0,83900.0,1652599.0
2026-01-26,055550,83900.0,84500.0,82400.0,82400.0,1238425.0
2026-01-27,055550,82700.0,86500.0,82500.0,86100.0,1650498.0
2026-01-28,055550,84900.0,87000.0,83600.0,83800.0,1383211.0
2026-01-29,055550,85800.0,85800.0,83400.0,85100.0,1386473.0
2026-01-30,055550,84800.0,86400.0,83800.0,84300.0,1651120.0
2026-02-02,055550,85000.0,88000.0,82000.0,82500.0,1592537.0
2026-02-03,055550,85500.0,88000.0,85000.0,88000.0,1479759.0
2026-02-04,055550,92000.0,92500.0,87000.0,90300.0,1845534.0
2026-02-05,055550,90300.0,91700.0,88600.0,90900.0,1254944.0
2026-02-06,055550,90100.0,93600.0,87800.0,93600.0,2556081.0
2026-02-09,055550,96000.0,97000.0,93000.0,93400.0,1997017.0
2026-02-10,055550,95700.0,99000.0,94800.0,97900.0,1501360.0
2026-02-11,055550,97800.0,101000.0,97800.0,100900.0,1648821.0
2026-02-12,055550,105600.0,107200.0,101100.0,106000.0,2276252.0
2026-02-13,055550,105200.0,106200.0,102400.0,102500.0,3014041.0
2026-02-19,055550,102500.0,103400.0,99500.0,100300.0,2354745.0
2026-02-20,055550,101000.0,102600.0,100200.0,102000.0,1540884.0
2026-02-23,055550,102900.0,102900.0,100900.0,101800.0,1403896.0
2026-02-24,055550,103800.0,103800.0,97900.0,100900.0,1893566.0
2026-02-25,055550,100300.0,100800.0,98500.0,99500.0,1873831.0
2026-02-26,055550,99500.0,100400.0,98300.0,99900.0,2054336.0
2026-02-27,055550,99500.0,99500.0,96400.0,96900.0,3007690.0
2026-03-03,055550,95900.0,98300.0,95200.0,96700.0,2289926.0
2026-03-04,055550,94500.0,94600.0,85000.0,88800.0,3419674.0
2026-03-05,055550,95000.0,96200.0,92100.0,92900.0,2972109.0
2026-03-06,055550,89000.0,91800.0,89000.0,91800.0,2033531.0
2026-03-09,055550,85700.0,89700.0,83700.0,88500.0,1991947.0
2026-03-10,055550,90800.0,92700.0,88000.0,89200.0,1967408.0
2026-03-11,055550,90900.0,94200.0,90300.0,91100.0,2055895.0
2026-03-12,055550,91100.0,92500.0,89900.0,91900.0,1757642.0
2026-03-13,055550,87300.0,92700.0,87300.0,90800.0,2446601.0
2026-03-16,055550,89900.0,91200.0,88900.0,90000.0,1067616.0
2026-03-17,055550,91200.0,93300.0,90300.0,91200.0,1304315.0
2026-03-18,055550,93800.0,95500.0,92100.0,95000.0,2543008.0
2026-03-19,055550,93000.0,96700.0,92200.0,96500.0,1262052.0
2026-03-20,055550,95900.0,98800.0,95800.0,97900.0,3167172.0
2026-03-23,055550,94000.0,94600.0,89300.0,89900.0,2083701.0
2026-03-24,055550,91600.0,93600.0,88200.0,90000.0,1633427.0
2026-03-25,055550,92500.0,94000.0,91800.0,92100.0,1255340.0
2026-03-26,055550,93100.0,94600.0,92200.0,93400.0,1111630.0
2026-03-27,055550,93400.0,93900.0,90000.0,93500.0,1363436.0
2026-03-30,055550,88400.0,91300.0,87800.0,90500.0,1084400.0
2026-03-31,055550,89000.0,89600.0,87300.0,87700.0,1790364.0
2026-04-01,055550,93900.0,94200.0,91000.0,93300.0,1323951.0
2026-04-02,055550,95000.0,97300.0,90800.0,91700.0,1038396.0
2026-04-03,055550,93500.0,94800.0,91500.0,91800.0,558564.0
2026-04-06,055550,92200.0,94400.0,91800.0,92900.0,674005.0
2026-04-07,055550,91800.0,94500.0,91300.0,91400.0,890817.0
2026-04-08,055550,96300.0,98400.0,95600.0,96700.0,1289184.0
2026-04-09,055550,97200.0,98900.0,96400.0,96600.0,1334538.0
2026-04-10,055550,97000.0,99800.0,97000.0,98700.0,630191.0
2026-04-13,055550,96900.0,98900.0,96300.0,98300.0,634338.0
2026-04-14,055550,98700.0,100000.0,98300.0,98300.0,920893.0
2026-04-15,055550,100000.0,100900.0,99200.0,99800.0,1147263.0
2026-04-16,055550,101200.0,101200.0,99500.0,99900.0,1011060.0
2026-04-17,055550,99600.0,100600.0,99400.0,99600.0,665036.0
2026-04-20,055550,100900.0,101400.0,99600.0,100000.0,648379.0
2026-04-21,055550,100000.0,100500.0,99200.0,99800.0,574865.0
2026-04-22,055550,99300.0,99400.0,97700.0,98600.0,1085847.0
2026-04-23,055550,98700.0,100000.0,97000.0,99900.0,1173646.0
2026-04-24,055550,100000.0,101200.0,99100.0,100000.0,1046117.0
2026-04-27,055550,101300.0,101300.0,99200.0,99700.0,1224148.0
2026-04-28,055550,100000.0,100200.0,99100.0,99900.0,1078329.0
2026-04-29,055550,100000.0,100000.0,98500.0,100000.0,1568495.0
2026-04-30,055550,99000.0,101000.0,99000.0,99900.0,1660803.0
2026-05-04,055550,101100.0,101300.0,97800.0,98000.0,1775875.0
2026-05-06,055550,97900.0,99900.0,97300.0,97300.0,1629888.0
2026-05-07,055550,98000.0,99700.0,96100.0,98900.0,1592277.0
2026-05-08,055550,99400.0,99700.0,97800.0,98000.0,1318573.0
2026-05-11,055550,98100.0,99900.0,96900.0,97200.0,1444394.0
2026-05-12,055550,98600.0,99000.0,94500.0,96700.0,1588028.0
2026-05-13,055550,98700.0,98800.0,94700.0,95200.0,1080975.0
2026-05-14,055550,95200.0,96800.0,93400.0,96800.0,1563957.0
2026-05-15,055550,96600.0,97300.0,93100.0,95100.0,1544275.0
2026-05-18,055550,95900.0,96000.0,91100.0,93100.0,1200095.0
2026-05-19,055550,92500.0,95600.0,92100.0,93900.0,1459581.0
2026-05-20,055550,96400.0,96500.0,92900.0,94000.0,1185712.0
2026-05-21,055550,95500.0,96700.0,94500.0,94800.0,904851.0
2026-05-22,055550,96900.0,99300.0,95500.0,98200.0,1064030.0
2026-05-26,055550,98200.0,99300.0,95800.0,96000.0,896531.0
2026-05-27,055550,96500.0,97300.0,94500.0,95000.0,972307.0
2026-05-28,055550,94800.0,95100.0,91000.0,92800.0,1081678.0
2026-05-29,055550,94400.0,94800.0,91700.0,93600.0,2778385.0
2026-06-01,055550,93600.0,93600.0,93600.0,93600.0,0.0
2025-01-13,105560,87800.0,90500.0,87600.0,89300.0,1407611.0
2025-01-14,105560,89000.0,89800.0,87800.0,88800.0,918143.0
2025-01-15,105560,88700.0,90700.0,88700.0,89900.0,937623.0
2025-01-16,105560,91500.0,91700.0,89800.0,90400.0,791640.0
2025-01-17,105560,89500.0,90400.0,88400.0,88600.0,926849.0
2025-01-20,105560,88300.0,89500.0,87900.0,88800.0,380114.0
2025-01-21,105560,89600.0,90100.0,88100.0,88900.0,478811.0
2025-01-22,105560,89900.0,90000.0,88900.0,89400.0,764445.0
2025-01-23,105560,89800.0,91000.0,88600.0,88600.0,771073.0
2025-01-24,105560,88600.0,89100.0,87800.0,88900.0,1024781.0
2025-01-31,105560,89700.0,91900.0,89700.0,91700.0,2113398.0
2025-02-03,105560,91600.0,92000.0,88100.0,88800.0,970789.0
2025-02-04,105560,90000.0,92000.0,89700.0,91300.0,1272273.0
2025-02-05,105560,92300.0,93300.0,90400.0,91000.0,898948.0
2025-02-06,105560,87900.0,88000.0,83100.0,84900.0,3473264.0
2025-02-07,105560,85900.0,86300.0,84900.0,86000.0,2067392.0
2025-02-10,105560,85900.0,86900.0,84900.0,84900.0,1409776.0
2025-02-11,105560,85100.0,85600.0,83800.0,84200.0,1278762.0
2025-02-12,105560,83200.0,85000.0,81900.0,82000.0,1948739.0
2025-02-13,105560,82000.0,82100.0,79100.0,79400.0,3880882.0
2025-02-14,105560,79100.0,80200.0,78700.0,79700.0,2655434.0
2025-02-17,105560,79200.0,81100.0,77600.0,81000.0,2650482.0
2025-02-18,105560,81000.0,82300.0,80600.0,82100.0,1279204.0
2025-02-19,105560,82400.0,82600.0,81800.0,82200.0,1334119.0
2025-02-20,105560,83000.0,83400.0,81300.0,82700.0,1698239.0
2025-02-21,105560,82600.0,83500.0,82300.0,82700.0,1662225.0
2025-02-24,105560,82700.0,83300.0,81700.0,82000.0,1001661.0
2025-02-25,105560,81400.0,82200.0,81300.0,81400.0,798719.0
2025-02-26,105560,82000.0,82100.0,80700.0,81500.0,1264119.0
2025-02-27,105560,81500.0,81500.0,79900.0,80800.0,1512909.0
2025-02-28,105560,80100.0,80700.0,78300.0,78300.0,1490037.0
2025-03-04,105560,78500.0,79200.0,77100.0,77900.0,1154886.0
2025-03-05,105560,79200.0,79600.0,76400.0,76600.0,1562477.0
2025-03-06,105560,77800.0,79200.0,77500.0,78600.0,1559898.0
2025-03-07,105560,78600.0,79200.0,77700.0,77700.0,1168545.0
2025-03-10,105560,77000.0,79000.0,76600.0,78500.0,961703.0
2025-03-11,105560,78000.0,78300.0,76500.0,77400.0,1259132.0
2025-03-12,105560,77800.0,78100.0,76400.0,76900.0,1425883.0
2025-03-13,105560,77400.0,79800.0,77300.0,78600.0,2826631.0
2025-03-14,105560,77500.0,80000.0,77100.0,78300.0,1596060.0
2025-03-17,105560,79100.0,79900.0,78400.0,78900.0,804423.0
2025-03-18,105560,79900.0,81100.0,79800.0,80200.0,1164823.0
2025-03-19,105560,80800.0,81700.0,80400.0,81200.0,907656.0
2025-03-20,105560,82200.0,82700.0,81600.0,82300.0,1260292.0
2025-03-21,105560,81100.0,83300.0,80500.0,81300.0,2609924.0
2025-03-24,105560,81100.0,82100.0,80700.0,81800.0,808002.0
2025-03-25,105560,81000.0,82000.0,80100.0,81900.0,1311376.0
2025-03-26,105560,81700.0,82700.0,81700.0,81800.0,970252.0
2025-03-27,105560,81500.0,82000.0,79900.0,80200.0,1149285.0
2025-03-28,105560,80700.0,80700.0,78500.0,78700.0,1041894.0
2025-03-31,105560,78200.0,79800.0,77800.0,79000.0,1578278.0
2025-04-01,105560,80100.0,81200.0,79000.0,79600.0,727852.0
2025-04-02,105560,80700.0,81100.0,80000.0,80500.0,867214.0
2025-04-03,105560,77300.0,78300.0,76800.0,77100.0,1550963.0
2025-04-04,105560,75700.0,78300.0,75700.0,77700.0,1379580.0
2025-04-07,105560,74300.0,74400.0,71800.0,72300.0,1936293.0
2025-04-08,105560,71700.0,72500.0,69500.0,70500.0,2165054.0
2025-04-09,105560,70500.0,71200.0,69300.0,70900.0,1189462.0
2025-04-10,105560,74900.0,75900.0,72500.0,75900.0,1781664.0
2025-04-11,105560,73200.0,75600.0,73000.0,75200.0,1080402.0
2025-04-14,105560,75600.0,77000.0,75000.0,76100.0,751964.0
2025-04-15,105560,76700.0,78200.0,76100.0,78000.0,653537.0
2025-04-16,105560,78500.0,80000.0,77800.0,80000.0,997030.0
2025-04-17,105560,80000.0,80400.0,79100.0,80300.0,976299.0
2025-04-18,105560,79900.0,82600.0,79700.0,82400.0,1199689.0
2025-04-21,105560,82400.0,83000.0,81400.0,82800.0,508614.0
2025-04-22,105560,82900.0,83700.0,82100.0,83400.0,1003736.0
2025-04-23,105560,84400.0,85000.0,83800.0,85000.0,942291.0
2025-04-24,105560,85500.0,85500.0,83900.0,84600.0,1093828.0
2025-04-25,105560,86300.0,87300.0,85300.0,86900.0,1432921.0
2025-04-28,105560,87200.0,87700.0,86200.0,86600.0,623326.0
2025-04-29,105560,87100.0,88000.0,86600.0,87800.0,1335130.0
2025-04-30,105560,88100.0,90200.0,87700.0,90200.0,1614509.0
2025-05-02,105560,91000.0,93200.0,89900.0,93200.0,1764271.0
2025-05-07,105560,94800.0,94900.0,93500.0,93600.0,1441226.0
2025-05-08,105560,93500.0,94500.0,93200.0,94500.0,1286335.0
2025-05-09,105560,92200.0,93100.0,91500.0,92000.0,1083392.0
2025-05-12,105560,91300.0,92900.0,90800.0,92200.0,894041.0
2025-05-13,105560,91900.0,93100.0,91900.0,92600.0,981346.0
2025-05-14,105560,92700.0,94100.0,92600.0,93400.0,715874.0
2025-05-15,105560,92700.0,94700.0,92700.0,93600.0,535502.0
2025-05-16,105560,92700.0,94000.0,92500.0,93600.0,652372.0
2025-05-19,105560,94400.0,95800.0,93500.0,95000.0,971610.0
2025-05-20,105560,96200.0,96300.0,94900.0,96300.0,787613.0
2025-05-21,105560,96500.0,98200.0,96000.0,98000.0,1053819.0
2025-05-22,105560,96100.0,97700.0,96100.0,96700.0,768775.0
2025-05-23,105560,96800.0,99600.0,96700.0,99000.0,939884.0
2025-05-26,105560,100000.0,102000.0,99200.0,102000.0,1282596.0
2025-05-27,105560,101000.0,102000.0,100400.0,101900.0,1099027.0
2025-05-28,105560,101400.0,102400.0,99900.0,101000.0,1177541.0
2025-05-29,105560,100800.0,102900.0,100200.0,102700.0,1296257.0
2025-05-30,105560,102500.0,104900.0,102300.0,104300.0,3421277.0
2025-06-02,105560,103700.0,104800.0,98600.0,100000.0,1481522.0
2025-06-04,105560,100700.0,107900.0,100600.0,107900.0,2503826.0
2025-06-05,105560,107900.0,108000.0,104100.0,106300.0,2359607.0
2025-06-09,105560,106100.0,110700.0,105700.0,110700.0,2084938.0
2025-06-10,105560,110800.0,114800.0,108400.0,110900.0,2263281.0
2025-06-11,105560,110600.0,110600.0,106400.0,107200.0,1666674.0
2025-06-12,105560,107600.0,108100.0,105000.0,105900.0,2261184.0
2025-06-13,105560,105900.0,107200.0,104700.0,106000.0,1482722.0
2025-06-16,105560,106200.0,108100.0,104800.0,107800.0,1036382.0
2025-06-17,105560,106800.0,109300.0,106200.0,107100.0,1053976.0
2025-06-18,105560,106100.0,107800.0,105500.0,107000.0,1083459.0
2025-06-19,105560,107900.0,109000.0,105300.0,106700.0,1317751.0
2025-06-20,105560,107500.0,108500.0,106500.0,106500.0,3095365.0
2025-06-23,105560,107100.0,108200.0,105600.0,107600.0,1348050.0
2025-06-24,105560,109400.0,113200.0,108700.0,112300.0,1406979.0
2025-06-25,105560,113000.0,113200.0,108800.0,109500.0,1685148.0
2025-06-26,105560,111200.0,111300.0,108100.0,109900.0,824688.0
2025-06-27,105560,110000.0,112300.0,109500.0,110600.0,1045704.0
2025-06-30,105560,111500.0,113200.0,109500.0,110900.0,1265461.0
2025-07-01,105560,109800.0,112700.0,109800.0,110800.0,1391114.0
2025-07-02,105560,111200.0,113500.0,110100.0,113500.0,1583370.0
2025-07-03,105560,115000.0,116900.0,113400.0,116900.0,1495856.0
2025-07-04,105560,116900.0,117900.0,111300.0,112100.0,1003310.0
2025-07-07,105560,112100.0,114500.0,110900.0,114400.0,1096768.0
2025-07-08,105560,114100.0,122000.0,113700.0,122000.0,1777942.0
2025-07-09,105560,119600.0,120000.0,116500.0,118400.0,1947529.0
2025-07-10,105560,118000.0,118600.0,116200.0,116800.0,1638402.0
2025-07-11,105560,116800.0,118300.0,116800.0,117300.0,981697.0
2025-07-14,105560,118000.0,119200.0,117500.0,118500.0,857015.0
2025-07-15,105560,116700.0,120000.0,116000.0,119600.0,986461.0
2025-07-16,105560,117500.0,117900.0,113300.0,113600.0,1684384.0
2025-07-17,105560,112800.0,115100.0,112600.0,114800.0,1249850.0
2025-07-18,105560,115000.0,115500.0,112300.0,113400.0,627930.0
2025-07-21,105560,115400.0,115600.0,114100.0,115000.0,739614.0
2025-07-22,105560,114600.0,116500.0,113800.0,114600.0,895670.0
2025-07-23,105560,117500.0,117500.0,114300.0,115300.0,834382.0
2025-07-24,105560,116900.0,118400.0,115800.0,117200.0,1021966.0
2025-07-25,105560,120300.0,126600.0,117300.0,118800.0,2075925.0
2025-07-28,105560,117600.0,117800.0,109600.0,110500.0,1481084.0
2025-07-29,105560,109400.0,112300.0,109200.0,111300.0,1459782.0
2025-07-30,105560,111400.0,113500.0,110000.0,112800.0,769200.0
2025-07-31,105560,111700.0,112700.0,110300.0,110900.0,1564300.0
2025-08-01,105560,107800.0,108500.0,105800.0,106000.0,1884341.0
2025-08-04,105560,106700.0,108900.0,106600.0,108400.0,1262668.0
2025-08-05,105560,111500.0,113500.0,109800.0,112400.0,1242108.0
2025-08-06,105560,112500.0,115600.0,112100.0,115600.0,892654.0
2025-08-07,105560,115100.0,115400.0,113700.0,115000.0,685853.0
2025-08-08,105560,113900.0,114600.0,112400.0,113500.0,647277.0
2025-08-11,105560,113600.0,114000.0,112500.0,112700.0,676713.0
2025-08-12,105560,113200.0,116900.0,112600.0,114100.0,672113.0
2025-08-13,105560,114600.0,115700.0,113100.0,114600.0,601859.0
2025-08-14,105560,115800.0,116300.0,113200.0,113200.0,786457.0
2025-08-18,105560,111300.0,111900.0,107000.0,107200.0,1645279.0
2025-08-19,105560,107500.0,109400.0,106000.0,109400.0,1262756.0
2025-08-20,105560,110400.0,110500.0,106200.0,109500.0,1069376.0
2025-08-21,105560,109900.0,110500.0,108900.0,109700.0,590448.0
2025-08-22,105560,110900.0,111200.0,108300.0,108400.0,601840.0
2025-08-25,105560,109300.0,110400.0,109100.0,110300.0,447114.0
2025-08-26,105560,109700.0,109900.0,107700.0,108300.0,1759014.0
2025-08-27,105560,108000.0,109000.0,107000.0,108500.0,532960.0
2025-08-28,105560,108000.0,110700.0,107100.0,109100.0,727736.0
2025-08-29,105560,109200.0,110300.0,108200.0,108200.0,690061.0
2025-09-01,105560,109400.0,109400.0,107000.0,107100.0,449563.0
2025-09-02,105560,106600.0,108950.0,106600.0,108800.0,445897.0
2025-09-03,105560,109800.0,110200.0,109000.0,110200.0,561813.0
2025-09-04,105560,108800.0,109900.0,108000.0,108500.0,579726.0
2025-09-05,105560,108400.0,109300.0,108100.0,108600.0,473392.0
2025-09-08,105560,108600.0,108700.0,105800.0,106700.0,1060961.0
2025-09-09,105560,107500.0,109900.0,106900.0,109900.0,969437.0
2025-09-10,105560,111200.0,118000.0,110200.0,117600.0,1549054.0
2025-09-11,105560,117000.0,117600.0,114900.0,117600.0,1307952.0
2025-09-12,105560,119400.0,119800.0,117300.0,119300.0,1088302.0
2025-09-15,105560,117500.0,121500.0,117500.0,119600.0,1016593.0
2025-09-16,105560,119600.0,120300.0,117800.0,117800.0,961524.0
2025-09-17,105560,117600.0,118600.0,117500.0,118300.0,645617.0
2025-09-18,105560,117800.0,118300.0,115600.0,117400.0,719010.0
2025-09-19,105560,115800.0,117400.0,115400.0,116500.0,1313729.0
2025-09-22,105560,117400.0,118100.0,115600.0,116900.0,629902.0
2025-09-23,105560,116800.0,117700.0,115200.0,115400.0,824229.0
2025-09-24,105560,116400.0,117400.0,114600.0,115300.0,472792.0
2025-09-25,105560,114900.0,116500.0,113800.0,114300.0,621748.0
2025-09-26,105560,113400.0,113950.0,111900.0,112700.0,852956.0
2025-09-29,105560,113800.0,116100.0,113500.0,115700.0,582740.0
2025-09-30,105560,114600.0,115500.0,114100.0,115500.0,960038.0
2025-10-01,105560,114900.0,116300.0,114600.0,116300.0,714154.0
2025-10-02,105560,117000.0,119300.0,115300.0,116800.0,1308296.0
2025-10-10,105560,113500.0,115000.0,111500.0,112800.0,1938571.0
2025-10-13,105560,112800.0,113100.0,110500.0,111600.0,796197.0
2025-10-14,105560,110100.0,112200.0,109200.0,110900.0,675180.0
2025-10-15,105560,112200.0,115900.0,112000.0,115700.0,1145113.0
2025-10-16,105560,112300.0,115200.0,112200.0,113700.0,883484.0
2025-10-17,105560,112500.0,115900.0,112400.0,114000.0,798346.0
2025-10-20,105560,115000.0,118500.0,113000.0,118200.0,875613.0
2025-10-21,105560,118500.0,120600.0,116000.0,116500.0,932529.0
2025-10-22,105560,116200.0,116500.0,114500.0,115800.0,850669.0
2025-10-23,105560,114500.0,116500.0,113800.0,114800.0,763855.0
2025-10-24,105560,115000.0,115900.0,113800.0,113800.0,773644.0
2025-10-27,105560,114800.0,118600.0,114000.0,118000.0,1030435.0
2025-10-28,105560,116100.0,117200.0,115000.0,116400.0,1203541.0
2025-10-29,105560,118300.0,119600.0,114700.0,116000.0,1013640.0
2025-10-30,105560,114700.0,119100.0,114600.0,115800.0,930628.0
2025-10-31,105560,115300.0,118100.0,114800.0,116600.0,1236699.0
2025-11-03,105560,115700.0,118300.0,115600.0,118000.0,664243.0
2025-11-04,105560,118400.0,124700.0,117200.0,121900.0,1360025.0
2025-11-05,105560,124600.0,124600.0,119200.0,121600.0,1326347.0
2025-11-06,105560,124000.0,128600.0,123100.0,125300.0,1719636.0
2025-11-07,105560,128000.0,128800.0,122100.0,123700.0,1513815.0
2025-11-10,105560,129000.0,132500.0,126100.0,129000.0,1910240.0
2025-11-11,105560,130000.0,133500.0,128600.0,130700.0,1515015.0
2025-11-12,105560,129300.0,135700.0,129100.0,134700.0,1202883.0
2025-11-13,105560,137400.0,140000.0,132800.0,133500.0,1397564.0
2025-11-14,105560,132100.0,134700.0,129500.0,129500.0,1133586.0
2025-11-17,105560,128000.0,129300.0,126500.0,126800.0,1249457.0
2025-11-18,105560,125600.0,126700.0,122300.0,122500.0,838692.0
2025-11-19,105560,124500.0,125000.0,120800.0,122200.0,1087277.0
2025-11-20,105560,122300.0,123900.0,121200.0,121200.0,889274.0
2025-11-21,105560,115900.0,121500.0,115800.0,120500.0,714841.0
2025-11-24,105560,122900.0,123700.0,120300.0,120300.0,1596964.0
2025-11-25,105560,122500.0,124300.0,120400.0,121700.0,878115.0
2025-11-26,105560,122800.0,125500.0,122100.0,124700.0,983365.0
2025-11-27,105560,123600.0,125700.0,123600.0,123700.0,541036.0
2025-11-28,105560,124700.0,125300.0,123200.0,124800.0,685738.0
2025-12-01,105560,126400.0,127500.0,124500.0,126300.0,810275.0
2025-12-02,105560,128800.0,133600.0,127000.0,132000.0,1349596.0
2025-12-03,105560,132800.0,134300.0,130700.0,131700.0,1088544.0
2025-12-04,105560,130600.0,131200.0,128200.0,128800.0,888091.0
2025-12-05,105560,129800.0,131000.0,128100.0,130700.0,970532.0
2025-12-08,105560,130500.0,131400.0,126600.0,127900.0,918395.0
2025-12-09,105560,128300.0,128300.0,125100.0,126000.0,1023466.0
2025-12-10,105560,126500.0,126500.0,124000.0,124500.0,754983.0
2025-12-11,105560,125400.0,126900.0,124800.0,124800.0,979301.0
2025-12-12,105560,126000.0,126900.0,124600.0,126100.0,918020.0
2025-12-15,105560,126400.0,126600.0,124000.0,124900.0,674088.0
2025-12-16,105560,125100.0,126100.0,123300.0,123700.0,1164104.0
2025-12-17,105560,123900.0,124600.0,122700.0,124300.0,814424.0
2025-12-18,105560,124500.0,124500.0,122800.0,124000.0,685456.0
2025-12-19,105560,125200.0,125800.0,123200.0,125200.0,726248.0
2025-12-22,105560,126400.0,126500.0,125000.0,126500.0,521087.0
2025-12-23,105560,126800.0,127300.0,125300.0,126000.0,484510.0
2025-12-24,105560,125700.0,126600.0,125300.0,126100.0,318252.0
2025-12-26,105560,126000.0,126100.0,124300.0,124600.0,329428.0
2025-12-29,105560,122600.0,125600.0,121400.0,125600.0,462846.0
2025-12-30,105560,124100.0,125700.0,123700.0,124700.0,405215.0
2026-01-02,105560,123600.0,124700.0,122800.0,123300.0,648227.0
2026-01-05,105560,124200.0,127500.0,123500.0,126800.0,795417.0
2026-01-06,105560,127700.0,127800.0,125700.0,126400.0,928918.0
2026-01-07,105560,125000.0,126300.0,123700.0,124700.0,879963.0
2026-01-08,105560,125200.0,125200.0,122300.0,123500.0,904618.0
2026-01-09,105560,124600.0,127800.0,123500.0,126600.0,1006164.0
2026-01-12,105560,127000.0,127000.0,124600.0,125500.0,668915.0
2026-01-13,105560,126900.0,128500.0,125300.0,128500.0,759486.0
2026-01-14,105560,128700.0,129200.0,126400.0,128900.0,671803.0
2026-01-15,105560,130100.0,133200.0,129300.0,130100.0,997830.0
2026-01-16,105560,131500.0,131900.0,128800.0,130900.0,743043.0
2026-01-19,105560,128800.0,130400.0,128000.0,129500.0,619937.0
2026-01-20,105560,128300.0,135000.0,127200.0,133100.0,1088716.0
2026-01-21,105560,131900.0,136800.0,130800.0,136800.0,1023965.0
2026-01-22,105560,136800.0,138900.0,134000.0,134700.0,1115532.0
2026-01-23,105560,133700.0,136000.0,133100.0,135600.0,857227.0
2026-01-26,105560,134800.0,138900.0,134700.0,135500.0,724794.0
2026-01-27,105560,137500.0,143600.0,136800.0,143000.0,1179043.0
2026-01-28,105560,141700.0,143000.0,136900.0,137900.0,1591428.0
2026-01-29,105560,139100.0,139100.0,134600.0,137800.0,1152291.0
2026-01-30,105560,137700.0,138800.0,135200.0,135200.0,1436454.0
2026-02-02,105560,137900.0,140500.0,132200.0,133700.0,1409820.0
2026-02-03,105560,138000.0,139300.0,136500.0,138800.0,922361.0
2026-02-04,105560,145000.0,145000.0,139300.0,142100.0,1429897.0
2026-02-05,105560,141900.0,144200.0,138200.0,139500.0,1036611.0
2026-02-06,105560,143900.0,154200.0,140000.0,149300.0,3931844.0
2026-02-09,105560,150500.0,152700.0,148800.0,151400.0,1668370.0
2026-02-10,105560,157300.0,160300.0,153300.0,155500.0,1876441.0
2026-02-11,105560,155500.0,165000.0,155400.0,164500.0,2186027.0
2026-02-12,105560,163800.0,168500.0,162400.0,168500.0,1821129.0
2026-02-13,105560,166800.0,170500.0,164000.0,167900.0,1772951.0
2026-02-19,105560,168800.0,169800.0,163700.0,166500.0,2035445.0
2026-02-20,105560,167400.0,169700.0,167100.0,168800.0,1321785.0
2026-02-23,105560,172500.0,172500.0,165100.0,168700.0,1349618.0
2026-02-24,105560,167500.0,169300.0,162000.0,166700.0,1478679.0
2026-02-25,105560,166300.0,169400.0,165100.0,167700.0,1144011.0
2026-02-26,105560,167400.0,167400.0,164300.0,165300.0,1373955.0
2026-02-27,105560,161100.0,164200.0,159000.0,159000.0,2686751.0
2026-03-03,105560,157500.0,158300.0,152500.0,153500.0,2412942.0
2026-03-04,105560,148300.0,149400.0,135100.0,137700.0,2845836.0
2026-03-05,105560,151400.0,153100.0,146900.0,149000.0,1934617.0
2026-03-06,105560,144500.0,150300.0,143200.0,147400.0,1238730.0
2026-03-09,105560,132900.0,143600.0,132900.0,142600.0,1439220.0
2026-03-10,105560,149700.0,150600.0,145300.0,147400.0,1371667.0
2026-03-11,105560,154100.0,157700.0,149900.0,151300.0,1451829.0
2026-03-12,105560,149200.0,150800.0,147500.0,149200.0,803427.0
2026-03-13,105560,143200.0,150800.0,143000.0,148900.0,1424028.0
2026-03-16,105560,149300.0,153200.0,147200.0,149300.0,957489.0
2026-03-17,105560,150800.0,153300.0,149700.0,150700.0,947530.0
2026-03-18,105560,152400.0,156300.0,152300.0,154700.0,1289740.0
2026-03-19,105560,151500.0,158900.0,150800.0,155700.0,954033.0
2026-03-20,105560,154200.0,158200.0,153500.0,155200.0,1114958.0
2026-03-23,105560,147900.0,150300.0,144100.0,145300.0,1121082.0
2026-03-24,105560,149000.0,150500.0,144100.0,146900.0,1118859.0
2026-03-25,105560,152100.0,152800.0,148700.0,149400.0,1431022.0
2026-03-26,105560,149500.0,153400.0,149000.0,152200.0,1058672.0
2026-03-27,105560,146500.0,153000.0,146100.0,152200.0,1216855.0
2026-03-30,105560,143500.0,148400.0,143000.0,145900.0,1294041.0
2026-03-31,105560,143900.0,145000.0,141400.0,141900.0,2259948.0
2026-04-01,105560,148000.0,150000.0,146600.0,148300.0,1752434.0
2026-04-02,105560,151300.0,155300.0,144500.0,146500.0,983517.0
2026-04-03,105560,148300.0,149400.0,145150.0,145500.0,543104.0
2026-04-06,105560,145800.0,149500.0,145100.0,147900.0,576084.0
2026-04-07,105560,146700.0,151900.0,146600.0,146700.0,684382.0
2026-04-08,105560,158200.0,159100.0,155000.0,156000.0,1252002.0
2026-04-09,105560,162700.0,162700.0,154100.0,154200.0,1002806.0
2026-04-10,105560,156000.0,159500.0,156000.0,158300.0,625014.0
2026-04-13,105560,156800.0,158100.0,155300.0,156600.0,889890.0
2026-04-14,105560,157600.0,159800.0,155800.0,155900.0,1033864.0
2026-04-15,105560,157400.0,161000.0,157400.0,158200.0,1706000.0
2026-04-16,105560,161000.0,163700.0,159500.0,162300.0,1216078.0
2026-04-17,105560,163000.0,163400.0,161100.0,162300.0,762368.0
2026-04-20,105560,166500.0,166500.0,160900.0,160900.0,747973.0
2026-04-21,105560,161200.0,162100.0,159600.0,160400.0,594032.0
2026-04-22,105560,159000.0,159000.0,155400.0,157400.0,1086402.0
2026-04-23,105560,155900.0,158000.0,155000.0,158000.0,1225606.0
2026-04-24,105560,157000.0,159000.0,156300.0,157400.0,1072760.0
2026-04-27,105560,157400.0,157800.0,155200.0,157400.0,884797.0
2026-04-28,105560,158900.0,159900.0,157100.0,158800.0,1175120.0
2026-04-29,105560,159300.0,161100.0,158000.0,160600.0,1014447.0
2026-04-30,105560,162200.0,163900.0,159400.0,160500.0,1640619.0
2026-05-04,105560,161500.0,163000.0,157700.0,157800.0,1452794.0
2026-05-06,105560,162100.0,162400.0,158000.0,158900.0,1597573.0
2026-05-07,105560,162300.0,162300.0,157900.0,161200.0,1342933.0
2026-05-08,105560,163200.0,164200.0,160300.0,161700.0,1223978.0
2026-05-11,105560,161000.0,163200.0,158200.0,158800.0,1775411.0
2026-05-12,105560,159400.0,159500.0,150800.0,153600.0,1749942.0
2026-05-13,105560,152800.0,155000.0,150900.0,152000.0,1284353.0
2026-05-14,105560,153500.0,156500.0,150700.0,156000.0,1283678.0
2026-05-15,105560,157500.0,159700.0,153300.0,155600.0,1530297.0
2026-05-18,105560,154900.0,155900.0,149300.0,153000.0,986810.0
2026-05-19,105560,150200.0,155300.0,149200.0,152800.0,1157980.0
2026-05-20,105560,155100.0,155500.0,149200.0,151700.0,1337443.0
2026-05-21,105560,154200.0,157200.0,153900.0,155800.0,827912.0
2026-05-22,105560,158000.0,161300.0,156100.0,160000.0,1111571.0
2026-05-26,105560,160100.0,162000.0,157300.0,157300.0,1048890.0
2026-05-27,105560,157800.0,158400.0,153300.0,153800.0,1180209.0
2026-05-28,105560,155100.0,155100.0,146700.0,149700.0,1497632.0
2026-05-29,105560,150100.0,153500.0,148200.0,150600.0,2006731.0
2026-06-01,105560,150600.0,150600.0,150600.0,150600.0,0.0
